project,type,eb_row,invoice_date,month,state,invoice_no,cos,rev,gp,gp_pct,category,description
1 Bolt Ave,Compliance,21,2025-09-30,2025-09,Realised,Schletter - INV2244,69250,178536.59,109286.59,61.2,3. Mounting Structures,Schletter Structure
1 Bolt Ave,Compliance,45,2025-09-30,2025-09,Realised,Accuenergy - ASAI-006478,22615.5,31168.85,8553.35,27.4,5. Monitoring,CTs & Meters
1 Bolt Ave,Compliance,48,2025-09-30,2025-09,Realised,Red Pole - SO-35912,975,1343.75,368.75,27.4,5. Monitoring,Lithium Battery
1 Bolt Ave,Compliance,82,2025-09-30,2025-09,Realised,Rbicon - INVWCRE-0070990,44000,87904.91,43904.91,49.9,8. Product Add On ,APEX & Emulator
1 Bolt Ave,Compliance,137,2025-09-30,2025-09,Realised,Expense Claims,28.56,62.9,34.34,54.6,14. General Expenses,Travel
1 Bolt Ave,Compliance,6,2025-10-31,2025-10,Realised,Krannich - 15-10014113,677100,982465.72,305365.72,31.1,1. Panels,Panels Budget - Assume 610W - Longi 610 (Krannich)
1 Bolt Ave,Compliance,7,2025-10-31,2025-10,Realised,Krannich - 15-10014113,14365.74,20844.55,6478.81,31.1,1. Panels,EPR Fees
1 Bolt Ave,Compliance,8,2025-10-31,2025-10,Realised,Krannich - 15-10014113,12900,18717.78,5817.78,31.1,1. Panels,Delivery
1 Bolt Ave,Compliance,13,2025-10-31,2025-10,Realised,Krannich - 15-10014113,195738,256097.56,60359.56,23.6,2. Inverters,Huawei 100KTL (Krannich)
1 Bolt Ave,Compliance,28,2025-10-31,2025-10,Realised,Menlo - INV0003329,109200,148263.87,39063.87,26.3,4. DC Equipment,DC Cable - Menlo SO0003713
1 Bolt Ave,Compliance,32,2025-10-31,2025-10,Realised,Leading Edge - INV-0158,22193.23,30132.37,7939.14,26.3,4. DC Equipment,Project Kick Off
1 Bolt Ave,Compliance,33,2025-10-31,2025-10,Realised,Leading Edge - INV-0159,22193.23,30132.37,7939.14,26.3,4. DC Equipment,Site Establishment
1 Bolt Ave,Compliance,44,2025-10-31,2025-10,Realised,Menlo - INV0003329,8598.34,11639.59,3041.25,26.1,5. Monitoring,Smartlogger - Menlo SO0003713
1 Bolt Ave,Compliance,46,2025-10-31,2025-10,Realised,Matriarch - INV-5207,11169,15320.09,4151.09,27.1,5. Monitoring,Techsitter
1 Bolt Ave,Compliance,47,2025-10-31,2025-10,Realised,DSV Inv: 180150385,206.91,283.81,76.9,27.1,5. Monitoring,Courier of Techsitter
1 Bolt Ave,Compliance,59,2025-10-31,2025-10,Realised,Leading Edge - INV-0158,17533.55,42903.64,25370.09,59.1,6. AC Equipment,Project Kick Off
1 Bolt Ave,Compliance,60,2025-10-31,2025-10,Realised,Leading Edge - INV-0159,17533.55,42903.64,25370.09,59.1,6. AC Equipment,Site Establishment
1 Bolt Ave,Compliance,84,2025-10-31,2025-10,Realised,Barrier Projects - 497,37875,75668.14,37793.14,49.9,8. Product Add On ,Catladder & Inverter Rack
1 Bolt Ave,Compliance,85,2025-10-31,2025-10,Realised,Barrier Projects - 497,37875,75668.14,37793.14,49.9,8. Product Add On ,
1 Bolt Ave,Compliance,93,2025-10-31,2025-10,Realised,Leading Edge - INV-0158,48187.5,48500.0,312.5,0.6,9. AC & DC installation,Project Kick Off
1 Bolt Ave,Compliance,94,2025-10-31,2025-10,Realised,Leading Edge - INV-0159,48187.5,48500.0,312.5,0.6,9. AC & DC installation,Site Establishment
1 Bolt Ave,Compliance,109,2025-10-31,2025-10,Realised,Leading Edge - INV-0158,13859.35,12824.24,-1035.11,-8.1,10. Site Logistics,Project Kick Off
1 Bolt Ave,Compliance,110,2025-10-31,2025-10,Realised,Leading Edge - INV-0159,13859.35,12824.24,-1035.11,-8.1,10. Site Logistics,Site Establishment
1 Bolt Ave,Compliance,138,2025-10-31,2025-10,Realised,Expense Claims,37,299.72,262.72,87.7,14. General Expenses,Travel
1 Bolt Ave,Compliance,34,2025-11-30,2025-11,Realised,Leading Edge - INV-0172,29590.98,40176.49,10585.51,26.3,4. DC Equipment,AC Installation Complete
1 Bolt Ave,Compliance,54,2025-11-30,2025-11,Realised,Switchboard - 2-SOI002605,130831.95,320138.65,189306.7,59.1,6. AC Equipment,PVDB
1 Bolt Ave,Compliance,61,2025-11-30,2025-11,Realised,Leading Edge - INV-0172,23378.07,57204.85,33826.78,59.1,6. AC Equipment,AC Installation Complete
1 Bolt Ave,Compliance,87,2025-11-30,2025-11,Realised,Leading Edge - INV-0169,29500,0,-29500,,8. Product Add On ,Walkway Installation
1 Bolt Ave,Compliance,88,2025-11-30,2025-11,Realised,Onvlee Engineering PO4662-Bolt-20251111,71592.3,0,-71592.3,,8. Product Add On ,Walkway Material
1 Bolt Ave,Compliance,95,2025-11-30,2025-11,Realised,Leading Edge - INV-0172,64250,64666.67,416.67,0.6,9. AC & DC installation,AC Installation Complete
1 Bolt Ave,Compliance,111,2025-11-30,2025-11,Realised,Leading Edge - INV-0172,18479.14,17098.99,-1380.15,-8.1,10. Site Logistics,AC Installation Complete
1 Bolt Ave,Compliance,139,2025-11-30,2025-11,Realised,Expense Claims,37,234.91,197.91,84.2,14. General Expenses,Travel
1 Bolt Ave,Compliance,9,2025-12-31,2025-12,Realised,Allocated from Cpt Storeroom,2257,0,-2257,,1. Panels,Panels from stock (Ziegler)
1 Bolt Ave,Compliance,35,2025-12-31,2025-12,Realised,Leading Edge - INV-0176,29590.98,40176.49,10585.51,26.3,4. DC Equipment,DC Installation Complete
1 Bolt Ave,Compliance,36,2025-12-31,2025-12,Realised,Leading Edge - INV-0177,14795.49,20088.25,5292.76,26.3,4. DC Equipment,Commissioning Complete
1 Bolt Ave,Compliance,37,2025-12-31,2025-12,Realised,Leading Edge - INV-0178,14795.49,20088.25,5292.76,26.3,4. DC Equipment,Site De-establisment
1 Bolt Ave,Compliance,38,2025-12-31,2025-12,Realised,Leading Edge - INV-0179,7397.74,10044.12,2646.38,26.3,4. DC Equipment,Handover Document Complete
1 Bolt Ave,Compliance,39,2025-12-31,2025-12,Realised,Leading Edge - INV-0180,7397.74,10044.12,2646.38,26.3,4. DC Equipment,End of Defects Period
1 Bolt Ave,Compliance,49,2025-12-31,2025-12,Realised,Allocated from Cpt Storeroom,1300,0,-1300,,5. Monitoring,Power Supply
1 Bolt Ave,Compliance,62,2025-12-31,2025-12,Realised,Leading Edge - INV-0176,23378.07,57204.85,33826.78,59.1,6. AC Equipment,DC Installation Complete
1 Bolt Ave,Compliance,63,2025-12-31,2025-12,Realised,Leading Edge - INV-0177,11689.03,28602.43,16913.4,59.1,6. AC Equipment,Commissioning Complete
1 Bolt Ave,Compliance,64,2025-12-31,2025-12,Realised,Leading Edge - INV-0178,11689.03,28602.43,16913.4,59.1,6. AC Equipment,Site De-establisment
1 Bolt Ave,Compliance,65,2025-12-31,2025-12,Realised,Leading Edge - INV-0179,5844.52,14301.21,8456.69,59.1,6. AC Equipment,Handover Document Complete
1 Bolt Ave,Compliance,66,2025-12-31,2025-12,Realised,Leading Edge - INV-0180,5844.52,14301.21,8456.69,59.1,6. AC Equipment,End of Defects Period
1 Bolt Ave,Compliance,96,2025-12-31,2025-12,Realised,Leading Edge - INV-0176,64250,64666.67,416.67,0.6,9. AC & DC installation,DC Installation Complete
1 Bolt Ave,Compliance,97,2025-12-31,2025-12,Realised,Leading Edge - INV-0177,32125,32333.33,208.33,0.6,9. AC & DC installation,Commissioning Complete
1 Bolt Ave,Compliance,98,2025-12-31,2025-12,Realised,Leading Edge - INV-0178,32125,32333.33,208.33,0.6,9. AC & DC installation,Site De-establisment
1 Bolt Ave,Compliance,99,2025-12-31,2025-12,Realised,Leading Edge - INV-0179,16062.5,16166.67,104.17,0.6,9. AC & DC installation,Handover Document Complete
1 Bolt Ave,Compliance,100,2025-12-31,2025-12,Realised,Leading Edge - INV-0180,16062.5,16166.67,104.17,0.6,9. AC & DC installation,End of Defects Period
1 Bolt Ave,Compliance,112,2025-12-31,2025-12,Realised,Leading Edge - INV-0176,18479.14,17098.99,-1380.15,-8.1,10. Site Logistics,DC Installation Complete
1 Bolt Ave,Compliance,113,2025-12-31,2025-12,Realised,Leading Edge - INV-0177,9239.57,8549.5,-690.07,-8.1,10. Site Logistics,Commissioning Complete
1 Bolt Ave,Compliance,114,2025-12-31,2025-12,Realised,Leading Edge - INV-0178,9239.57,8549.5,-690.07,-8.1,10. Site Logistics,Site De-establisment
1 Bolt Ave,Compliance,115,2025-12-31,2025-12,Realised,Leading Edge - INV-0179,4619.78,4274.75,-345.03,-8.1,10. Site Logistics,Handover Document Complete
1 Bolt Ave,Compliance,116,2025-12-31,2025-12,Realised,Leading Edge - INV-0180,4619.78,4274.75,-345.03,-8.1,10. Site Logistics,End of Defects Period
1 Bolt Ave,Compliance,140,2025-12-31,2025-12,Realised,Expense Claims,57.12,366.32,309.2,84.4,14. General Expenses,Travel
1 Bolt Ave,Compliance,89,2026-01-31,2026-01,Realised,Onvlee Engineering - CN 01001981,-5272.5,0,5272.5,,8. Product Add On ,Walkway Clamps
1 Bolt Ave,Compliance,90,2026-01-31,2026-01,Realised,Onvlee Engineering - ONV1702,10436.7,0,-10436.7,,8. Product Add On ,Walkway Clamps
1 Bolt Ave,Compliance,121,2026-01-31,2026-01,Realised,Sunspot E040,8750,72043.31,63293.31,87.9,11. Due Dilligence,Electrical PrEng sign off
1 Bolt Ave,Compliance,141,2026-01-31,2026-01,Realised,Expense Claims,109.48,520.69,411.21,79.0,14. General Expenses,Travel
1 Bolt Ave,Compliance,124,2026-02-28,2026-02,Realised,Matriarch - INV-6571,6000,49401.13,43401.13,87.9,11. Due Dilligence,Red Team Inspection
1 Bolt Ave,Compliance,130,2026-02-28,2026-02,Realised,Matriarch - INV-6570,41047.63,35569.06,-5478.57,-15.4,13. Engineering,Matriarch Defects Period - 1.25%
1 Bolt Ave,Compliance,142,2026-02-28,2026-02,Realised,Expense Claims,328.44,2326.68,1998.24,85.9,14. General Expenses,Travel
1 Bolt Ave,Compliance,80,2026-03-31,2026-03,Realised,UMFA - INV-11242,6621.08,0,-6621.08,,8. Product Add On ,Umfa - Metering CTs
1 Bolt Ave,Compliance,86,2026-03-31,2026-03,Unrealised,,0,93594.2,93594.2,100.0,8. Product Add On ,
1 Bolt Ave,Compliance,143,2026-03-31,2026-03,Realised,Expense Claims,0,3188.77,3188.77,100.0,14. General Expenses,Travel
12 Nourse,Active,119,2026-05-31,2026-05,Realised,L&B Consulting Inv: INV-2288,11525,7464.85,-4060.15,-54.4,11. Due Dilligence,Structural sign off
12 Nourse,Active,6,2026-06-30,2026-06,Planned,,1041600,1320828.14,279228.14,21.1,1. Panels,Panel Type TBC - 610W as placeholder
12 Nourse,Active,13,2026-06-30,2026-06,Planned,,272000,331707.32,59707.32,18.0,2. Inverters,Huawei 100KTL
12 Nourse,Active,21,2026-06-30,2026-06,Planned,,159364.8,228643.9,69279.1,30.3,3. Mounting Structures,Schletter Structure
12 Nourse,Active,28,2026-06-30,2026-06,Planned,,158000,199777.68,41777.68,20.9,4. DC Equipment,DC Cable
12 Nourse,Active,32,2026-06-30,2026-06,Planned,,19310.95,24417.07,5106.12,20.9,4. DC Equipment,Project Kick Off
12 Nourse,Active,33,2026-06-30,2026-06,Planned,,28966.43,36625.61,7659.18,20.9,4. DC Equipment,Site Establishment
12 Nourse,Active,44,2026-06-30,2026-06,Planned,,8500,10261.15,1761.15,17.2,5. Monitoring,Smartlogger 3000
12 Nourse,Active,45,2026-06-30,2026-06,Planned,,26000,31387.04,5387.04,17.2,5. Monitoring,CTs & Meters
12 Nourse,Active,46,2026-06-30,2026-06,Planned,,15000,18107.91,3107.91,17.2,5. Monitoring,Revenue Grade Meter
12 Nourse,Active,53,2026-06-30,2026-06,Planned,,143738.71,223496.3,79757.59,35.7,6. AC Equipment,PVDB
12 Nourse,Active,54,2026-06-30,2026-06,Planned,,15000,23323.18,8323.18,35.7,6. AC Equipment,Delivery
12 Nourse,Active,58,2026-06-30,2026-06,Planned,,18412.28,28628.87,10216.59,35.7,6. AC Equipment,Project Kick Off
12 Nourse,Active,59,2026-06-30,2026-06,Planned,,27618.42,42943.31,15324.89,35.7,6. AC Equipment,Site Establishment
12 Nourse,Active,79,2026-06-30,2026-06,Planned,,31500.0,38414.63,6914.63,18.0,8. Product Add On ,Supplier name - Catladder - Deposit
12 Nourse,Active,82,2026-06-30,2026-06,Planned,,24500,29878.05,5378.05,18.0,8. Product Add On ,Supplier name - Inverter Cage - Deposit
12 Nourse,Active,90,2026-06-30,2026-06,Planned,,27846,36400,8554,23.5,9. AC & DC installation,Project Kick Off
12 Nourse,Active,91,2026-06-30,2026-06,Planned,,41769,54600,12831,23.5,9. AC & DC installation,Site Establishment
12 Nourse,Active,106,2026-06-30,2026-06,Planned,,2460.6,3216.47,755.87,23.5,10. Site Logistics,Project Kick Off
12 Nourse,Active,107,2026-06-30,2026-06,Planned,,3690.9,4824.71,1133.81,23.5,10. Site Logistics,Site Establishment
12 Nourse,Active,120,2026-06-30,2026-06,Planned,,60000,38862.55,-21137.45,-54.4,11. Due Dilligence,Scada for CoCT
12 Nourse,Active,134,2026-06-30,2026-06,Planned,,236.25,262.5,26.25,10.0,14. General Expenses,Travel
12 Nourse,Active,34,2026-07-31,2026-07,Planned,,38621.91,48834.15,10212.24,20.9,4. DC Equipment,AC Installation Complete
12 Nourse,Active,60,2026-07-31,2026-07,Planned,,36824.57,57257.74,20433.17,35.7,6. AC Equipment,AC Installation Complete
12 Nourse,Active,80,2026-07-31,2026-07,Planned,,13500,16463.41,2963.41,18.0,8. Product Add On ,Supplier name - Catladder - Balance
12 Nourse,Active,83,2026-07-31,2026-07,Planned,,10500,12804.88,2304.88,18.0,8. Product Add On ,Supplier name - Inverter Cage - Balance
12 Nourse,Active,92,2026-07-31,2026-07,Planned,,55692,72800,17108,23.5,9. AC & DC installation,AC Installation Complete
12 Nourse,Active,108,2026-07-31,2026-07,Planned,,4921.21,6432.95,1511.74,23.5,10. Site Logistics,AC Installation Complete
12 Nourse,Active,135,2026-07-31,2026-07,Planned,,236.25,262.5,26.25,10.0,14. General Expenses,Travel
12 Nourse,Active,35,2026-08-31,2026-08,Planned,,48277.39,61042.68,12765.29,20.9,4. DC Equipment,DC Installation Complete
12 Nourse,Active,36,2026-08-31,2026-08,Planned,,19310.95,24417.07,5106.12,20.9,4. DC Equipment,Commissioning Complete
12 Nourse,Active,37,2026-08-31,2026-08,Planned,,28966.43,36625.61,7659.18,20.9,4. DC Equipment,Handover Document Complete
12 Nourse,Active,61,2026-08-31,2026-08,Planned,,46030.71,71572.18,25541.47,35.7,6. AC Equipment,DC Installation Complete
12 Nourse,Active,62,2026-08-31,2026-08,Planned,,18412.28,28628.87,10216.59,35.7,6. AC Equipment,Commissioning Complete
12 Nourse,Active,63,2026-08-31,2026-08,Planned,,27618.42,42943.31,15324.89,35.7,6. AC Equipment,Handover Document Complete
12 Nourse,Active,93,2026-08-31,2026-08,Planned,,69615,91000,21385,23.5,9. AC & DC installation,DC Installation Complete
12 Nourse,Active,94,2026-08-31,2026-08,Planned,,27846,36400,8554,23.5,9. AC & DC installation,Commissioning Complete
12 Nourse,Active,95,2026-08-31,2026-08,Planned,,41769,54600,12831,23.5,9. AC & DC installation,Handover Document Complete
12 Nourse,Active,109,2026-08-31,2026-08,Planned,,6151.51,8041.19,1889.68,23.5,10. Site Logistics,DC Installation Complete
12 Nourse,Active,110,2026-08-31,2026-08,Planned,,2460.6,3216.47,755.87,23.5,10. Site Logistics,Commissioning Complete
12 Nourse,Active,111,2026-08-31,2026-08,Planned,,3690.9,4824.71,1133.81,23.5,10. Site Logistics,Handover Document Complete
12 Nourse,Active,118,2026-08-31,2026-08,Planned,,20008.0,12959.36,-7048.64,-54.4,11. Due Dilligence,Electrical PrEng sign off
12 Nourse,Active,121,2026-08-31,2026-08,Planned,,6000,3886.25,-2113.75,-54.4,11. Due Dilligence,Red Team Inspection
12 Nourse,Active,122,2026-08-31,2026-08,Planned,,60000,38862.55,-21137.45,-54.4,11. Due Dilligence,CoCT Grid Study
12 Nourse,Active,127,2026-08-31,2026-08,Planned,,44439.5,40357.01,-4082.49,-10.1,13. Engineering,Matriarch Defects Period - 1.25%
12 Nourse,Active,136,2026-08-31,2026-08,Planned,,236.25,262.5,26.25,10.0,14. General Expenses,Travel
25 Superior Road,Active,82,2026-03-31,2026-03,Realised,Rubicon INVRED-0142453,227060.4,265514.67,38454.27,14.5,8. Product Add On ,Eaton UPS 80kVA as per existing UPS (incl Del. Commission)
25 Superior Road,Active,83,2026-03-31,2026-03,Realised,Cosmic Sun - CS_UPS_001,11785,13780.87,1995.87,14.5,8. Product Add On ,Labour & Material and Reinstall UPS
25 Superior Road,Active,84,2026-03-31,2026-03,Realised,Cosmic Sun - CS_UPS_001,10410.74,12173.87,1763.13,14.5,8. Product Add On ,Labour & Material and Reinstall UPS (additional)
25 Superior Road,Active,134,2026-06-30,2026-06,Planned,,481.25,712.96,231.71,32.5,14. General Expenses,Travel
25 Superior Road,Active,147,2026-06-30,2026-06,Planned,,3251,3251,0,0.0,15. Service Add On,Eaton Tech Call Out - Rubicon
25 Superior Road,Active,6,2026-07-31,2026-07,Planned,,258000,306672.1,48672.1,15.9,1. Panels,Panel Size - TBC - 610W as placeholder
25 Superior Road,Active,21,2026-07-31,2026-07,Planned,,53802,62560.47,8758.47,14.0,3. Mounting Structures,Schletter Structure
25 Superior Road,Active,28,2026-07-31,2026-07,Planned,,42000,53149.86,11149.86,21.0,4. DC Equipment,DC Cable
25 Superior Road,Active,32,2026-07-31,2026-07,Planned,,7303.29,9242.12,1938.83,21.0,4. DC Equipment,Project Kick Off
25 Superior Road,Active,33,2026-07-31,2026-07,Planned,,10954.94,13863.18,2908.24,21.0,4. DC Equipment,Site Establishment
25 Superior Road,Active,44,2026-07-31,2026-07,Planned,,8000,0,-8000,,5. Monitoring,Smartlogger 3000
25 Superior Road,Active,45,2026-07-31,2026-07,Planned,,26000,0,-26000,,5. Monitoring,Comms DB
25 Superior Road,Active,46,2026-07-31,2026-07,Planned,,15000,0,-15000,,5. Monitoring,Revenue Grade Meter
25 Superior Road,Active,90,2026-07-31,2026-07,Planned,,8080.1,10562.22,2482.12,23.5,9. AC & DC installation,Project Kick Off
25 Superior Road,Active,91,2026-07-31,2026-07,Planned,,12120.15,15843.33,3723.18,23.5,9. AC & DC installation,Site Establishment
25 Superior Road,Active,106,2026-07-31,2026-07,Planned,,1658.81,2024.25,365.44,18.1,10. Site Logistics,Project Kick Off
25 Superior Road,Active,107,2026-07-31,2026-07,Planned,,2488.22,3036.38,548.16,18.1,10. Site Logistics,Site Establishment
25 Superior Road,Active,119,2026-07-31,2026-07,Committed,L&B Consulting INV-2256,6000,8405.8,2405.8,28.6,11. Due Dilligence,Structural Sign Off - LnB
25 Superior Road,Active,135,2026-07-31,2026-07,Planned,,481.25,712.96,231.71,32.5,14. General Expenses,Travel
25 Superior Road,Active,34,2026-08-31,2026-08,Planned,,14606.59,18484.24,3877.65,21.0,4. DC Equipment,AC Installation Complete
25 Superior Road,Active,35,2026-08-31,2026-08,Planned,,18258.23,23105.3,4847.07,21.0,4. DC Equipment,DC Installation Complete
25 Superior Road,Active,36,2026-08-31,2026-08,Planned,,7303.29,9242.12,1938.83,21.0,4. DC Equipment,Commissioning Complete
25 Superior Road,Active,37,2026-08-31,2026-08,Planned,,7303.29,9242.12,1938.83,21.0,4. DC Equipment,Site De-establisment
25 Superior Road,Active,38,2026-08-31,2026-08,Planned,,3651.65,4621.06,969.41,21.0,4. DC Equipment,Handover Document Complete
25 Superior Road,Active,70,2026-08-31,2026-08,Planned,,1008110,1145579.55,137469.55,12.0,7.BESS,Battery Inverter + Battery Bank
25 Superior Road,Active,71,2026-08-31,2026-08,Planned,,24200,27500.0,3300.0,12.0,7.BESS,Ps and Gs
25 Superior Road,Active,72,2026-08-31,2026-08,Planned,,67600,76818.18,9218.18,12.0,7.BESS,Installation 
25 Superior Road,Active,73,2026-08-31,2026-08,Planned,,69200,78636.36,9436.36,12.0,7.BESS,AC+DC Equipment
25 Superior Road,Active,74,2026-08-31,2026-08,Planned,,15000,17045.45,2045.45,12.0,7.BESS,Inverter Cables
25 Superior Road,Active,75,2026-08-31,2026-08,Planned,,27582.61,31343.87,3761.26,12.0,7.BESS,Main Gateway Cable (Tie-In)
25 Superior Road,Active,80,2026-08-31,2026-08,Planned,,315000,368347.46,53347.46,14.5,8. Product Add On ,BESS 20ft A-Grade Container
25 Superior Road,Active,81,2026-08-31,2026-08,Planned,,125000,146169.63,21169.63,14.5,8. Product Add On ,Fire Suppression
25 Superior Road,Active,92,2026-08-31,2026-08,Planned,,16160.2,21124.44,4964.24,23.5,9. AC & DC installation,AC Installation Complete
25 Superior Road,Active,93,2026-08-31,2026-08,Planned,,20200.25,26405.56,6205.31,23.5,9. AC & DC installation,DC Installation Complete
25 Superior Road,Active,94,2026-08-31,2026-08,Planned,,8080.1,10562.22,2482.12,23.5,9. AC & DC installation,Commissioning Complete
25 Superior Road,Active,95,2026-08-31,2026-08,Planned,,8080.1,10562.22,2482.12,23.5,9. AC & DC installation,Site De-establisment
25 Superior Road,Active,96,2026-08-31,2026-08,Planned,,4040.05,5281.11,1241.06,23.5,9. AC & DC installation,Handover Document Complete
25 Superior Road,Active,102,2026-08-31,2026-08,Planned,,13200,16107.98,2907.98,18.1,10. Site Logistics,Security
25 Superior Road,Active,108,2026-08-31,2026-08,Planned,,3317.63,4048.51,730.88,18.1,10. Site Logistics,AC Installation Complete
25 Superior Road,Active,109,2026-08-31,2026-08,Planned,,4147.04,5060.63,913.59,18.1,10. Site Logistics,DC Installation Complete
25 Superior Road,Active,110,2026-08-31,2026-08,Planned,,1658.81,2024.25,365.44,18.1,10. Site Logistics,Commissioning Complete
25 Superior Road,Active,111,2026-08-31,2026-08,Planned,,1658.81,2024.25,365.44,18.1,10. Site Logistics,Site De-establisment
25 Superior Road,Active,112,2026-08-31,2026-08,Planned,,829.41,1012.13,182.72,18.1,10. Site Logistics,Handover Document Complete
25 Superior Road,Active,121,2026-08-31,2026-08,Planned,,6000,8405.8,2405.8,28.6,11. Due Dilligence,Red Team Inspection
25 Superior Road,Active,127,2026-08-31,2026-08,Planned,,36247.18,25727.26,-10519.92,-40.9,13. Engineering,Matriarch Defects Period - 1.25%
25 Superior Road,Active,136,2026-08-31,2026-08,Planned,,481.25,712.96,231.71,32.5,14. General Expenses,Travel
261 Bree Street,Active,6,2026-04-30,2026-04,Realised,MSA Invoice - INV0003835,323290.5,524210.15,200919.65,38.3,1. Panels,Panel Jinko 590W - JKM590N-72HL4-BDV
261 Bree Street,Active,45,2026-04-30,2026-04,Realised,AccuEnergy - ASAI-007987,20004,20957.86,953.86,4.6,5. Monitoring,CTS & Meters
261 Bree Street,Active,79,2026-04-30,2026-04,Realised,Barrier Projects - Inv 622,33215,72560.98,39345.98,54.2,8. Product Add On ,Steelwork - Catladder & Inverter Frame (Barrier Projects) - 
261 Bree Street,Active,80,2026-04-30,2026-04,Realised,Barrier Projects - Inv 622,14235,31097.56,16862.56,54.2,8. Product Add On ,Steelwork - Catladder & Inverter Frame (Barrier Projects) - 
261 Bree Street,Active,119,2026-04-30,2026-04,Realised,L&B Inv: 2040,12100,15127.12,3027.12,20.0,11. Due Dilligence,Structural Sign Off
261 Bree Street,Active,120,2026-04-30,2026-04,Realised,Rubicon INVRED-0144561,50000,62508.78,12508.78,20.0,11. Due Dilligence,Rubicon - SCADA for CoCT
261 Bree Street,Active,7,2026-05-31,2026-05,Realised,MSA Invoice - INV0003961,26461.5,39942.46,13480.96,33.8,1. Panels,Jinko 590w panels - JKM590N-72HL-4-BDV
261 Bree Street,Active,14,2026-05-31,2026-05,Realised,MSA Energy - INV-0003948,89688.73,115853.66,26164.93,22.6,2. Inverters,Huawei 150KTL - SUN2000-150K-MG0
261 Bree Street,Active,21,2026-05-31,2026-05,Realised,Schletter - INV002863,54959.5,58883.39,3923.89,6.7,3. Mounting Structures,Schletter Structure
261 Bree Street,Active,24,2026-05-31,2026-05,Realised,Schletter - INV002891,30026.5,32170.27,2143.77,6.7,3. Mounting Structures,KlipLok Structure
261 Bree Street,Active,28,2026-05-31,2026-05,Realised,Helukabel- PSI0055541,62000,73735.04,11735.04,15.9,4. DC Equipment,DC Cable
261 Bree Street,Active,29,2026-05-31,2026-05,Realised,ABL Transport- 0398,4750,5649.06,899.06,15.9,4. DC Equipment,Transport JHB - CPT
261 Bree Street,Active,32,2026-05-31,2026-05,Realised,Photon Solar - INV-0177,6907.8,8215.27,1307.47,15.9,4. DC Equipment,Project Kick Off
261 Bree Street,Active,33,2026-05-31,2026-05,Realised,Photon Solar - INV-0178,10361.7,12322.91,1961.21,15.9,4. DC Equipment,Site Establishment
261 Bree Street,Active,44,2026-05-31,2026-05,Realised,MSA Energy - INV-0003915,7032.41,7367.74,335.33,4.6,5. Monitoring,Smartlogger 3000
261 Bree Street,Active,46,2026-05-31,2026-05,Unrealised,,30000,31430.5,1430.5,4.6,5. Monitoring,Revenue Grade Meter - Production & Consumption
261 Bree Street,Active,53,2026-05-31,2026-05,Realised,Switchboard - 2-SOI003226,98126.51,178241.14,80114.63,44.9,6. AC Equipment,PVDB
261 Bree Street,Active,58,2026-05-31,2026-05,Realised,Photon Solar - INV-0177,1962.4,3564.59,1602.19,44.9,6. AC Equipment,Project Kick Off
261 Bree Street,Active,59,2026-05-31,2026-05,Realised,Photon Solar - INV-0178,2943.6,5346.88,2403.28,44.9,6. AC Equipment,Site Establishment
261 Bree Street,Active,90,2026-05-31,2026-05,Realised,Photon Solar - INV-0177,15200,14657.78,-542.22,-3.7,9. AC & DC installation,Project Kick Off
261 Bree Street,Active,91,2026-05-31,2026-05,Realised,Photon Solar - INV-0178,22800,21986.67,-813.33,-3.7,9. AC & DC installation,Site Establishment
261 Bree Street,Active,106,2026-05-31,2026-05,Realised,Photon Solar - INV-0177,6500,3418.83,-3081.17,-90.1,10. Site Logistics,Project Kick Off
261 Bree Street,Active,107,2026-05-31,2026-05,Realised,Photon Solar - INV-0178,9750,5128.24,-4621.76,-90.1,10. Site Logistics,Site Establishment
261 Bree Street,Active,135,2026-05-31,2026-05,Unrealised,,280,414.81,134.81,32.5,14. General Expenses,Travel
261 Bree Street,Active,34,2026-06-30,2026-06,Planned,,13815.6,16430.55,2614.95,15.9,4. DC Equipment,AC Installation Complete
261 Bree Street,Active,35,2026-06-30,2026-06,Planned,,17269.5,20538.18,3268.68,15.9,4. DC Equipment,DC Installation Complete
261 Bree Street,Active,60,2026-06-30,2026-06,Planned,,3924.8,7129.17,3204.37,44.9,6. AC Equipment,AC Installation Complete
261 Bree Street,Active,61,2026-06-30,2026-06,Planned,,4906,8911.47,4005.47,44.9,6. AC Equipment,DC Installation Complete
261 Bree Street,Active,92,2026-06-30,2026-06,Planned,,30400,29315.56,-1084.44,-3.7,9. AC & DC installation,AC Installation Complete
261 Bree Street,Active,93,2026-06-30,2026-06,Planned,,38000,36644.44,-1355.56,-3.7,9. AC & DC installation,DC Installation Complete
261 Bree Street,Active,108,2026-06-30,2026-06,Planned,,13000,6837.66,-6162.34,-90.1,10. Site Logistics,AC Installation Complete
261 Bree Street,Active,109,2026-06-30,2026-06,Planned,,16250,8547.07,-7702.93,-90.1,10. Site Logistics,DC Installation Complete
261 Bree Street,Active,121,2026-06-30,2026-06,Planned,,6000,7501.05,1501.05,20.0,11. Due Dilligence,Red Team Inspection
261 Bree Street,Active,127,2026-06-30,2026-06,Planned,,19622.18,17053.74,-2568.44,-15.1,13. Engineering,Matriarch Defects Period - 1.25%
261 Bree Street,Active,136,2026-06-30,2026-06,Planned,,280,414.81,134.81,32.5,14. General Expenses,Travel
261 Bree Street,Active,36,2026-07-31,2026-07,Planned,,6907.8,8215.27,1307.47,15.9,4. DC Equipment,Commissioning Complete
261 Bree Street,Active,37,2026-07-31,2026-07,Planned,,10361.7,12322.91,1961.21,15.9,4. DC Equipment,Handover Document Complete
261 Bree Street,Active,62,2026-07-31,2026-07,Planned,,1962.4,3564.59,1602.19,44.9,6. AC Equipment,Commissioning Complete
261 Bree Street,Active,63,2026-07-31,2026-07,Planned,,2943.6,5346.88,2403.28,44.9,6. AC Equipment,Handover Document Complete
261 Bree Street,Active,94,2026-07-31,2026-07,Planned,,15200,14657.78,-542.22,-3.7,9. AC & DC installation,Commissioning Complete
261 Bree Street,Active,95,2026-07-31,2026-07,Planned,,22800,21986.67,-813.33,-3.7,9. AC & DC installation,Handover Document Complete
261 Bree Street,Active,110,2026-07-31,2026-07,Planned,,6500,3418.83,-3081.17,-90.1,10. Site Logistics,Commissioning Complete
261 Bree Street,Active,111,2026-07-31,2026-07,Planned,,9750,5128.24,-4621.76,-90.1,10. Site Logistics,Handover Document Complete
261 Bree Street,Active,118,2026-07-31,2026-07,Planned,,11000,13751.93,2751.93,20.0,11. Due Dilligence,Electrical PrEng sign off
261 Bree Street,Active,137,2026-07-31,2026-07,Planned,,280,414.81,134.81,32.5,14. General Expenses,Travel
261 Bree Street,Active,38,2026-08-31,2026-08,Planned,,1726.95,2053.82,326.87,15.9,4. DC Equipment,End of Defects Period
261 Bree Street,Active,64,2026-08-31,2026-08,Planned,,490.6,891.15,400.55,44.9,6. AC Equipment,End of Defects Period
261 Bree Street,Active,96,2026-08-31,2026-08,Planned,,3800,3664.44,-135.56,-3.7,9. AC & DC installation,End of Defects Period
261 Bree Street,Active,112,2026-08-31,2026-08,Planned,,1625,854.71,-770.29,-90.1,10. Site Logistics,End of Defects Period
7th Avenue Park,Past,121,2025-12-31,2025-12,Realised,L&B Consulting - Inv 2124,8572.5,9727.19,1154.69,11.9,11. Due Dilligence,Structural Sign Off
7th Avenue Park,Past,22,2026-01-31,2026-01,Realised,Allocated from Red Rocket ,2050.1,2690.72,640.62,23.8,3. Mounting Structures,Surface Protection Mats
7th Avenue Park,Past,26,2026-01-31,2026-01,Realised,Lintels for Africa - 234145,28948.57,37994.45,9045.88,23.8,3. Mounting Structures,Lintels
7th Avenue Park,Past,32,2026-01-31,2026-01,Realised,Photon Solar INV-0159,6955,8262.68,1307.68,15.8,4. DC Equipment,Project Kick Off
7th Avenue Park,Past,45,2026-01-31,2026-01,Realised,Accuenergy Inv: ASAI-007259,13984.5,22791.0,8806.5,38.6,5. Monitoring,CTs & Meters
7th Avenue Park,Past,58,2026-01-31,2026-01,Realised,Photon Solar INV-0159,1945.2,4699.35,2754.15,58.6,6. AC Equipment,Project Kick Off
7th Avenue Park,Past,80,2026-01-31,2026-01,Realised,Hisafe - Inv 00361,31132.38,65746.0,34613.62,52.6,8. Product Add On ,Anchor Points - Deposit
7th Avenue Park,Past,81,2026-01-31,2026-01,Realised,Hisafe - Inv 00361,31132.38,65746.0,34613.62,52.6,8. Product Add On ,Anchor Points - Balance (Riverside deposit payment use as fi
7th Avenue Park,Past,92,2026-01-31,2026-01,Realised,Photon Solar INV-0159,15200,15167.78,-32.22,-0.2,9. AC & DC installation,Project Kick Off
7th Avenue Park,Past,108,2026-01-31,2026-01,Realised,Photon Solar INV-0159,2755,2835.99,80.99,2.9,10. Site Logistics,Project Kick Off
7th Avenue Park,Past,137,2026-01-31,2026-01,Realised,Expense Claim,314.16,382.25,68.09,17.8,14. General Expenses,Travel
7th Avenue Park,Past,6,2026-02-28,2026-02,Realised,MSA Energy - INV0003571,357460,577060.68,219600.68,38.1,1. Panels,Jinko Tiger Neo N-type66HL4M-BDV - 610W
7th Avenue Park,Past,14,2026-02-28,2026-02,Realised,MSA Energy - INV0003571,137740.7,175000,37259.3,21.3,2. Inverters,Huawei 100KTL
7th Avenue Park,Past,23,2026-02-28,2026-02,Realised,Schletter - INV002624,35671.7,41064.48,5392.78,13.1,3. Mounting Structures,Scheltter Structure
7th Avenue Park,Past,24,2026-02-28,2026-02,Realised,Schletter - INV002624,87650.85,101106.13,13455.28,13.3,3. Mounting Structures,Scheltter Structure
7th Avenue Park,Past,25,2026-02-28,2026-02,Realised,Schletter - INV002650,5052.5,5986.73,934.23,15.6,3. Mounting Structures,250x Rapid cross connector 90 Pro
7th Avenue Park,Past,28,2026-02-28,2026-02,Realised,MSA Energy - INV0003571,55960,66505.4,10545.4,15.9,4. DC Equipment,DC Cable
7th Avenue Park,Past,33,2026-02-28,2026-02,Realised,Photon Solar INV-0163,10432.5,12397.97,1965.47,15.9,4. DC Equipment,Site Establishment
7th Avenue Park,Past,34,2026-02-28,2026-02,Realised,Photon Solar INV-0168,13910,16530.62,2620.62,15.9,4. DC Equipment,AC Installation Complete
7th Avenue Park,Past,35,2026-02-28,2026-02,Realised,Photon Solar INV-0169,17387.5,20663.28,3275.78,15.9,4. DC Equipment,DC Installation Complete
7th Avenue Park,Past,44,2026-02-28,2026-02,Realised,MSA Energy - INV0003571,8598.34,15593.23,6994.89,44.9,5. Monitoring,Smartlogger 3000
7th Avenue Park,Past,46,2026-02-28,2026-02,Realised,Matriarch - INV-6577,11169,22825.27,11656.27,51.1,5. Monitoring,Revenue Grade Meter
7th Avenue Park,Past,47,2026-02-28,2026-02,Realised,Uber,22.33,40.5,18.17,44.9,5. Monitoring,Delivery of Monitoring Equip
7th Avenue Park,Past,53,2026-02-28,2026-02,Realised,Switchboard - 2-SOI002860,89859.36,217088.32,127228.96,58.6,6. AC Equipment,PVDB
7th Avenue Park,Past,59,2026-02-28,2026-02,Realised,Photon Solar INV-0163,2917.8,7049.02,4131.22,58.6,6. AC Equipment,Site Establishment
7th Avenue Park,Past,60,2026-02-28,2026-02,Realised,Photon Solar INV-0168,3890.4,9398.69,5508.29,58.6,6. AC Equipment,AC Installation Complete
7th Avenue Park,Past,61,2026-02-28,2026-02,Realised,Photon Solar INV-0169,4863,11748.36,6885.36,58.6,6. AC Equipment,DC Installation Complete
7th Avenue Park,Past,84,2026-02-28,2026-02,Realised,AC Direct - ACQuote00075849,11999.13,31677.3,19678.17,62.1,8. Product Add On ,Aircon - Supply & Install
7th Avenue Park,Past,93,2026-02-28,2026-02,Realised,Photon Solar INV-0163,22800,22751.67,-48.33,-0.2,9. AC & DC installation,Site Establishment
7th Avenue Park,Past,94,2026-02-28,2026-02,Realised,Photon Solar INV-0168,30400,30335.56,-64.44,-0.2,9. AC & DC installation,AC Installation Complete
7th Avenue Park,Past,95,2026-02-28,2026-02,Realised,Photon Solar INV-0169,38000,37919.44,-80.56,-0.2,9. AC & DC installation,DC Installation Complete
7th Avenue Park,Past,109,2026-02-28,2026-02,Realised,Photon Solar INV-0163,4132.5,4253.98,121.48,2.9,10. Site Logistics,Site Establishment
7th Avenue Park,Past,110,2026-02-28,2026-02,Realised,Photon Solar INV-0168,5510,5671.98,161.98,2.9,10. Site Logistics,AC Installation Complete
7th Avenue Park,Past,111,2026-02-28,2026-02,Realised,Photon Solar INV-0169,6887.5,7089.97,202.47,2.9,10. Site Logistics,DC Installation Complete
7th Avenue Park,Past,120,2026-02-28,2026-02,Realised,Sunspo Inv: E044,8750,13628.38,4878.38,35.8,11. Due Dilligence,Electrical PrEng sign off
7th Avenue Park,Past,122,2026-02-28,2026-02,Realised,Rubicon - INVRED-0139196,50000,67413.98,17413.98,25.8,11. Due Dilligence,Scada for CoCT
7th Avenue Park,Past,123,2026-02-28,2026-02,Realised,Uber,22,29.66,7.66,25.8,11. Due Dilligence,Delivery of Apex Device
7th Avenue Park,Past,138,2026-02-28,2026-02,Realised,Expense Claim,257.04,358.47,101.43,28.3,14. General Expenses,Travel
7th Avenue Park,Past,36,2026-03-31,2026-03,Realised,Photon Solar INV-0171,6955,8265.31,1310.31,15.9,4. DC Equipment,Commissioning Complete
7th Avenue Park,Past,37,2026-03-31,2026-03,Realised,Photon Solar INV-0172,6955,8265.31,1310.31,15.9,4. DC Equipment,Site De-establisment
7th Avenue Park,Past,38,2026-03-31,2026-03,Realised,Photon Solar INV-0173,3477.5,4132.66,655.16,15.9,4. DC Equipment,Handover Document Complete
7th Avenue Park,Past,39,2026-03-31,2026-03,Realised,Photon Solar INV-0174,3477.5,4132.66,655.16,15.9,4. DC Equipment,End of Defects Period
7th Avenue Park,Past,62,2026-03-31,2026-03,Realised,Photon Solar INV-0171,1945,4700.02,2755.02,58.6,6. AC Equipment,Commissioning Complete
7th Avenue Park,Past,63,2026-03-31,2026-03,Realised,Photon Solar INV-0172,1945,4698.88,2753.88,58.6,6. AC Equipment,Site De-establisment
7th Avenue Park,Past,64,2026-03-31,2026-03,Realised,Photon Solar INV-0173,972.5,2349.44,1376.94,58.6,6. AC Equipment,Handover Document Complete
7th Avenue Park,Past,65,2026-03-31,2026-03,Realised,Photon Solar INV-0174,972.6,2349.68,1377.08,58.6,6. AC Equipment,End of Defects Period
7th Avenue Park,Past,96,2026-03-31,2026-03,Realised,Photon Solar INV-0171,15200,15167.78,-32.22,-0.2,9. AC & DC installation,Commissioning Complete
7th Avenue Park,Past,97,2026-03-31,2026-03,Realised,Photon Solar INV-0172,15200,15167.78,-32.22,-0.2,9. AC & DC installation,Site De-establisment
7th Avenue Park,Past,98,2026-03-31,2026-03,Realised,Photon Solar INV-0173,7600,7583.89,-16.11,-0.2,9. AC & DC installation,Handover Document Complete
7th Avenue Park,Past,99,2026-03-31,2026-03,Realised,Photon Solar INV-0174,7600,7583.89,-16.11,-0.2,9. AC & DC installation,End of Defects Period
7th Avenue Park,Past,112,2026-03-31,2026-03,Realised,Photon Solar INV-0171,2755,2835.99,80.99,2.9,10. Site Logistics,Commissioning Complete
7th Avenue Park,Past,113,2026-03-31,2026-03,Realised,Photon Solar INV-0172,2755,2835.99,80.99,2.9,10. Site Logistics,Site De-establisment
7th Avenue Park,Past,114,2026-03-31,2026-03,Realised,Photon Solar INV-0173,1377.5,1417.99,40.49,2.9,10. Site Logistics,Handover Document Complete
7th Avenue Park,Past,115,2026-03-31,2026-03,Realised,Photon Solar INV-0174,1377.5,1417.99,40.49,2.9,10. Site Logistics,End of Defects Period
7th Avenue Park,Past,124,2026-03-31,2026-03,Realised,Happy Solar INV-0357,7300,8089.68,789.68,9.8,11. Due Dilligence,Red Team Inspection
7th Avenue Park,Past,130,2026-03-31,2026-03,Realised,Matriarch -INV-6901,23490.94,19649.81,-3841.13,-19.5,13. Engineering,Matriarch Defects Period - 1.25%
7th Avenue Park,Past,139,2026-03-31,2026-03,Realised,Expense Claim,287.1,458.42,171.32,37.4,14. General Expenses,Travel
7th Avenue Park,Past,151,2026-03-31,2026-03,Realised,Photon Solar Inv: 0170,35853,12420,-23433,-188.7,15. Service Add On,Installer VO
7th Avenue Park,Past,153,2026-03-31,2026-03,Realised,ABL Transport - INV0320,4600,0,-4600,,15. Service Add On,Domestic Transport - Stock
7th Avenue Park,Past,140,2026-04-30,2026-04,Realised,Expense Claim,94.05,939.76,845.71,90.0,14. General Expenses,Travel
BMG Fluid Tech,Active,23,2025-09-30,2025-09,Realised,Schletter - INVQ0135,-344700,0,344700,,3. Mounting Structures,
BMG Fluid Tech,Active,24,2025-09-30,2025-09,Realised,Schletter - CRN0273,-344700,0,344700,,3. Mounting Structures,
BMG Fluid Tech,Active,25,2025-09-30,2025-09,Realised,Schletter - INV2238,694199.98,0,-694199.98,,3. Mounting Structures,
BMG Fluid Tech,Active,30,2025-09-30,2025-09,Realised,Schletter INVQ0136,-25790.99,0,25790.99,,3. Mounting Structures,
BMG Fluid Tech,Active,107,2025-09-30,2025-09,Realised,Fidelis Solar - INV0000186,27360,41473.91,14113.91,34.0,8. Product Add On ,BESS Container Concrete Plinths - Fidelis
BMG Fluid Tech,Active,169,2025-09-30,2025-09,Realised,Expense Claim,845.78,820.2,-25.58,-3.1,14. General Expenses,Travel
BMG Fluid Tech,Active,40,2025-10-31,2025-10,Unrealised,,0,35769.21,35769.21,100.0,3. Mounting Structures,Carport Contigency
BMG Fluid Tech,Active,83,2025-10-31,2025-10,Realised,CS_BMG_005_VO,17891.32,0,-17891.32,,6. AC Equipment,Variation Breaker and Delivery - Cosmic Sun - VO
BMG Fluid Tech,Active,84,2025-10-31,2025-10,Realised,CS_BMG_005_VO,32171.96,0,-32171.96,,6. AC Equipment,Variation Additional AC cable excluding 95mm - Cosmic Sun - 
BMG Fluid Tech,Active,170,2025-10-31,2025-10,Realised,Expense Claim,3844.23,1633.51,-2210.72,-135.3,14. General Expenses,Travel
BMG Fluid Tech,Active,26,2025-11-30,2025-11,Realised,Schletter - INV2416,4800,0,-4800,,3. Mounting Structures,Delivery Charge
BMG Fluid Tech,Active,62,2025-11-30,2025-11,Realised,Allocated from Kroonstad,8598.35,0,-8598.35,,5. Monitoring,Smartlogger- RMA from Kroonstad 
BMG Fluid Tech,Active,64,2025-11-30,2025-11,Realised,Accuenergy - ASAI-006969,4110,0,-4110,,5. Monitoring,Rogowski Coils
BMG Fluid Tech,Active,65,2025-11-30,2025-11,Realised,Accuenergy - ASAI-006969,2970,0,-2970,,5. Monitoring,Energy Meter
BMG Fluid Tech,Active,85,2025-11-30,2025-11,Realised,CS_BMG_006_VO,16085.98,0,-16085.98,,6. AC Equipment,Variation Additional AC cable 95mm - Cosmic Sun - VO
BMG Fluid Tech,Active,109,2025-11-30,2025-11,Realised,Volkirk Properties - INV0001309,18931,0,-18931,,8. Product Add On ,Fiber
BMG Fluid Tech,Active,121,2025-11-30,2025-11,Realised,Cosmic Sun - CS_BMG_003F,44064,31401.11,-12662.89,-40.3,9. AC & DC installation,AC Installation Complete
BMG Fluid Tech,Active,171,2025-11-30,2025-11,Realised,Expense Claim,410.79,170.15,-240.64,-141.4,14. General Expenses,Travel
BMG Fluid Tech,Active,8,2025-12-31,2025-12,Realised,Menlo INV0003504,3469.2,0,-3469.2,,1. Panels,JA Solar 615
BMG Fluid Tech,Active,9,2025-12-31,2025-12,Realised,Menlo INV0003504,1000,0,-1000,,1. Panels,Transport
BMG Fluid Tech,Active,27,2025-12-31,2025-12,Realised,Schletter - INV2528,12832.45,0,-12832.45,,3. Mounting Structures,CT Struts
BMG Fluid Tech,Active,31,2025-12-31,2025-12,Realised,Schletter - INV2518,25790.99,0,-25790.99,,3. Mounting Structures,
BMG Fluid Tech,Active,63,2025-12-31,2025-12,Realised,Accuenergy - ASAI-007074,6900,0,-6900,,5. Monitoring,Grid meter and CTs
BMG Fluid Tech,Active,110,2025-12-31,2025-12,Realised,Volkirk Properties - INV0001336,6610,0,-6610,,8. Product Add On ,Fibre
BMG Fluid Tech,Active,122,2025-12-31,2025-12,Realised,Cosmic Sun: CS_BMG_007F,55080,39251.39,-15828.61,-40.3,9. AC & DC installation,DC Installation Complete
BMG Fluid Tech,Active,123,2025-12-31,2025-12,Realised,Cosmic Sun: CS_BMG_008,22032,15700.56,-6331.44,-40.3,9. AC & DC installation,Commissioning Complete
BMG Fluid Tech,Active,147,2025-12-31,2025-12,Realised,SunSpot - E033,13950,22531.33,8581.33,38.1,11. Due Dilligence,Electrical PrEng sign off
BMG Fluid Tech,Active,124,2026-01-31,2026-01,Realised,Cosmic Sun - CS_BMG_009,22032,15700.56,-6331.44,-40.3,9. AC & DC installation,Site De-establisment
BMG Fluid Tech,Active,125,2026-01-31,2026-01,Realised,Cosmic Sun - CS_BMG_010,11016,7850.28,-3165.72,-40.3,9. AC & DC installation,Handover Document Complete
BMG Fluid Tech,Active,150,2026-01-31,2026-01,Realised,Matriarch - INV-6235,6000,9690.89,3690.89,38.1,11. Due Dilligence,Red Team Inspection
BMG Fluid Tech,Active,173,2026-01-31,2026-01,Realised,Expense Claim,659.76,239.89,-419.87,-175.0,14. General Expenses,Travel
BMG Fluid Tech,Active,60,2026-02-28,2026-02,Realised,Allocated to Magic Company,-2790,0,2790,,5. Monitoring,Router allocated to Magic Company
BMG Fluid Tech,Active,112,2026-03-31,2026-03,Realised,Otto Wireless Solutions - IO129580,895,0,-895,,8. Product Add On ,WiFi Router Signal Booster Antenna - Otto Wireless
BMG Fluid Tech,Active,126,2026-03-31,2026-03,Realised,Cosmic Sun - CS_BMG_011,11016,7850.28,-3165.72,-40.3,9. AC & DC installation,End of Defects Period
BMG Fluid Tech,Active,156,2026-03-31,2026-03,Realised,Matriarch -INV-6901,49800.87,35315.71,-14485.16,-41.0,13. Engineering,Matriarch Defects Period - 1.25%
BMG Fluid Tech,Active,175,2026-03-31,2026-03,Realised,Expense Claim,590.54,-1752.92,-2343.46,133.7,14. General Expenses,Travel
BMG Fluid Tech,Active,176,2026-04-30,2026-04,Realised,Expense Claim,235.62,0,-235.62,,14. General Expenses,Travel
BMG Fluid Tech,Active,179,2026-04-30,2026-04,Realised,Cosmic Sun: CS_BMG_012,8250,0,-8250,,15. Service Add On,VO - Container Earthing and Signal Booster Install - Cosmic 
BMG Fluid Tech,Active,148,2026-05-31,2026-05,Realised,L&B Structural - INV-2305,7500,0,-7500,,11. Due Dilligence,Structural sign off
Blackheath Park - Spear,Compliance,29,2025-09-30,2025-09,Realised,Allocated to Milkwood,-81000,0,81000,,4. DC Equipment,Dc cable moved to Milkwood 
Blackheath Park - Spear,Compliance,53,2025-09-30,2025-09,Realised,Red Pole - SO-35912,975,0,-975,,5. Monitoring,Battery 
Blackheath Park - Spear,Compliance,118,2025-09-30,2025-09,Realised,Container World - C591996,620,1589.39,969.39,61.0,10. Site Logistics,Container Rental - October
Blackheath Park - Spear,Compliance,30,2025-10-31,2025-10,Realised,Menlo INV0003324,81900,0,-81900,,4. DC Equipment,DC Cable
Blackheath Park - Spear,Compliance,60,2025-10-31,2025-10,Realised,Caltest CLTI1549,70885.66,162840.03,91954.37,56.5,6. AC Equipment,Tie In kiosk
Blackheath Park - Spear,Compliance,61,2025-10-31,2025-10,Realised,Caltest CLTI1621,70885.66,162840.04,91954.38,56.5,6. AC Equipment,
Blackheath Park - Spear,Compliance,119,2025-10-31,2025-10,Realised,Container World - C595540,600,1694.87,1094.87,64.6,10. Site Logistics,Container Rental - November
Blackheath Park - Spear,Compliance,7,2025-11-30,2025-11,Realised,Menlo INV0003423,7009.2,0,-7009.2,,1. Panels,Jinko 590W - Replacement of damage panels - VO
Blackheath Park - Spear,Compliance,8,2025-11-30,2025-11,Realised,Menlo INV0003423,700,0,-700,,1. Panels,Transport
Blackheath Park - Spear,Compliance,31,2025-11-30,2025-11,Realised,Menlo INV003399,246400,0,-246400,,4. DC Equipment,DC Cable
Blackheath Park - Spear,Compliance,32,2025-11-30,2025-11,Realised,Allocated from Cpt Storeroom,27000,0,-27000,,4. DC Equipment,DC cable from stock - Black
Blackheath Park - Spear,Compliance,33,2025-11-30,2025-11,Realised,Allocated from Cpt Storeroom,40500,0,-40500,,4. DC Equipment,DC cable from stock - Red
Blackheath Park - Spear,Compliance,88,2025-11-30,2025-11,Realised,Cosmic Sun - CS_BHP_008,10830,0,-10830,,8. Product Add On ,Additional Trunking from new roof to DB - VO
Blackheath Park - Spear,Compliance,97,2025-11-30,2025-11,Realised,CS_BHP_002,168000,141404.44,-26595.56,-18.8,9. AC & DC installation,AC Installation Complete
Blackheath Park - Spear,Compliance,98,2025-11-30,2025-11,Realised,CS_BHP_003,193200,162615.11,-30584.89,-18.8,9. AC & DC installation,DC Installation Complete
Blackheath Park - Spear,Compliance,99,2025-11-30,2025-11,Realised,CS_BHP_003,16800,14140.44,-2659.56,-18.8,9. AC & DC installation,DC Installation Complete
Blackheath Park - Spear,Compliance,100,2025-11-30,2025-11,Realised,CS_BHP_004,84000,70702.22,-13297.78,-18.8,9. AC & DC installation,Commissioning Complete
Blackheath Park - Spear,Compliance,101,2025-11-30,2025-11,Realised,CS_BHP_005,84000,70702.22,-13297.78,-18.8,9. AC & DC installation,Site De-establisment
Blackheath Park - Spear,Compliance,120,2025-11-30,2025-11,Realised,Container World - C599042,620,1589.87,969.87,61.0,10. Site Logistics,Container Rental - December
Blackheath Park - Spear,Compliance,141,2025-11-30,2025-11,Realised,HappySolar - INV-0343,8100,26993.62,18893.62,70.0,11. Due Dilligence,Red Team - Completed by Happy Solar
Blackheath Park - Spear,Compliance,159,2025-11-30,2025-11,Realised,Expense Claim,723.52,3667.57,2944.05,80.3,14. General Expenses,Travel
Blackheath Park - Spear,Compliance,54,2025-12-31,2025-12,Realised,Allocated from Freeway Park,850,0,-850,,5. Monitoring,Power Supply
Blackheath Park - Spear,Compliance,102,2025-12-31,2025-12,Realised,CS_BHP_006,42000,35351.11,-6648.89,-18.8,9. AC & DC installation,Handover Document Complete
Blackheath Park - Spear,Compliance,121,2025-12-31,2025-12,Realised,Container World - C602492,620,0,-620,,10. Site Logistics,Container Rental - January
Blackheath Park - Spear,Compliance,138,2025-12-31,2025-12,Realised,Sunspot - E032,12250,282226.9,269976.9,95.7,11. Due Dilligence,Electrical PrEng sign off
Blackheath Park - Spear,Compliance,167,2025-12-31,2025-12,Realised,Cosmic Sun - CS_BHP_009,15292.07,0,-15292.07,,15. Service Add On,CS - DC Labour to uninstall and reinstall 72 panels - VO
Blackheath Park - Spear,Compliance,103,2026-01-31,2026-01,Realised,CS_BHP_011,42000,35351.11,-6648.89,-18.8,9. AC & DC installation,End of Defects Period
Blackheath Park - Spear,Compliance,122,2026-01-31,2026-01,Realised,Container World - C605863,560,0,-560,,10. Site Logistics,Container Rental - February
Blackheath Park - Spear,Compliance,168,2026-01-31,2026-01,Realised,Cosmic Sun - CS_BHP_009,-15292.07,0,15292.07,,15. Service Add On,
Blackheath Park - Spear,Compliance,169,2026-01-31,2026-01,Realised,Cosmic Sun - CS_BHP_009,15292.04,0,-15292.04,,15. Service Add On,
Blackheath Park - Spear,Compliance,170,2026-01-31,2026-01,Realised,Cosmic Sun - CS_BHP_010,15292.04,0,-15292.04,,15. Service Add On,Reinstallation of Panels - VO
Blackheath Park - Spear,Compliance,171,2026-01-31,2026-01,Realised,Caltest - CLTI1633,6550,0,-6550,,15. Service Add On,Installation LV Panel - VO
Blackheath Park - Spear,Compliance,34,2026-02-28,2026-02,Realised,Rubicon - INVRED-0138814,252000,0,-252000,,4. DC Equipment,DC Cable
Blackheath Park - Spear,Compliance,123,2026-02-28,2026-02,Realised,Container World - C609335,620,0,-620,,10. Site Logistics,Container Rental - March
Blackheath Park - Spear,Compliance,147,2026-02-28,2026-02,Realised,Matriarch - INV-6570,79441.87,72845.4,-6596.47,-9.1,13. Engineering,Matriarch Defects Period - 1.25%
Blackheath Park - Spear,Compliance,124,2026-03-31,2026-03,Realised,Container World - CC44264,-400,0,400,,10. Site Logistics,Container Rental - March
Blackheath Park - Spear,Compliance,163,2026-03-31,2026-03,Realised,Expense Claim,0,5197.9,5197.9,100.0,14. General Expenses,Travel
Boundary Terraces,Active,15,2025-09-30,2025-09,Realised,Menlo - CRN0000252,-43606.08,0,43606.08,,2. Inverters,Huawei 50KTL to be credited
Boundary Terraces,Active,49,2025-09-30,2025-09,Realised,DSV Inv: 180145917,209.27,0,-209.27,,5. Monitoring,Delivery of Techsitter Meter
Boundary Terraces,Active,52,2025-09-30,2025-09,Realised,Mantech - CRN949171,-850,0,850,,5. Monitoring,
Boundary Terraces,Active,53,2025-09-30,2025-09,Realised,Current Automotion - SOQ324142,1214.1,0,-1214.1,,5. Monitoring,
Boundary Terraces,Active,24,2025-11-30,2025-11,Realised,Solarworld SASIV-25-00684,3250,0,-3250,,3. Mounting Structures,Additional Mid and End Clamps - VO
Boundary Terraces,Active,57,2025-11-30,2025-11,Realised,Switchboard 2-SOI002578,10499.85,0,-10499.85,,6. AC Equipment,ABB XT5N 400A TP MCCB
Boundary Terraces,Active,58,2026-06-30,2026-06,Planned,,-10499.85,0,10499.85,,6. AC Equipment,RMA - SWB - ABB XT5N 400A TP MCCB
Cascades,Active,29,2025-11-30,2025-11,Realised,Scrapped MS,-3017.39,0,3017.39,,3. Mounting Structures,MS Scrapped
China Town Adhoc,Active,80,2025-12-31,2025-12,Unrealised,,0,46645.91,46645.91,100.0,8. Product Add On ,Replacement Mounting Structure
China Town Adhoc,Active,81,2025-12-31,2025-12,Realised,Solarworld - SASIV-25-00724,3850,3850,0,0.0,8. Product Add On ,Additional MS
China Town Adhoc,Active,82,2025-12-31,2025-12,Realised,Happy Solar INV-0347,14420,14420,0,0.0,8. Product Add On ,Optimizer Plates + Installation
China Town Adhoc,Active,152,2026-03-31,2026-03,Realised,Happy Solar INV-0359,60950,0,-60950,,15. Service Add On,Happy Solar - Optimiser Damage Rework
China Town Adhoc,Active,153,2026-04-30,2026-04,Realised,Happy Solar INV-0364,30900,0,-30900,,15. Service Add On,Happy Solar - Remedial
China Town Adhoc,Active,154,2026-06-30,2026-06,Planned,,16500,0,-16500,,15. Service Add On,Happy Solar - Optimiser Fault Finding
Coega Steels Ph2,Active,47,2025-09-30,2025-09,Realised,Schletter - CRN0271,-1540370,0,1540370,,3. Mounting Structures,
Coega Steels Ph2,Active,48,2025-09-30,2025-09,Realised,Schletter - CRN0272,-1540370,0,1540370,,3. Mounting Structures,
Coega Steels Ph2,Active,49,2025-09-30,2025-09,Realised,Schletter - INV2231,3006740,0,-3006740,,3. Mounting Structures,
Coega Steels Ph2,Active,105,2025-09-30,2025-09,Realised,Mantech INV1078143,1060,335.82,-724.18,-215.6,5. Monitoring,Meanwell MDR-100-24
Coega Steels Ph2,Active,289,2025-09-30,2025-09,Realised,Container World - P594608,2635,0,-2635,,10. Site Logistics,Container Hire
Coega Steels Ph2,Active,290,2025-09-30,2025-09,Realised,Container World - P594597,1550,0,-1550,,10. Site Logistics,Container Hire
Coega Steels Ph2,Active,291,2025-09-30,2025-09,Realised,Container World - P594595,1550,0,-1550,,10. Site Logistics,Container Hire
Coega Steels Ph2,Active,315,2025-09-30,2025-09,Realised,Talisman Hire:Inv 212767,2173.92,1258.87,-915.05,-72.7,10. Site Logistics,Site Ablutions - September
Coega Steels Ph2,Active,358,2025-09-30,2025-09,Realised,Matriarch Inv: 5050,2843,3164.39,321.39,10.2,13. Engineering,Matriarch O & M Fee - Phase 1 - Sept
Coega Steels Ph2,Active,373,2025-09-30,2025-09,Realised,Expense Claim,32154.96,0,-32154.96,,14. General Expenses,Travel
Coega Steels Ph2,Active,393,2025-09-30,2025-09,Realised,Coega Development Corporation INV76502,135.99,0,-135.99,,15. Service Add On,Evaluation of fitness certificates
Coega Steels Ph2,Active,394,2025-09-30,2025-09,Realised,Coega Development Corporation INV76691,2719.8,0,-2719.8,,15. Service Add On,Evaluation of fitness certificates
Coega Steels Ph2,Active,395,2025-09-30,2025-09,Realised,Coega Development Corporation INV76718,271.98,0,-271.98,,15. Service Add On,Evaluation of fitness certificates
Coega Steels Ph2,Active,396,2025-09-30,2025-09,Realised,Coega Development Corporation INV76726,271.98,0,-271.98,,15. Service Add On,Evaluation of fitness certificates
Coega Steels Ph2,Active,107,2025-10-31,2025-10,Realised,Matriarch - INV-5207,11169,3469.32,-7699.68,-221.9,5. Monitoring,Techsitter - Ground Mount
Coega Steels Ph2,Active,108,2025-10-31,2025-10,Realised,DSV Inv: 180150385,308.98,97.75,-211.23,-216.1,5. Monitoring,Delivery of Techsitter
Coega Steels Ph2,Active,212,2025-10-31,2025-10,Realised,Transfire Inv: UN-18217,1376.27,1352.24,-24.03,-1.8,8. Product Add On ,Poder forFire Extinguisher
Coega Steels Ph2,Active,294,2025-10-31,2025-10,Realised,Container World - P598167,1500,865.42,-634.58,-73.3,10. Site Logistics,Container Hire - November- Container
Coega Steels Ph2,Active,295,2025-10-31,2025-10,Realised,Container World - P598169,1500,865.42,-634.58,-73.3,10. Site Logistics,Container Hire - November- Container
Coega Steels Ph2,Active,296,2025-10-31,2025-10,Realised,Container World - P598179,2550,1471.22,-1078.78,-73.3,10. Site Logistics,Container Hire - November- Container
Coega Steels Ph2,Active,316,2025-10-31,2025-10,Realised,Talisman Hire:Inv 00214681 + 00214480,3086.97,1781.02,-1305.95,-73.3,10. Site Logistics,Site Ablutions - October
Coega Steels Ph2,Active,335,2025-10-31,2025-10,Realised,Okusha - EE18,79700,58776.04,-20923.96,-35.6,11. Due Dilligence,Grid Study
Coega Steels Ph2,Active,359,2025-10-31,2025-10,Realised,Matriarch Inv: 5241,2843,3108.9,265.9,8.6,13. Engineering,Matriarch O & M Fee - Phase 1 - Oct
Coega Steels Ph2,Active,374,2025-10-31,2025-10,Realised,Expense Claim,20629.91,0,-20629.91,,14. General Expenses,Travel
Coega Steels Ph2,Active,397,2025-10-31,2025-10,Realised,Coega Development Corporation INV76801,271.98,0,-271.98,,15. Service Add On,Evaluation of fitness certificates
Coega Steels Ph2,Active,398,2025-10-31,2025-10,Realised,Coega Development Corporation INV76861,12722.45,0,-12722.45,,15. Service Add On,Labour Management Fee
Coega Steels Ph2,Active,410,2025-10-31,2025-10,Realised,Ultimate Soltions INV 2636,1200,0,-1200,,15. Service Add On,5000L Water
Coega Steels Ph2,Active,19,2025-11-30,2025-11,Realised,MSA Energy: CRN0000262,-43292.88,0,43292.88,,1. Panels,Extra Pallet
Coega Steels Ph2,Active,138,2025-11-30,2025-11,Realised,Advanced Strut INV56863,51044,0,-51044,,6. AC Equipment,AC Cable Trays
Coega Steels Ph2,Active,157,2025-11-30,2025-11,Realised,Kathea S19625,862215.35,1549556.86,687341.51,44.4,7.MV Substation,Huawei Smart Transformers - 6MVA 0.8/22kV - Deposit
Coega Steels Ph2,Active,158,2025-11-30,2025-11,Realised,Kathea 500247,2011835.81,3615632.68,1603796.87,44.4,7.MV Substation,Huawei Smart Transformers - 6MVA 0.8/22kV - Balance
Coega Steels Ph2,Active,159,2025-11-30,2025-11,Realised,Kathea S19625,74358.6,133635.85,59277.25,44.4,7.MV Substation,6MVA 0.8/22kV - Warranty Extension 5 Years - Deposit
Coega Steels Ph2,Active,160,2025-11-30,2025-11,Realised,Kathea 500247,173503.4,311816.98,138313.58,44.4,7.MV Substation,6MVA 0.8/22kV - Warranty Extension 5 Years - Balance
Coega Steels Ph2,Active,162,2025-11-30,2025-11,Realised,Kathea S19625,695317.04,1252691.2,557374.16,44.5,7.MV Substation,Huawei Smart Transformers - 3MVA 0.8/22kV - Deposit
Coega Steels Ph2,Active,163,2025-11-30,2025-11,Realised,Kathea 500247,1622406.43,2915757.67,1293351.24,44.4,7.MV Substation,Huawei Smart Transformers - 3MVA 0.8/22kV - Balance
Coega Steels Ph2,Active,164,2025-11-30,2025-11,Realised,Kathea S19625,57775.72,103833.42,46057.7,44.4,7.MV Substation,3MVA 0.8/22kV - Warranty Extension 5 Years - Deposit
Coega Steels Ph2,Active,165,2025-11-30,2025-11,Realised,Kathea 500247,134810.02,242277.98,107467.96,44.4,7.MV Substation,3MVA 0.8/22kV - Warranty Extension 5 Years - Balance
Coega Steels Ph2,Active,167,2025-11-30,2025-11,Realised,Kathea S19625,72693.02,130642.51,57949.49,44.4,7.MV Substation,Inverter Assecories with Spares
Coega Steels Ph2,Active,168,2025-11-30,2025-11,Realised,Kathea 500247,169617.06,304832.52,135215.46,44.4,7.MV Substation,Transformer Assecories with Spares
Coega Steels Ph2,Active,170,2025-11-30,2025-11,Realised,Kathea S19625,27421.37,49281.15,21859.78,44.4,7.MV Substation,Transformer UPS - Deposit
Coega Steels Ph2,Active,171,2025-11-30,2025-11,Realised,Kathea 500247,63983.19,114989.35,51006.16,44.4,7.MV Substation,Transformer UPS - Balance
Coega Steels Ph2,Active,173,2025-11-30,2025-11,Realised,Kathea S19625,159507.77,286664.29,127156.52,44.4,7.MV Substation,Commissioning Services - Deposit - Kathea
Coega Steels Ph2,Active,174,2025-11-30,2025-11,Realised,Kathea 500247,338838.05,608953.24,270115.19,44.4,7.MV Substation,Commissioning Services - Balance - Kathea
Coega Steels Ph2,Active,264,2025-11-30,2025-11,Realised,Omega - OM040496,41010,0,-41010,,10. Site Logistics,
Coega Steels Ph2,Active,297,2025-11-30,2025-11,Realised,Container World - P601672,1550,1770.44,220.44,12.5,10. Site Logistics,Container Hire - December - Container 1
Coega Steels Ph2,Active,298,2025-11-30,2025-11,Realised,Container World - P601674,1550,1770.44,220.44,12.5,10. Site Logistics,Container Hire - December - Container 2
Coega Steels Ph2,Active,299,2025-11-30,2025-11,Realised,Container World P601684,2635,988.11,-1646.89,-166.7,10. Site Logistics,Container Hire - December - Office Container 
Coega Steels Ph2,Active,317,2025-11-30,2025-11,Realised,Talisman Hire - 00216276,2434.8,1343.36,-1091.44,-81.2,10. Site Logistics,Site Ablutions - November
Coega Steels Ph2,Active,329,2025-11-30,2025-11,Realised,2Xtwo - 785,28400,21812.5,-6587.5,-30.2,11. Due Dilligence,Prelim Onsite Inspection & Snag Reporting
Coega Steels Ph2,Active,360,2025-11-30,2025-11,Realised,Matriarch - INV-5464,2843,3155.14,312.14,9.9,13. Engineering,Matriarch O & M Fee - Phase 1 - Nov
Coega Steels Ph2,Active,375,2025-11-30,2025-11,Realised,Expense Claim,15266.94,0,-15266.94,,14. General Expenses,Travel
Coega Steels Ph2,Active,399,2025-11-30,2025-11,Realised,Coega Development Corporation - INV77241,14381.9,0,-14381.9,,15. Service Add On,Labour Management Fee
Coega Steels Ph2,Active,400,2025-11-30,2025-11,Realised,Coega Development Corporation - INV77755,9126.98,0,-9126.98,,15. Service Add On,Labour Management Fee
Coega Steels Ph2,Active,409,2025-11-30,2025-11,Realised,Alpha Omega Inv 102784,160210.05,0,-160210.05,,15. Service Add On,Directional Drilling
Coega Steels Ph2,Active,27,2025-12-31,2025-12,Realised,Kathea - 500335,899.72,0,-899.72,,2. Inverters,Huawei SUN2000 HAV5-Inverter Accessories - 330KTL Inverters 
Coega Steels Ph2,Active,102,2025-12-31,2025-12,Realised,Paul van Vuuren Inv: IOG090,83760,17237.1,-66522.9,-385.9,5. Monitoring,Optic Fiber Installation
Coega Steels Ph2,Active,121,2025-12-31,2025-12,Realised,Herholdts - INV1198397,111600,0,-111600,,6. AC Equipment,LV Cable
Coega Steels Ph2,Active,265,2025-12-31,2025-12,Realised,Omega - OM040593,41010,0,-41010,,10. Site Logistics,
Coega Steels Ph2,Active,266,2025-12-31,2025-12,Realised,Omega - OM040944,41470,790.55,-40679.45,-5145.7,10. Site Logistics,Omega Security - January 
Coega Steels Ph2,Active,267,2025-12-31,2025-12,Realised,Omega - OMO40594,460,0,-460,,10. Site Logistics,Installation of Fuard Secure
Coega Steels Ph2,Active,300,2025-12-31,2025-12,Realised,Container World P605064,1550,0,-1550,,10. Site Logistics,Container Hire - January - Container 1
Coega Steels Ph2,Active,301,2025-12-31,2025-12,Realised,Container World P605066,1550,0,-1550,,10. Site Logistics,Container Hire - January - Container 2
Coega Steels Ph2,Active,302,2025-12-31,2025-12,Realised,Container World P605075,2635,0,-2635,,10. Site Logistics,Container Hire - January - Office Container 
Coega Steels Ph2,Active,318,2025-12-31,2025-12,Realised,Talisman Hire - 00217594,1217.4,608.43,-608.97,-100.1,10. Site Logistics,Site Ablutions - December
Coega Steels Ph2,Active,319,2025-12-31,2025-12,Realised,Talisman Hire - 00217616,608.7,304.21,-304.49,-100.1,10. Site Logistics,Site Ablutions - December
Coega Steels Ph2,Active,361,2025-12-31,2025-12,Realised,Matriarch - INV-5801,2843,3118.03,275.03,8.8,13. Engineering,Matriarch O & M Fee - Phase 1 - Dec
Coega Steels Ph2,Active,376,2025-12-31,2025-12,Realised,Expense Claim,59700.29,0,-59700.29,,14. General Expenses,Travel
Coega Steels Ph2,Active,405,2025-12-31,2025-12,Realised,DSV Inv: 180157893,319.09,0,-319.09,,15. Service Add On,courier of Utility Meter
Coega Steels Ph2,Active,411,2025-12-31,2025-12,Realised,Ultimate Soltions INV 2647,1200,0,-1200,,15. Service Add On,5000L Water
Coega Steels Ph2,Active,28,2026-01-31,2026-01,Realised,Kathea - 500335,-899.72,0,899.72,,2. Inverters,
Coega Steels Ph2,Active,103,2026-01-31,2026-01,Realised,Paul Van Vuuren - IOG122,1980,562.22,-1417.78,-252.2,5. Monitoring,Supply & Delivery - Mode Duplex Fibre Modules 
Coega Steels Ph2,Active,104,2026-01-31,2026-01,Realised,Paul van Vuuren - CN000217,-1980,0,1980,,5. Monitoring,
Coega Steels Ph2,Active,110,2026-01-31,2026-01,Realised,AccuEnergy - ASAI-007302,3170,7.42,-3162.58,-42622.4,5. Monitoring,AcuRev Energy Meter
Coega Steels Ph2,Active,222,2026-01-31,2026-01,Realised,Luken Solar - INV-0701,480000,305666.3,-174333.7,-57.0,9. AC & DC installation,Panel Installation Complete
Coega Steels Ph2,Active,223,2026-01-31,2026-01,Realised,Luken Solar - INV-0701,120000,76416.57,-43583.43,-57.0,9. AC & DC installation,Stringing Complete
Coega Steels Ph2,Active,224,2026-01-31,2026-01,Realised,Luken Solar - INV-0701,120000,76416.57,-43583.43,-57.0,9. AC & DC installation,Snag Completion
Coega Steels Ph2,Active,225,2026-01-31,2026-01,Realised,Luken Solar - INV-0701,60000,38208.29,-21791.71,-57.0,9. AC & DC installation,End of Defects Period
Coega Steels Ph2,Active,236,2026-01-31,2026-01,Realised,Luken Solar - INV-0701,75000,47760.36,-27239.64,-57.0,9. AC & DC installation,Snag Completion
Coega Steels Ph2,Active,237,2026-01-31,2026-01,Realised,Luken Solar - INV-0701,37500,23880.18,-13619.82,-57.0,9. AC & DC installation,End of Defects Period
Coega Steels Ph2,Active,247,2026-01-31,2026-01,Realised,Luken Solar - INV-0701,97500,62088.47,-35411.53,-57.0,9. AC & DC installation,Snag Completion
Coega Steels Ph2,Active,248,2026-01-31,2026-01,Realised,Luken Solar - INV-0701,48750,31044.23,-17705.77,-57.0,9. AC & DC installation,End of Defects Period
Coega Steels Ph2,Active,303,2026-01-31,2026-01,Realised,Container World P608429,1400,0,-1400,,10. Site Logistics,Container Hire - February - Office Container 
Coega Steels Ph2,Active,304,2026-01-31,2026-01,Realised,Container World P608431,1400,0,-1400,,10. Site Logistics,Container Hire - February - Office Container 
Coega Steels Ph2,Active,305,2026-01-31,2026-01,Realised,Container World P608440,2380,0,-2380,,10. Site Logistics,Container Hire - February - Office Container 
Coega Steels Ph2,Active,320,2026-01-31,2026-01,Realised,Talisman Hire - 00218837,1826.1,0,-1826.1,,10. Site Logistics,Site Ablutions - January
Coega Steels Ph2,Active,321,2026-01-31,2026-01,Realised,Talisman Hire - 00218853,913.05,0,-913.05,,10. Site Logistics,Site Ablutions - January
Coega Steels Ph2,Active,362,2026-01-31,2026-01,Realised,Matriarch - INV-6102,2843,2843,0,0.0,13. Engineering,Matriarch O & M Fee - Phase 1 - Jan
Coega Steels Ph2,Active,363,2026-01-31,2026-01,Realised,Matriarch - INV-6216,8737.26,8737.26,0.0,0.0,13. Engineering,Panel Clean
Coega Steels Ph2,Active,377,2026-01-31,2026-01,Realised,Expense Claim,28655.7,0,-28655.7,,14. General Expenses,Travel
Coega Steels Ph2,Active,388,2026-01-31,2026-01,Realised,Coega Development Corporation INV78403,140.75,0,-140.75,,15. Service Add On,Evaluation of fitness certificates
Coega Steels Ph2,Active,401,2026-01-31,2026-01,Realised,Coega Development Corporation - INV78326,1936.03,0,-1936.03,,15. Service Add On,Labour Management Fee
Coega Steels Ph2,Active,412,2026-01-31,2026-01,Realised,Ultimate Soltions INV 2667,1200,0,-1200,,15. Service Add On,5000L Water
Coega Steels Ph2,Active,439,2026-01-31,2026-01,Realised,Fedgroup - LT000589_251231,271125.69,0,-271125.69,,15. Service Add On,Coega Steel PH2 - December 2025 Interest
Coega Steels Ph2,Active,34,2026-02-28,2026-02,Realised,Allocated to Ziegler Warehouse,-5000.8,0,5000.8,,3. Mounting Structures,Mid Clamps -
Coega Steels Ph2,Active,38,2026-02-28,2026-02,Realised,Allocated to Ziegler Warehouse,-5033.6,0,5033.6,,3. Mounting Structures,IBR Mounting clamps - 130004-200 returned to stock
Coega Steels Ph2,Active,61,2026-02-28,2026-02,Realised,Allocated to Ziegler Warehouse,-52000,0,52000,,4. DC Equipment,DC Cable Red (Returned to stock)
Coega Steels Ph2,Active,62,2026-02-28,2026-02,Realised,Allocated to Ziegler Warehouse,-62270,0,62270,,4. DC Equipment,DC Cable Black (Returned to stock)
Coega Steels Ph2,Active,66,2026-02-28,2026-02,Realised,Allocated to Ziegler Warehouse,-900,0,900,,4. DC Equipment,50mm x 3m R/Flange cable tray - 
Coega Steels Ph2,Active,67,2026-02-28,2026-02,Realised,Allocated to Ziegler Warehouse,-261,0,261,,4. DC Equipment,50mm x 3m R/Flange cable tray covers 
Coega Steels Ph2,Active,68,2026-02-28,2026-02,Realised,Allocated to Ziegler Warehouse,-8016,0,8016,,4. DC Equipment,300mm x 3m R/Flange cable tray 
Coega Steels Ph2,Active,69,2026-02-28,2026-02,Realised,Allocated to Ziegler Warehouse,-7200,0,7200,,4. DC Equipment,300mm x 3m R/Flange cable tray covers
Coega Steels Ph2,Active,70,2026-02-28,2026-02,Realised,Allocated to Ziegler Warehouse,-711,0,711,,4. DC Equipment,75mm x 3m R/Flange cable tray
Coega Steels Ph2,Active,71,2026-02-28,2026-02,Realised,Allocated to Ziegler Warehouse,-234,0,234,,4. DC Equipment,75mm x 3m R/Flange cable tray cover
Coega Steels Ph2,Active,72,2026-02-28,2026-02,Realised,Allocated to Ziegler Warehouse,-492,0,492,,4. DC Equipment,110mm x 3m R/Flange cable tray
Coega Steels Ph2,Active,73,2026-02-28,2026-02,Realised,Allocated to Ziegler Warehouse,-750,0,750,,4. DC Equipment,225mm x 3m R/Flange cable tray
Coega Steels Ph2,Active,74,2026-02-28,2026-02,Realised,Allocated to Ziegler Warehouse,-378,0,378,,4. DC Equipment,300mm R/F Elbow
Coega Steels Ph2,Active,75,2026-02-28,2026-02,Realised,Allocated to Ziegler Warehouse,-360,0,360,,4. DC Equipment,300mm R/F Elbow cover
Coega Steels Ph2,Active,76,2026-02-28,2026-02,Realised,Allocated to Ziegler Warehouse,-1410,0,1410,,4. DC Equipment,450mm R/F Elbow
Coega Steels Ph2,Active,77,2026-02-28,2026-02,Realised,Allocated to Ziegler Warehouse,-540,0,540,,4. DC Equipment,450mm R/F Elbow cover
Coega Steels Ph2,Active,78,2026-02-28,2026-02,Realised,Allocated to Ziegler Warehouse,-491,0,491,,4. DC Equipment,600mm Ladderack elbow
Coega Steels Ph2,Active,125,2026-02-28,2026-02,Realised,Allocated to Ziegler Warehouse,-249390,0,249390,,6. AC Equipment,185mm x 3core Cu XLPE PVC SWA
Coega Steels Ph2,Active,128,2026-02-28,2026-02,Realised,Allocated to Ziegler Warehouse,-73000,0,73000,,6. AC Equipment,Earthing Cable 6sqmm (returned to stock)
Coega Steels Ph2,Active,130,2026-02-28,2026-02,Realised,Allocated to Ziegler Warehouse,-9800,0,9800,,6. AC Equipment,70sqmm BCEW (Bare copper earth cable) (returned to stock)
Coega Steels Ph2,Active,131,2026-02-28,2026-02,Realised,Allocated to Ziegler Warehouse,-13860,0,13860,,6. AC Equipment,95sqmm G/Y House wire cable (returned to stock)
Coega Steels Ph2,Active,132,2026-02-28,2026-02,Realised,Allocated to Ziegler Warehouse,-18875,0,18875,,6. AC Equipment,50sqmm G/Y House wire (returned to stock)
Coega Steels Ph2,Active,133,2026-02-28,2026-02,Realised,Allocated to Ziegler Warehouse,-16065,0,16065,,6. AC Equipment,No.6 Compression Glands (returned to stock)
Coega Steels Ph2,Active,134,2026-02-28,2026-02,Realised,Allocated to Ziegler Warehouse,-604.65,0,604.65,,6. AC Equipment,Alu Lugs 150x12
Coega Steels Ph2,Active,135,2026-02-28,2026-02,Realised,Allocated to Ziegler Warehouse,-10740,0,10740,,6. AC Equipment,150mmx4core Str AL XLPE SWA cable
Coega Steels Ph2,Active,209,2026-02-28,2026-02,Realised,Luken Solar INV-0714,9531.6,47805.18,38273.58,80.1,8. Product Add On ,Waterpoints - Ground Mount  (1 x waterpoint)
Coega Steels Ph2,Active,268,2026-02-28,2026-02,Realised,Omega - OM041678,41470,0,-41470,,10. Site Logistics,Omega Security - February
Coega Steels Ph2,Active,307,2026-02-28,2026-02,Realised,Container World P611940,1550,0,-1550,,10. Site Logistics,Container Hire - March - Office Container 
Coega Steels Ph2,Active,308,2026-02-28,2026-02,Realised,Container World P611942,1550,0,-1550,,10. Site Logistics,Container Hire - March - Office Container 
Coega Steels Ph2,Active,309,2026-02-28,2026-02,Realised,Container World P611950,2635,0,-2635,,10. Site Logistics,Container Hire - March - Office Container 
Coega Steels Ph2,Active,322,2026-02-28,2026-02,Realised,Talisman Hire - 00220052,2434.78,0,-2434.78,,10. Site Logistics,Site Ablutions - February
Coega Steels Ph2,Active,323,2026-02-28,2026-02,Realised,Talisman Hire - 00220066,1217.39,0,-1217.39,,10. Site Logistics,Site Ablutions - February
Coega Steels Ph2,Active,328,2026-02-28,2026-02,Realised,2XTwo - EME-262,35600,193606.68,158006.68,81.6,11. Due Dilligence,Technical Review - Onsite inspection and reporting - Final I
Coega Steels Ph2,Active,339,2026-02-28,2026-02,Realised,Matriarch - INV-6571,10000,11581.17,1581.17,13.7,11. Due Dilligence,Red Team Inspection - Dec - 1
Coega Steels Ph2,Active,340,2026-02-28,2026-02,Realised,Matriarch - INV-6571,10000,11581.17,1581.17,13.7,11. Due Dilligence,Red Team Inspection - Dec - 2
Coega Steels Ph2,Active,345,2026-02-28,2026-02,Realised,Matriarch - INV-6572,82140.67,86896.76,4756.09,5.5,13. Engineering,Performance Guarantee
Coega Steels Ph2,Active,346,2026-02-28,2026-02,Realised,Matriarch - INV-6572,82140.67,86896.76,4756.09,5.5,13. Engineering,Performance Guarantee
Coega Steels Ph2,Active,347,2026-02-28,2026-02,Realised,Matriarch - INV-6572,82140.67,86896.76,4756.09,5.5,13. Engineering,Performance Guarantee
Coega Steels Ph2,Active,348,2026-02-28,2026-02,Realised,Matriarch - INV-6572,82140.67,86896.76,4756.09,5.5,13. Engineering,Performance Guarantee
Coega Steels Ph2,Active,349,2026-02-28,2026-02,Realised,Matriarch - INV-6572,82140.67,86896.76,4756.09,5.5,13. Engineering,Performance Guarantee
Coega Steels Ph2,Active,350,2026-02-28,2026-02,Realised,Matriarch - INV-6572,82140.67,86896.76,4756.09,5.5,13. Engineering,Performance Guarantee
Coega Steels Ph2,Active,351,2026-02-28,2026-02,Realised,Matriarch - INV-6572,82140.67,86896.76,4756.09,5.5,13. Engineering,Performance Guarantee
Coega Steels Ph2,Active,352,2026-02-28,2026-02,Realised,Matriarch - INV-6572,82140.67,86896.76,4756.09,5.5,13. Engineering,Performance Guarantee
Coega Steels Ph2,Active,353,2026-02-28,2026-02,Realised,Matriarch - INV-6572,82140.67,86896.76,4756.09,5.5,13. Engineering,Performance Guarantee
Coega Steels Ph2,Active,354,2026-02-28,2026-02,Realised,Matriarch - INV-6572,82140.67,86896.76,4756.09,5.5,13. Engineering,Performance Guarantee
Coega Steels Ph2,Active,355,2026-02-28,2026-02,Realised,Matriarch - INV-6572,82140.67,86896.76,4756.09,5.5,13. Engineering,Performance Guarantee
Coega Steels Ph2,Active,356,2026-02-28,2026-02,Realised,Matriarch - INV-6572,82140.67,86896.8,4756.13,5.5,13. Engineering,Performance Guarantee
Coega Steels Ph2,Active,364,2026-02-28,2026-02,Realised,Matriarch - INV-6568,-8737.26,0,8737.26,,13. Engineering,Panel Clean
Coega Steels Ph2,Active,378,2026-02-28,2026-02,Realised,Expense Claim,52616.57,0,-52616.57,,14. General Expenses,Travel
Coega Steels Ph2,Active,402,2026-02-28,2026-02,Realised,Coega Development Corporation - 06-02-26,5215.61,0,-5215.61,,15. Service Add On,Labour Management Fee
Coega Steels Ph2,Active,403,2026-02-28,2026-02,Realised,Coega Development Corporation - INV79872,7051.28,0,-7051.28,,15. Service Add On,Labour Management Fee
Coega Steels Ph2,Active,440,2026-02-28,2026-02,Realised,Fedgroup - 1110788_260217,496745.53,0,-496745.53,,15. Service Add On,Coega Steel PH2 - Jan 2026 Interest
Coega Steels Ph2,Active,20,2026-03-31,2026-03,Realised,MSA Energy INV000681,13640,0,-13640,,1. Panels,Replace damaged modules
Coega Steels Ph2,Active,21,2026-03-31,2026-03,Realised,MSA Energy INV000681,1600,0,-1600,,1. Panels,Transport
Coega Steels Ph2,Active,269,2026-03-31,2026-03,Realised,Oemga - OM042216,7855.19,0,-7855.19,,10. Site Logistics,
Coega Steels Ph2,Active,310,2026-03-31,2026-03,Realised,Container World - PC44252,-1300,0,1300,,10. Site Logistics,Container Hire - March - Office Container 
Coega Steels Ph2,Active,311,2026-03-31,2026-03,Realised,Container World - PC44221,-1350,0,1350,,10. Site Logistics,Container Hire - March - Office Container 
Coega Steels Ph2,Active,312,2026-03-31,2026-03,Realised,Container World - PC44222,-2295,0,2295,,10. Site Logistics,Container Hire - March - Office Container 
Coega Steels Ph2,Active,379,2026-03-31,2026-03,Realised,Expense Claim,14045.67,0,-14045.67,,14. General Expenses,Travel
Coega Steels Ph2,Active,126,2026-04-30,2026-04,Realised,Allocated from Ziegler Warehouse,249390,0,-249390,,6. AC Equipment,185mm x 3core Cu XLPE PVC SWA
Coega Steels Ph2,Active,380,2026-04-30,2026-04,Realised,Expense Claim,905.85,0,-905.85,,14. General Expenses,Travel
Coega Steels Ph2,Active,418,2026-04-30,2026-04,Realised,Luken Solar - INV-0733,52714.32,0,-52714.32,,15. Service Add On,Luken Solar - MV Cable Installation
Coega Steels Ph2,Active,424,2026-04-30,2026-04,Realised,Helukabel - InvPSI0054674,55420,0,-55420,,15. Service Add On,MV 185x3 CU XLPE SWA PVC 22KV
Coega Steels Ph2,Active,425,2026-04-30,2026-04,Realised,Helukabel - InvPSI0054675,14710.19,0,-14710.19,,15. Service Add On,Transport Cable
Coega Steels Ph2,Active,426,2026-04-30,2026-04,Realised,Luken Solar - INV0731,87500,0,-87500,,15. Service Add On,Waterpoints - Ground Mount (additional 11 points)
Coega Steels Ph2,Active,427,2026-04-30,2026-04,Realised,Luken Solar - INV0731,47814.17,0,-47814.17,,15. Service Add On,
Coega Steels Ph2,Active,428,2026-04-30,2026-04,Realised,Luken Solar - INV0732,67657.09,0,-67657.09,,15. Service Add On,Waterpoints - Roofs
Coega Steels Ph2,Active,429,2026-04-30,2026-04,Realised,Luken Solar - INV0732,107342.91,0,-107342.91,,15. Service Add On,
Coega Steels Ph2,Active,52,2026-05-31,2026-05,Realised,Schletter : INV2870,74000,0,-74000,,3. Mounting Structures,Engineering Signoff
Coega Steels Ph2,Active,381,2026-05-31,2026-05,Unrealised,,700,0,-700,,14. General Expenses,Travel
Coega Steels Ph2,Active,423,2026-05-31,2026-05,Realised,Ziegler - W00216980,8835.8,0,-8835.8,,15. Service Add On,Transport cable
Coega Steels Ph2,Active,53,2026-06-30,2026-06,Planned,,-74000,0,74000,,3. Mounting Structures,Engineering Signoff
Coega Steels Ph2,Active,382,2026-06-30,2026-06,Planned,,700,0,-700,,14. General Expenses,Travel
Coega Steels Ph2,Active,415,2026-06-30,2026-06,Planned,,522105,0,-522105,,15. Service Add On,ARB - 240mm Alu XLPE 22kV
Coega Steels Ph2,Active,417,2026-06-30,2026-06,Planned,,222381.68,0,-222381.68,,15. Service Add On,Labour - Budget
Coega Steels Ph2,Active,420,2026-06-30,2026-06,Planned,,24904,0,-24904,,15. Service Add On,Accuenergy - Integrator Kits for the Techsitters
Coega Steels Ph2,Active,383,2026-07-31,2026-07,Planned,,700,0,-700,,14. General Expenses,Travel
Coega Steels Ph2,Active,442,2026-08-31,2026-08,Planned,,71895.6,0,-71895.6,,15. Service Add On,Module Cleaning
De Drift,Active,6,2026-03-31,2026-03,Realised,MSA Energy- INV0003678,1600840,2183668.42,582828.42,26.7,1. Panels,Jinko Tiger Neo N-type66HL4M-BDV - 620W
De Drift,Active,14,2026-03-31,2026-03,Realised,MSA Energy- INV0003678,482092.45,576470.59,94378.14,16.4,2. Inverters,Huawei 100KTL
De Drift,Active,21,2026-03-31,2026-03,Realised,Schletter - INV002774,123543,376621.18,253078.18,67.2,3. Mounting Structures,Schletter Structure
De Drift,Active,30,2026-03-31,2026-03,Realised,Allocated from Seshego,54600,62891.62,8291.62,13.2,4. DC Equipment,Dc cable red from Seshego
De Drift,Active,31,2026-03-31,2026-03,Realised,Allocated from Seshego,47775,55030.17,7255.17,13.2,4. DC Equipment,Dc cable black from Seshego
De Drift,Active,40,2026-03-31,2026-03,Realised,Cosmic Sun - CS_DDT_001,34787.5,40070.37,5282.87,13.2,4. DC Equipment,Project Kick Off
De Drift,Active,41,2026-03-31,2026-03,Realised,Cosmic Sun - CS_DDT_002,52181.25,60105.55,7924.3,13.2,4. DC Equipment,Site Establishment
De Drift,Active,52,2026-03-31,2026-03,Realised,MSA Energy- INV0003678,8598.34,11524.74,2926.4,25.4,5. Monitoring,Smartlogger 3000
De Drift,Active,54,2026-03-31,2026-03,Realised,AccuEnergy - ASAI-007737,19798,26536.14,6738.14,25.4,5. Monitoring,Cts and Meters
De Drift,Active,67,2026-03-31,2026-03,Realised,Switchboard - 2-SOI002927,253044.65,462897.41,209852.76,45.3,6. AC Equipment,PVDB
De Drift,Active,72,2026-03-31,2026-03,Realised,Cosmic Sun - CS_DDT_001,15850,28994.58,13144.58,45.3,6. AC Equipment,Project Kick Off
De Drift,Active,73,2026-03-31,2026-03,Realised,Cosmic Sun - CS_DDT_002,23775,43491.87,19716.87,45.3,6. AC Equipment,Site Establishment
De Drift,Active,104,2026-03-31,2026-03,Realised,Cosmic Sun - CS_DDT_001,93300,70702.22,-22597.78,-32.0,9. AC & DC installation,Project Kick Off
De Drift,Active,105,2026-03-31,2026-03,Realised,Cosmic Sun - CS_DDT_002,139950,106053.33,-33896.67,-32.0,9. AC & DC installation,Site Establishment
De Drift,Active,120,2026-03-31,2026-03,Realised,Cosmic Sun - CS_DDT_001,7435,17387.48,9952.48,57.2,10. Site Logistics,Project Kick Off
De Drift,Active,121,2026-03-31,2026-03,Realised,Cosmic Sun - CS_DDT_002,11152.5,26081.22,14928.72,57.2,10. Site Logistics,Site Establishment
De Drift,Active,134,2026-03-31,2026-03,Realised,Okusha - EE25,91380,107389.67,16009.67,14.9,11. Due Dilligence,Grid Study
De Drift,Active,138,2026-03-31,2026-03,Realised,Auxilio Dei Inv: 032,21002.22,0,-21002.22,,12. BDP Commission,PD Fee
De Drift,Active,139,2026-03-31,2026-03,Realised,Auxilio Dei Inv: 032,21002.22,0,-21002.22,,12. BDP Commission,
De Drift,Active,148,2026-03-31,2026-03,Realised,Expense Claim,1485,1927.41,442.41,23.0,14. General Expenses,Travel
De Drift,Active,22,2026-04-30,2026-04,Realised,Schletter - INV002844,6066,0,-6066,,3. Mounting Structures,Additional Clamps
De Drift,Active,29,2026-04-30,2026-04,Realised,MSA Energy - INV0003826,127200,71576.74,-55623.26,-77.7,4. DC Equipment,DC Cable
De Drift,Active,32,2026-04-30,2026-04,Realised,Allocated to PnP Bethal,-54600,-62891.62,-8291.62,13.2,4. DC Equipment,DC cable red to PnP Bethal
De Drift,Active,33,2026-04-30,2026-04,Realised,Allocated to PnP Bethal,-47775,-55030.17,-7255.17,13.2,4. DC Equipment,DC cable black to PnP Bethal
De Drift,Active,34,2026-04-30,2026-04,Realised,Rubicon INVRED-0143639,56500,46679.77,-9820.23,-21.0,4. DC Equipment,DC Cable 
De Drift,Active,35,2026-04-30,2026-04,Realised,ABL Transport - 0385,4500,3717.86,-782.14,-21.0,4. DC Equipment,Transport
De Drift,Active,53,2026-04-30,2026-04,Realised,MSA Energy - INV0003811,300,326.6,26.6,8.1,5. Monitoring,Delivery - smart logger 
De Drift,Active,55,2026-04-30,2026-04,Realised,Matriarch - INV-7284,14934,19972.63,5038.63,25.2,5. Monitoring,Revenue Grade Meter
De Drift,Active,57,2026-04-30,2026-04,Realised,Rubicon Inv: 0143104,105000,140417.11,35417.11,25.2,5. Monitoring,Apex Controller with Licensces
De Drift,Active,58,2026-04-30,2026-04,Realised,Uber,73,97.63,24.63,25.2,5. Monitoring,Delivery Apex Controller
De Drift,Active,59,2026-04-30,2026-04,Realised,Accuenergy Inv: ASAI-007878,4330,5790.91,1460.91,25.2,5. Monitoring,CT
De Drift,Active,60,2026-04-30,2026-04,Realised,Uber,30,40.12,10.12,25.2,5. Monitoring,Delivery of Comms Equip
De Drift,Active,7,2026-05-31,2026-05,Realised,MSA Energy - INV-00003957,8556,0,-8556,,1. Panels,Replacement panels (broken)
De Drift,Active,8,2026-05-31,2026-05,Realised,MSA Energy - INV-00003957,3500,0,-3500,,1. Panels,Transport 
De Drift,Active,23,2026-05-31,2026-05,Realised,Schletter - INV002898,912.9,0,-912.9,,3. Mounting Structures,End Clamps
De Drift,Active,36,2026-05-31,2026-05,Realised,Helukabel - PSI0055244,310000,256119.08,-53880.92,-21.0,4. DC Equipment,Replacement of stolen cable - Waiting on insurance claim
De Drift,Active,37,2026-05-31,2026-05,Realised,ABL Transport - 0392,14550,12021.07,-2528.93,-21.0,4. DC Equipment,Transport - JHB to CPT
De Drift,Active,38,2026-05-31,2026-05,Realised,Rubicon - INVRED-0146126,34500,28503.57,-5996.43,-21.0,4. DC Equipment,Rubicon - DC Cable
De Drift,Active,39,2026-05-31,2026-05,Realised,ABL Transport - 0410,9700,8014.05,-1685.95,-21.0,4. DC Equipment,Transport - De drift
De Drift,Active,42,2026-05-31,2026-05,Realised,Cosmic Sun - CS_DDT_003,69575,57482.21,-12092.79,-21.0,4. DC Equipment,AC Installation Complete
De Drift,Active,43,2026-05-31,2026-05,Realised,Cosmic Sun - CS_DDT_004,86968.75,71852.76,-15115.99,-21.0,4. DC Equipment,DC Installation Complete
De Drift,Active,44,2026-05-31,2026-05,Realised,Cosmic Sun - CS_DDT_005,34787.5,28741.1,-6046.4,-21.0,4. DC Equipment,Commissioning Complete
De Drift,Active,56,2026-05-31,2026-05,Realised,DSV Inv: 180175712,387.11,0,-387.11,,5. Monitoring,Delivery of Techsitter
De Drift,Active,74,2026-05-31,2026-05,Realised,Cosmic Sun - CS_DDT_003,31700,57989.17,26289.17,45.3,6. AC Equipment,AC Installation Complete
De Drift,Active,75,2026-05-31,2026-05,Realised,Cosmic Sun - CS_DDT_004,39625,72486.46,32861.46,45.3,6. AC Equipment,DC Installation Complete
De Drift,Active,76,2026-05-31,2026-05,Realised,Cosmic Sun - CS_DDT_005,15850,28994.58,13144.58,45.3,6. AC Equipment,Commissioning Complete
De Drift,Active,106,2026-05-31,2026-05,Realised,Cosmic Sun - CS_DDT_003,186600,141404.44,-45195.56,-32.0,9. AC & DC installation,AC Installation Complete
De Drift,Active,107,2026-05-31,2026-05,Realised,Cosmic Sun - CS_DDT_004,233250,176755.56,-56494.44,-32.0,9. AC & DC installation,DC Installation Complete
De Drift,Active,108,2026-05-31,2026-05,Realised,Cosmic Sun - CS_DDT_005,93300,70702.22,-22597.78,-32.0,9. AC & DC installation,Commissioning Complete
De Drift,Active,116,2026-05-31,2026-05,Realised,SJC SECURITY - INV018418,19000,26542.21,7542.21,28.4,10. Site Logistics,Security
De Drift,Active,122,2026-05-31,2026-05,Realised,Cosmic Sun - CS_DDT_003,14870,27697.04,12827.04,46.3,10. Site Logistics,AC Installation Complete
De Drift,Active,123,2026-05-31,2026-05,Realised,Cosmic Sun - CS_DDT_004,18587.5,34621.3,16033.8,46.3,10. Site Logistics,DC Installation Complete
De Drift,Active,124,2026-05-31,2026-05,Realised,Cosmic Sun - CS_DDT_005,7435,13848.52,6413.52,46.3,10. Site Logistics,Commissioning Complete
De Drift,Active,150,2026-05-31,2026-05,Unrealised,,3500,4542.72,1042.72,23.0,14. General Expenses,Travel
De Drift,Active,45,2026-06-30,2026-06,Planned,,34787.5,28741.1,-6046.4,-21.0,4. DC Equipment,Site De-establisment
De Drift,Active,46,2026-06-30,2026-06,Planned,,17393.75,14370.55,-3023.2,-21.0,4. DC Equipment,Handover Document Complete
De Drift,Active,61,2026-06-30,2026-06,Planned,,-40000,0,40000,,5. Monitoring,RMA - APEX Controller - Hardware Only
De Drift,Active,62,2026-06-30,2026-06,Planned,,40000,0,-40000,,5. Monitoring,Rubicon - Apex Controller Hardware
De Drift,Active,63,2026-06-30,2026-06,Planned,,700,0,-700,,5. Monitoring,Rubicon - Apex Controller Delivery - Recover from SWB
De Drift,Active,64,2026-06-30,2026-06,Planned,,8000,0,-8000,,5. Monitoring,Rubicon - Apex Controller Handling Fee - Recover from SWB
De Drift,Active,77,2026-06-30,2026-06,Planned,,15850,28994.58,13144.58,45.3,6. AC Equipment,Site De-establisment
De Drift,Active,78,2026-06-30,2026-06,Planned,,7925,14497.29,6572.29,45.3,6. AC Equipment,Handover Document Complete
De Drift,Active,109,2026-06-30,2026-06,Planned,,93300,70702.22,-22597.78,-32.0,9. AC & DC installation,Site De-establisment
De Drift,Active,110,2026-06-30,2026-06,Planned,,46650,35351.11,-11298.89,-32.0,9. AC & DC installation,Handover Document Complete
De Drift,Active,125,2026-06-30,2026-06,Planned,,7435,13848.52,6413.52,46.3,10. Site Logistics,Site De-establisment
De Drift,Active,126,2026-06-30,2026-06,Planned,,3717.5,6924.26,3206.76,46.3,10. Site Logistics,Handover Document Complete
De Drift,Active,132,2026-06-30,2026-06,Planned,,20008.0,23513.38,3505.38,14.9,11. Due Dilligence,Electrical PrEng sign off
De Drift,Active,135,2026-06-30,2026-06,Planned,,6000,7051.19,1051.19,14.9,11. Due Dilligence,Red Team Inspection
De Drift,Active,141,2026-06-30,2026-06,Planned,,74570.16,71710.49,-2859.67,-4.0,13. Engineering,Matriarch Defects Period - 1.25%
De Drift,Active,151,2026-06-30,2026-06,Planned,,3500,4542.72,1042.72,23.0,14. General Expenses,Travel
De Drift,Active,47,2026-07-31,2026-07,Planned,,17393.75,14370.55,-3023.2,-21.0,4. DC Equipment,End of Defects Period
De Drift,Active,79,2026-07-31,2026-07,Planned,,7925,14497.29,6572.29,45.3,6. AC Equipment,End of Defects Period
De Drift,Active,111,2026-07-31,2026-07,Planned,,46650,35351.11,-11298.89,-32.0,9. AC & DC installation,End of Defects Period
De Drift,Active,127,2026-07-31,2026-07,Planned,,3717.5,6924.26,3206.76,46.3,10. Site Logistics,End of Defects Period
De Drift,Active,152,2026-07-31,2026-07,Planned,,3500,4542.72,1042.72,23.0,14. General Expenses,
De Drift,Active,94,2026-08-31,2026-08,Planned,,150000,0,-150000,,8. Product Add On ,Aircon - Provisional Sum - Pushed to Aug
De Drift,Active,136,2026-08-31,2026-08,Planned,,15000,17627.98,2627.98,14.9,11. Due Dilligence,SSEG Inspections
FY 2026 Adhoc,Active,6,2026-02-28,2026-02,Realised,Allocated from BMG Fluid Tech,2790,12510,9720,77.7,1. Products - Magic Co,Router - Used from BMG Fluid tech
FY 2026 Adhoc,Active,62,2026-02-28,2026-02,Realised,Cosmic Sun Inv: CS_BLA_999,18270,0,-18270,,2. Services - Dipula Blackheath,Labour & Material to relocate two inverters
FY 2026 Adhoc,Active,74,2026-02-28,2026-02,Realised,Cosmic Sun Inv: CS_KPG_001,30195,0,-30195,,2. Services - Dipula - Kopnaong Kudube,AC & DC Snag Resolution - Cosmic Sun
FY 2026 Adhoc,Active,79,2026-02-28,2026-02,Realised,CS_SSK_001,27075,0,-27075,,2. Services - Dipula - Sam Sekhoti,AC & DC Snag Resolution - Cosmic Sun
FY 2026 Adhoc,Active,59,2026-03-31,2026-03,Unrealised,,116.14,0,-116.14,,2. Services - Magic Co,Travel
FY 2026 Adhoc,Active,63,2026-03-31,2026-03,Realised,Cosmic Sun Inv: CS_BLA_1000,18270,0,-18270,,2. Services - Dipula Blackheath,
FY 2026 Adhoc,Active,12,2026-04-30,2026-04,Realised,Accuenergy Inv: ASAI-007319,7694,0,-7694,,1. Products - Busamed Harrismith,Meter & CTs
FY 2026 Adhoc,Active,13,2026-04-30,2026-04,Realised,Allocated from jHB Storeroom,24757,0,-24757,,1. Products - Busamed Harrismith,3 Pole Breaker
FY 2026 Adhoc,Active,14,2026-04-30,2026-04,Realised,Accuenergy Inv: ASAI-007296,7080,0,-7080,,1. Products - Busamed Harrismith,Meter & CTs
FY 2026 Adhoc,Active,15,2026-04-30,2026-04,Realised,DSV Inv: 180164634,426.65,0,-426.65,,1. Products - Busamed Harrismith,Delivery of Breaker
FY 2026 Adhoc,Active,29,2026-04-30,2026-04,Realised,Cosmic Sun - CS_LEAH_001,53596.64,30344.4,-23252.24,-76.6,1. Products - Leeu Estate ADHOC,Deposit 30%
FY 2026 Adhoc,Active,66,2026-04-30,2026-04,Realised,Matthews Group Inv: 1596,25749,0,-25749,,2. Services - Busamed Harrismith,AC Works - Matthews Group
FY 2026 Adhoc,Active,67,2026-04-30,2026-04,Realised,Matthews Group Inv: 1596,25749,0,-25749,,2. Services - Busamed Harrismith,AC Works - Matthews Group
FY 2026 Adhoc,Active,69,2026-04-30,2026-04,Realised,Expense Claim,7340.94,0,-7340.94,,2. Services - Busamed Harrismith,Travel
FY 2026 Adhoc,Active,70,2026-04-30,2026-04,Realised,Tier Power Solutions Inv: INV1188,25400,0,-25400,,2. Services - Busamed Harrismith,Engineering Service
FY 2026 Adhoc,Active,85,2026-04-30,2026-04,Realised,Cosmic Sun - CS_LEAH_001,8400,0,-8400,,2. Services - Leeu Estate ADHOC,Deposit 30%
FY 2026 Adhoc,Active,33,2026-05-31,2026-05,Realised,Cosmic Sun - CS_LEAH_005,3850,2179.73,-1670.27,-76.6,1. Products - Leeu Estate ADHOC,Additional Extractor Fan + Thermostat
FY 2026 Adhoc,Active,35,2026-05-31,2026-05,Realised,Allocated from Cpt Storeroom,13650,23810.79,10160.79,42.7,1. Products - Constantia Village - Inverter Upgrade,DC Cable -  Black - Shoprite Bredarsdorp
FY 2026 Adhoc,Active,36,2026-05-31,2026-05,Realised,Allocated from Cpt Storeroom,17745,30954.03,13209.03,42.7,1. Products - Constantia Village - Inverter Upgrade,DC Cable - Red - Shoprite Bredarsdorp
FY 2026 Adhoc,Active,38,2026-05-31,2026-05,Realised,Cosmic Sun - CS_CSV_001,42158,73539.59,31381.59,42.7,1. Products - Constantia Village - Inverter Upgrade,Cosmic Sun - Remedial Work (Install and Reinstall Inverters)
FY 2026 Adhoc,Active,39,2026-05-31,2026-05,Realised,Cosmic Sun - CS_CSV_002,42158,73539.59,31381.59,42.7,1. Products - Constantia Village - Inverter Upgrade,Cosmic Sun - Remedial Work (Install and Reinstall Inverters)
FY 2026 Adhoc,Active,42,2026-05-31,2026-05,Realised,MSA Energy - INV-0003927,7182.3,1414.56,-5767.74,-407.7,1. Products - Ridegeview Rebuild,MC4 Connectors
FY 2026 Adhoc,Active,68,2026-05-31,2026-05,Realised,Matthews Group Inv: 1632,15347.6,0,-15347.6,,2. Services - Busamed Harrismith,VO - Install Grid Meter
FY 2026 Adhoc,Active,95,2026-05-31,2026-05,Unrealised,,500,19236.2,18736.2,97.4,2. Services - Constantia Village - Inverter Upgrade,Travel 
FY 2026 Adhoc,Active,30,2026-06-30,2026-06,Planned,,53596.64,30344.4,-23252.24,-76.6,1. Products - Leeu Estate ADHOC,Delivery of Boards 30%
FY 2026 Adhoc,Active,31,2026-06-30,2026-06,Planned,,53596.64,30344.4,-23252.24,-76.6,1. Products - Leeu Estate ADHOC,Works complete 30%
FY 2026 Adhoc,Active,32,2026-06-30,2026-06,Planned,,17865.55,10114.8,-7750.75,-76.6,1. Products - Leeu Estate ADHOC,Sign off + COC 10%
FY 2026 Adhoc,Active,47,2026-06-30,2026-06,Realised,Cosmic Sun - CS_FEN_001 DC,67000,13195.72,-53804.28,-407.7,1. Products - Fenner Restore,DC Labour & Material - Cosmic Sun - Deposit
FY 2026 Adhoc,Active,48,2026-06-30,2026-06,Planned,,67000,13195.72,-53804.28,-407.7,1. Products - Fenner Restore,DC Labour & Material - Cosmic Sun - Balance
FY 2026 Adhoc,Active,49,2026-06-30,2026-06,Realised,Cosmic Sun - CS_FEN_001 AC,95704.66,18849.13,-76855.53,-407.7,1. Products - Fenner Restore,"AC Labour, Material and HSE - Cosmic Sun - Deposit"
FY 2026 Adhoc,Active,50,2026-06-30,2026-06,Planned,,31901.55,6283.04,-25618.51,-407.7,1. Products - Fenner Restore,"AC Labour, Material and HSE - Cosmic Sun - Balance"
FY 2026 Adhoc,Active,51,2026-06-30,2026-06,Planned,,64160,12636.38,-51523.62,-407.7,1. Products - Fenner Restore,PV DB Repairs - EBM
FY 2026 Adhoc,Active,86,2026-06-30,2026-06,Planned,,8400,0,-8400,,2. Services - Leeu Estate ADHOC,Delivery of Boards 30%
FY 2026 Adhoc,Active,87,2026-06-30,2026-06,Planned,,8400,0,-8400,,2. Services - Leeu Estate ADHOC,Works complete 30%
FY 2026 Adhoc,Active,88,2026-06-30,2026-06,Planned,,2800,0,-2800,,2. Services - Leeu Estate ADHOC,Sign off + COC 10%
FY 2026 Adhoc,Active,90,2026-06-30,2026-06,Planned,,2182.83,83978.6,81795.77,97.4,2. Services - Constantia Village - Inverter Upgrade,Matriarch Defects Period
FY 2026 Adhoc,Active,96,2026-06-30,2026-06,Planned,,500,19236.2,18736.2,97.4,2. Services - Constantia Village - Inverter Upgrade,Travel 
Gezina Galleries,Active,107,2025-09-30,2025-09,Realised,Bidvest Protea Coin: 760988,59780,41618.08,-18161.92,-43.6,10. Site Logistics,Security - August
Gezina Galleries,Active,108,2025-09-30,2025-09,Realised,Bidvest Protea Coin: 760989,59780,42250.3,-17529.7,-41.5,10. Site Logistics,Security - September
Gezina Galleries,Active,148,2025-09-30,2025-09,Realised,Expense Claim,980.56,2071.13,1090.57,52.7,14. General Expenses,Travel
Gezina Galleries,Active,162,2025-09-30,2025-09,Realised,Cosmic Sun - CS_GZG_009,19400,0,-19400,,15. Service Add On,CS - Standing Time - VO
Gezina Galleries,Active,88,2025-10-31,2025-10,Realised,Cosmic Sun - CS_GZG_010,15620,0,-15620,,8. Product Add On ,CS - Tie In Kiosk
Gezina Galleries,Active,109,2025-10-31,2025-10,Realised,Bidvest Protea Coin: 763696,60760,4428.63,-56331.37,-1272.0,10. Site Logistics,Security - October
Gezina Galleries,Active,149,2025-10-31,2025-10,Realised,Expense Claim,3618.49,3650.16,31.67,0.9,14. General Expenses,Travel
Gezina Galleries,Active,9,2025-11-30,2025-11,Realised,MSA Energy Solutions INV0003443,6169,0,-6169,,1. Panels,Jinko 620W - Menlo
Gezina Galleries,Active,10,2025-11-30,2025-11,Realised,MSA Energy Solutions INV0003443,800,0,-800,,1. Panels,Transport
Gezina Galleries,Active,22,2025-11-30,2025-11,Realised,Schletter - INV2459,6506,0,-6506,,3. Mounting Structures,Additional Clamps
Gezina Galleries,Active,80,2025-11-30,2025-11,Realised,Cosmic Sun - CS_GZG_011_VO,6000,0,-6000,,8. Product Add On ,Estop
Gezina Galleries,Active,86,2025-11-30,2025-11,Realised,NDAWONGA TRADING - 1485,16488,0,-16488,,8. Product Add On ,Waterpoints
Gezina Galleries,Active,95,2025-11-30,2025-11,Realised,Cosmic Sun - CS_GZG_003_B,238500,227036.76,-11463.24,-5.0,9. AC & DC installation,DC Installation Complete
Gezina Galleries,Active,96,2025-11-30,2025-11,Realised,Cosmic Sun - CS_GZG_005_B,95400,90814.71,-4585.29,-5.0,9. AC & DC installation,Commissioning Complete
Gezina Galleries,Active,97,2025-11-30,2025-11,Realised,Cosmic Sun - CS_GZG_006_B,95400,90814.71,-4585.29,-5.0,9. AC & DC installation,Site De-establisment
Gezina Galleries,Active,116,2025-11-30,2025-11,Realised,Cosmic Sun - CS_GZG_003_B,17363.75,11245.37,-6118.38,-54.4,10. Site Logistics,DC Installation Complete
Gezina Galleries,Active,117,2025-11-30,2025-11,Realised,Cosmic Sun - CS_GZG_005_B,6945.5,4498.15,-2447.35,-54.4,10. Site Logistics,Commissioning Complete
Gezina Galleries,Active,118,2025-11-30,2025-11,Realised,Cosmic Sun - CS_GZG_006_B,6945.5,4498.15,-2447.35,-54.4,10. Site Logistics,Site De-establisment
Gezina Galleries,Active,150,2025-11-30,2025-11,Realised,Expense Claim,1827.75,1572.17,-255.58,-16.3,14. General Expenses,Travel
Gezina Galleries,Active,164,2025-11-30,2025-11,Realised,Ecom Electrical,4950,0,-4950,,15. Service Add On,Client Electrician Labour
Gezina Galleries,Active,30,2025-12-31,2025-12,Realised,Helukabel - PSI0047534,89700,0,-89700,,4. DC Equipment,DC Cable - Helukabel
Gezina Galleries,Active,31,2025-12-31,2025-12,Realised,Rubicon Inv: INVWCRE-0072974,57500,0,-57500,,4. DC Equipment,DC Cable - Rubicon
Gezina Galleries,Active,98,2025-12-31,2025-12,Realised,Cosmic Sun - CS_GZG_007_B,47700,45407.35,-2292.65,-5.0,9. AC & DC installation,Handover Document Complete
Gezina Galleries,Active,99,2025-12-31,2025-12,Realised,Cosmic Sun - CS_GZG_008_B,47700,45407.35,-2292.65,-5.0,9. AC & DC installation,End of Defects Period
Gezina Galleries,Active,110,2025-12-31,2025-12,Realised,Bidvest Protea Coin: 773193,10780,4323.91,-6456.09,-149.3,10. Site Logistics,Security - November
Gezina Galleries,Active,119,2025-12-31,2025-12,Realised,Cosmic Sun - CS_GZG_007_B,3472.75,2249.07,-1223.68,-54.4,10. Site Logistics,Handover Document Complete
Gezina Galleries,Active,120,2025-12-31,2025-12,Realised,Cosmic Sun - CS_GZG_008_B,3472.75,2249.08,-1223.67,-54.4,10. Site Logistics,End of Defects Period
Gezina Galleries,Active,151,2025-12-31,2025-12,Realised,Expense Claim,495.04,698.1,203.06,29.1,14. General Expenses,Travel
Gezina Galleries,Active,81,2026-01-31,2026-01,Realised,Cosmic Sun - CS_GZG_012,1728.1,0,-1728.1,,8. Product Add On ,Installation of SPD - Recover Cost from SWB
Gezina Galleries,Active,89,2026-01-31,2026-01,Realised,The Engineering Hub INV/2026/01/0248,85867,0,-85867,,8. Product Add On ,Modification on inverter cage
Gezina Galleries,Active,111,2026-01-31,2026-01,Realised,Bidvest Protea Coin: 768743,35280,0,-35280,,10. Site Logistics,Security - December
Gezina Galleries,Active,152,2026-01-31,2026-01,Realised,Expense Claim,990.08,349.3,-640.78,-183.4,14. General Expenses,Travel
Gezina Galleries,Active,14,2026-02-28,2026-02,Realised,Allocated from Joburg Storeroom,68870,0,-68870,,2. Inverters,Huawei 100KTL 
Gezina Galleries,Active,82,2026-02-28,2026-02,Realised,Switchboard - 2-ARI001536,-1728.1,0,1728.1,,8. Product Add On ,Installation of SPD - Recover Cost from SWB
Gezina Galleries,Active,130,2026-02-28,2026-02,Realised,Matriarch - INV-6571,8000,11769.59,3769.59,32.0,11. Due Dilligence,Red Team Inspection
Gezina Galleries,Active,153,2026-02-28,2026-02,Realised,Expense Claim,617.74,349.3,-268.44,-76.9,14. General Expenses,Travel
Gezina Galleries,Active,165,2026-02-28,2026-02,Realised,PowerTech - INV0001463,4400,0,-4400,,15. Service Add On,Metering Data - Powertech
Gezina Galleries,Active,126,2026-03-31,2026-03,Realised,Sunspot Investments E027,2314.28,0,-2314.28,,11. Due Dilligence,Electrical PrEng sign off
Gezina Galleries,Active,135,2026-03-31,2026-03,Realised,Matriarch -INV-6901,108660.61,325616.75,216956.14,66.6,13. Engineering,Matriarch Defects Period - 1.25%
Gezina Galleries,Active,154,2026-03-31,2026-03,Realised,Expense Claim,356.4,0,-356.4,,14. General Expenses,Travel
Gezina Galleries,Active,15,2026-05-31,2026-05,Realised,MSA Energy Credit: CN-0000400,-68870,0,68870,,2. Inverters,Huawei 100KTL - RMA
Gillwell,Active,87,2025-09-30,2025-09,Realised,Sizisa Ukhanyo Developments Inv: A0018,12930,0,-12930,,8. Product Add On ,Waterpoints
Gillwell,Active,91,2025-09-30,2025-09,Realised,Krannich - INV 15-10013984,97632.57,0,-97632.57,,8. Product Add On ,Longi 610w panels (replacement - damaged by installer) - VO
Gillwell,Active,146,2025-09-30,2025-09,Realised,Expense Claim,5002.96,1151.09,-3851.87,-334.6,14. General Expenses,Travel
Gillwell,Active,157,2025-09-30,2025-09,Realised,Cosmic Sun - CS_GWM_009,57750,0,-57750,,15. Service Add On,Cosmic Sun - Establishment and Re-establishment - VO
Gillwell,Active,85,2025-11-30,2025-11,Realised,Cosmic Sun - CS_GWM_010,12500,0,-12500,,8. Product Add On ,Estop
Gillwell,Active,148,2025-11-30,2025-11,Realised,Expense Claim,0,3092.71,3092.71,100.0,14. General Expenses,Travel
Gillwell,Active,89,2026-01-31,2026-01,Realised,The Engineering Hub INV/2026/01/0250,36463,0,-36463,,8. Product Add On ,Inverter Cage Modification 
Gillwell,Active,92,2026-01-31,2026-01,Realised,Emergent Invoice: 004910,-60000,0,60000,,8. Product Add On ,CS payment for broken panels - VO
Gillwell,Active,53,2026-03-31,2026-03,Realised,Allocated from Upper Eastside,54000,0,-54000,,5. Monitoring,Apex
Gillwell,Active,54,2026-03-31,2026-03,Realised,DSV Inv: 180169937 + 180170816,409.54,0,-409.54,,5. Monitoring,Shipping of Apex
Gillwell,Active,124,2026-03-31,2026-03,Realised,Sunspot Investments E027,2314.28,0,-2314.28,,11. Due Dilligence,Electrical PrEng sign off
Gillwell,Active,150,2026-03-31,2026-03,Realised,Expense Claim,4121.69,0,-4121.69,,14. General Expenses,Travel
Gillwell,Active,160,2026-03-31,2026-03,Realised,Camtech Services - INV1449,4250,0,-4250,,15. Service Add On,Meter installation
Gillwell,Active,162,2026-04-30,2026-04,Realised,Camtech Services - INV1506,4570,0,-4570,,15. Service Add On,Camtech Services - Supply & Install light fittings 
Gillwell,Active,51,2026-05-31,2026-05,Realised,Rubicon Credit: CMWCRE-0008924,-4000,0,4000,,5. Monitoring,RMA Apex
Hungry Lion - Citrusdal,Compliance,6,2025-10-31,2025-10,Realised,Krannich 15-10014209,240370.5,447965.6,207595.1,46.3,1. Panels,Longi 610W - Krannich
Hungry Lion - Citrusdal,Compliance,8,2025-10-31,2025-10,Realised,Krannich 15-10014209,5093.43,9823.63,4730.2,48.2,1. Panels,EPR Fees
Hungry Lion - Citrusdal,Compliance,14,2025-10-31,2025-10,Realised,Krannich 15-10014209,65246,97222.22,31976.22,32.9,2. Inverters,Huawei 100KTL
Hungry Lion - Citrusdal,Compliance,30,2025-10-31,2025-10,Realised,Allocated from Cpt Storeroom,27000,50199.7,23199.7,46.2,4. DC Equipment,DC Cable - stock CPT
Hungry Lion - Citrusdal,Compliance,31,2025-10-31,2025-10,Realised,Allocated from Cpt Storeroom,27000,50199.7,23199.7,46.2,4. DC Equipment,DC Cable - Stock CPT Red
Hungry Lion - Citrusdal,Compliance,34,2025-10-31,2025-10,Realised,JA Electrical Inv 1108,2973.86,5529.14,2555.28,46.2,4. DC Equipment,Project Kick Off
Hungry Lion - Citrusdal,Compliance,50,2025-10-31,2025-10,Realised,AccuEnergy ASAI-006654,24561,29559.17,4998.17,16.9,5. Monitoring,CTs & Meters
Hungry Lion - Citrusdal,Compliance,51,2025-10-31,2025-10,Realised,Matriarch Inv: 5366,22338,26710.13,4372.13,16.4,5. Monitoring,Techsitter
Hungry Lion - Citrusdal,Compliance,52,2025-10-31,2025-10,Realised,DSV Inv:180153158,343.33,410.53,67.2,16.4,5. Monitoring,Delivery of Techsitter 
Hungry Lion - Citrusdal,Compliance,53,2025-10-31,2025-10,Realised,Red Pole - SO-35912,975,1165.83,190.83,16.4,5. Monitoring,Battery 
Hungry Lion - Citrusdal,Compliance,65,2025-10-31,2025-10,Realised,JA Electrical Inv 1108,3412.26,7707.39,4295.13,55.7,6. AC Equipment,Project Kick Off
Hungry Lion - Citrusdal,Compliance,89,2025-10-31,2025-10,Realised,Barrier Projects : 507,11515,31111.11,19596.11,63.0,8. Product Add On ,Inverter Cage
Hungry Lion - Citrusdal,Compliance,90,2025-10-31,2025-10,Realised,Barrier Projects : 507,4935,13333.33,8398.33,63.0,8. Product Add On ,
Hungry Lion - Citrusdal,Compliance,99,2025-10-31,2025-10,Realised,JA Electrical Inv 1108,18598.62,11532.22,-7066.4,-61.3,9. AC & DC installation,Project Kick Off
Hungry Lion - Citrusdal,Compliance,117,2025-10-31,2025-10,Realised,JA Electrical Inv 1108,6704.05,3912.43,-2791.62,-71.4,10. Site Logistics,Project Kick Off
Hungry Lion - Citrusdal,Compliance,9,2025-11-30,2025-11,Realised,Allocated to Cpt Storeroom,-13542,0,13542,,1. Panels,Longi 610 to stock - reduction in scope
Hungry Lion - Citrusdal,Compliance,10,2025-11-30,2025-11,Realised,Krannich 17-01001217,5436.12,0,-5436.12,,1. Panels,Delivery Fee
Hungry Lion - Citrusdal,Compliance,22,2025-11-30,2025-11,Realised,Schletter INV2383,27460,58665.53,31205.53,53.2,3. Mounting Structures,Schletter Structure
Hungry Lion - Citrusdal,Compliance,23,2025-11-30,2025-11,Realised,Schletter INV2383,6486,13856.69,7370.69,53.2,3. Mounting Structures,Additional Structures
Hungry Lion - Citrusdal,Compliance,35,2025-11-30,2025-11,Realised,JA Electrical Inv 1118,4460.79,8307.42,3846.63,46.3,4. DC Equipment,Site Establishment
Hungry Lion - Citrusdal,Compliance,36,2025-11-30,2025-11,Realised,JA Electrical Inv 1125,2973.86,5529.81,2555.95,46.2,4. DC Equipment,AC Installation Complete
Hungry Lion - Citrusdal,Compliance,38,2025-11-30,2025-11,Realised,JA Electrical Inv 1125,5947.72,11059.61,5111.89,46.2,4. DC Equipment,DC Installation Complete
Hungry Lion - Citrusdal,Compliance,39,2025-11-30,2025-11,Realised,JA Electrical Inv 1130,1486.93,2764.9,1277.97,46.2,4. DC Equipment,DC Installation Complete
Hungry Lion - Citrusdal,Compliance,40,2025-11-30,2025-11,Realised,JA Electrical Inv 1137,2973.86,5529.81,2555.95,46.2,4. DC Equipment,Commissioning Complete
Hungry Lion - Citrusdal,Compliance,41,2025-11-30,2025-11,Realised,JA Electrical Inv 1138,2973.86,5529.81,2555.95,46.2,4. DC Equipment,Site De-establisment
Hungry Lion - Citrusdal,Compliance,42,2025-11-30,2025-11,Realised,JA Electrical Inv 1139,1486.93,2764.9,1277.97,46.2,4. DC Equipment,Handover Document Complete
Hungry Lion - Citrusdal,Compliance,43,2025-11-30,2025-11,Realised,JA Electrical Inv 1140,1476.92,2746.29,1269.37,46.2,4. DC Equipment,End of Defects Period
Hungry Lion - Citrusdal,Compliance,48,2025-11-30,2025-11,Realised,Menlo INV0003384,8598.34,10016.0,1417.66,14.2,5. Monitoring,Smartlogger
Hungry Lion - Citrusdal,Compliance,49,2025-11-30,2025-11,Realised,Menlo INV0003384,100,119.44,19.44,16.3,5. Monitoring,Transport
Hungry Lion - Citrusdal,Compliance,54,2025-11-30,2025-11,Realised,Uber,21.33,25.48,4.15,16.3,5. Monitoring,Delivery of Comms Equip
Hungry Lion - Citrusdal,Compliance,55,2025-11-30,2025-11,Realised,Uber,41,48.97,7.97,16.3,5. Monitoring,
Hungry Lion - Citrusdal,Compliance,60,2025-11-30,2025-11,Realised,Switchboard 2-SOI002609,60403.57,136435.66,76032.09,55.7,6. AC Equipment,PVDB
Hungry Lion - Citrusdal,Compliance,66,2025-11-30,2025-11,Realised,JA Electrical Inv 1118,5118.39,11561.09,6442.7,55.7,6. AC Equipment,Site Establishment
Hungry Lion - Citrusdal,Compliance,67,2025-11-30,2025-11,Realised,JA Electrical Inv 1125,3412.26,7707.39,4295.13,55.7,6. AC Equipment,AC Installation Complete
Hungry Lion - Citrusdal,Compliance,69,2025-11-30,2025-11,Realised,JA Electrical Inv 1125,6824.52,15414.78,8590.26,55.7,6. AC Equipment,DC Installation Complete
Hungry Lion - Citrusdal,Compliance,70,2025-11-30,2025-11,Realised,JA Electrical Inv 1130,1706.13,3853.7,2147.57,55.7,6. AC Equipment,DC Installation Complete
Hungry Lion - Citrusdal,Compliance,71,2025-11-30,2025-11,Realised,JA Electrical Inv 1137,3412.26,7707.39,4295.13,55.7,6. AC Equipment,Commissioning Complete
Hungry Lion - Citrusdal,Compliance,72,2025-11-30,2025-11,Realised,JA Electrical Inv 1138,3412.26,7707.39,4295.13,55.7,6. AC Equipment,Site De-establisment
Hungry Lion - Citrusdal,Compliance,73,2025-11-30,2025-11,Realised,JA Electrical Inv 1139,1706.13,3853.7,2147.57,55.7,6. AC Equipment,Handover Document Complete
Hungry Lion - Citrusdal,Compliance,74,2025-11-30,2025-11,Realised,JA Electrical Inv 1140,1706.13,3853.7,2147.57,55.7,6. AC Equipment,End of Defects Period
Hungry Lion - Citrusdal,Compliance,91,2025-11-30,2025-11,Realised,Barrier Projects Credit : 507,-16450,0,16450,,8. Product Add On ,
Hungry Lion - Citrusdal,Compliance,92,2025-11-30,2025-11,Realised,Barrier Projects : 507,24900,0,-24900,,8. Product Add On ,
Hungry Lion - Citrusdal,Compliance,100,2025-11-30,2025-11,Realised,JA Electrical Inv 1118,27897.93,17306.09,-10591.84,-61.2,9. AC & DC installation,Site Establishment
Hungry Lion - Citrusdal,Compliance,101,2025-11-30,2025-11,Realised,JA Electrical Inv 1125,18598.6,11535.31,-7063.29,-61.2,9. AC & DC installation,AC Installation Complete
Hungry Lion - Citrusdal,Compliance,103,2025-11-30,2025-11,Realised,JA Electrical Inv 1125,37197.24,23070.65,-14126.59,-61.2,9. AC & DC installation,DC Installation Complete
Hungry Lion - Citrusdal,Compliance,104,2025-11-30,2025-11,Realised,JA Electrical Inv 1130,9299.31,5767.66,-3531.65,-61.2,9. AC & DC installation,DC Installation Complete
Hungry Lion - Citrusdal,Compliance,105,2025-11-30,2025-11,Realised,JA Electrical Inv 1137,18578.62,11522.92,-7055.7,-61.2,9. AC & DC installation,Commissioning Complete
Hungry Lion - Citrusdal,Compliance,106,2025-11-30,2025-11,Realised,JA Electrical Inv 1138,18578.62,11522.92,-7055.7,-61.2,9. AC & DC installation,Site De-establisment
Hungry Lion - Citrusdal,Compliance,107,2025-11-30,2025-11,Realised,JA Electrical Inv 1139,9289.3,5761.45,-3527.85,-61.2,9. AC & DC installation,Handover Document Complete
Hungry Lion - Citrusdal,Compliance,108,2025-11-30,2025-11,Realised,JA Electrical Inv 1140,9299.31,5767.66,-3531.65,-61.2,9. AC & DC installation,End of Defects Period
Hungry Lion - Citrusdal,Compliance,113,2025-11-30,2025-11,Realised,HP Security Inv 3951,1533.06,894.68,-638.38,-71.4,10. Site Logistics,Security
Hungry Lion - Citrusdal,Compliance,118,2025-11-30,2025-11,Realised,JA Electrical Inv 1118,10056.07,5868.64,-4187.43,-71.4,10. Site Logistics,Site Establishment
Hungry Lion - Citrusdal,Compliance,119,2025-11-30,2025-11,Realised,JA Electrical Inv 1125,6704.05,3912.43,-2791.62,-71.4,10. Site Logistics,AC Installation Complete
Hungry Lion - Citrusdal,Compliance,121,2025-11-30,2025-11,Realised,JA Electrical Inv 1125,13408.1,7824.86,-5583.24,-71.4,10. Site Logistics,DC Installation Complete
Hungry Lion - Citrusdal,Compliance,122,2025-11-30,2025-11,Realised,JA Electrical Inv 1130,3352.03,1956.21,-1395.82,-71.4,10. Site Logistics,DC Installation Complete
Hungry Lion - Citrusdal,Compliance,123,2025-11-30,2025-11,Realised,JA Electrical Inv 1137,6704.05,3912.43,-2791.62,-71.4,10. Site Logistics,Commissioning Complete
Hungry Lion - Citrusdal,Compliance,124,2025-11-30,2025-11,Realised,JA Electrical Inv 1138,6704.05,3912.43,-2791.62,-71.4,10. Site Logistics,Site De-establisment
Hungry Lion - Citrusdal,Compliance,125,2025-11-30,2025-11,Realised,JA Electrical Inv 1139,3352.03,1956.21,-1395.82,-71.4,10. Site Logistics,Handover Document Complete
Hungry Lion - Citrusdal,Compliance,126,2025-11-30,2025-11,Realised,JA Electrical Inv 1140,3352.03,1956.21,-1395.82,-71.4,10. Site Logistics,End of Defects Period
Hungry Lion - Citrusdal,Compliance,148,2025-11-30,2025-11,Realised,Expense Claim,863.34,1960.17,1096.83,56.0,14. General Expenses,Travel
Hungry Lion - Citrusdal,Compliance,162,2025-11-30,2025-11,Realised,ABL Transport - 0217,3650,0,-3650,,15. Service Add On,Domestic Transport 
Hungry Lion - Citrusdal,Compliance,11,2025-12-31,2025-12,Unrealised,,0,-20283.58,-20283.58,100.0,1. Panels,
Hungry Lion - Citrusdal,Compliance,37,2025-12-31,2025-12,Realised,JA Electrical Inv 1141,2973.82,5529.73,2555.91,46.2,4. DC Equipment,AC Installation Complete
Hungry Lion - Citrusdal,Compliance,56,2025-12-31,2025-12,Realised,Allocated from Cpt Storeroom,1300,0,-1300,,5. Monitoring,Power Supply
Hungry Lion - Citrusdal,Compliance,68,2025-12-31,2025-12,Realised,JA Electrical Inv 1141,3412.24,7707.35,4295.11,55.7,6. AC Equipment,AC Installation Complete
Hungry Lion - Citrusdal,Compliance,102,2025-12-31,2025-12,Realised,JA Electrical Inv 1141,18598.6,11535.33,-7063.27,-61.2,9. AC & DC installation,AC Installation Complete
Hungry Lion - Citrusdal,Compliance,120,2025-12-31,2025-12,Realised,JA Electrical Inv 1141,6704.03,3912.42,-2791.61,-71.4,10. Site Logistics,AC Installation Complete
Hungry Lion - Citrusdal,Compliance,131,2025-12-31,2025-12,Realised,SunSpot - E034,9565,19801.19,10236.19,51.7,11. Due Dilligence,Electrical PrEng sign off
Hungry Lion - Citrusdal,Compliance,134,2025-12-31,2025-12,Realised,Matriarch - INV-5975,6000,12421.03,6421.03,51.7,11. Due Dilligence,Red Team Inspection
Hungry Lion - Citrusdal,Compliance,149,2025-12-31,2025-12,Realised,Expense Claim,1023.4,567.61,-455.79,-80.3,14. General Expenses,Travel
Hungry Lion - Citrusdal,Compliance,140,2026-01-31,2026-01,Realised,Matriarch - INV-6234,16154.12,13287.72,-2866.4,-21.6,13. Engineering,Matriarch Defects Period - 1.25%
Hungry Lion - Citrusdal,Compliance,150,2026-01-31,2026-01,Realised,Expense Claim,136.45,0,-136.45,,14. General Expenses,Travel
Hungry Lion - Citrusdal,Compliance,164,2026-04-30,2026-04,Realised,DCI Electrical - INV0013,4375.2,0,-4375.2,,15. Service Add On,SSEG call out
IconSA_KZN,Compliance,21,2025-09-30,2025-09,Realised,Schletter Inv: INV2149,83929.11,103363.5,19434.39,18.8,3. Mounting Structures,Schletter Structure
IconSA_KZN,Compliance,22,2025-09-30,2025-09,Realised,Precast Structural - IN44436,17723.5,21827.5,4104.0,18.8,3. Mounting Structures,Lintels
IconSA_KZN,Compliance,49,2025-09-30,2025-09,Realised,Red Pole - SO-35912,975,2345.42,1370.42,58.4,5. Monitoring,Battery & Power Supply 
IconSA_KZN,Compliance,47,2025-10-31,2025-10,Realised,Allocated from Corporate PArk,44000,139319.35,95319.35,68.4,5. Monitoring,Apex - Allocated from Corporate Park
IconSA_KZN,Compliance,48,2025-10-31,2025-10,Realised,DSV Inv: 180150385,577.37,1379.89,802.52,58.2,5. Monitoring,Delivery of Apex & Techsitter + Power Supply
IconSA_KZN,Compliance,50,2025-10-31,2025-10,Realised,Allocated from Cpt Storeroom,1300,3094.79,1794.79,58.0,5. Monitoring,Battery & Power Supply 
IconSA_KZN,Compliance,93,2025-10-31,2025-10,Realised,Thula Moya IN04921,11862,12051.2,189.2,1.6,9. AC & DC installation,AC Installation Complete
IconSA_KZN,Compliance,94,2025-10-31,2025-10,Realised,Thula Moya IN04921,14827.5,15064,236.5,1.6,9. AC & DC installation,DC Installation Complete
IconSA_KZN,Compliance,95,2025-10-31,2025-10,Realised,Thula Moya IN04921,5931,6025.6,94.6,1.6,9. AC & DC installation,Commissioning Complete
IconSA_KZN,Compliance,96,2025-10-31,2025-10,Realised,Thula Moya IN04921,5931,6025.6,94.6,1.6,9. AC & DC installation,Site De-establisment
IconSA_KZN,Compliance,97,2025-10-31,2025-10,Realised,Thula Moya IN04921,2965.5,3012.8,47.3,1.6,9. AC & DC installation,Handover Document Complete
IconSA_KZN,Compliance,98,2025-10-31,2025-10,Realised,Thula Moya IN04921,2965.5,3012.8,47.3,1.6,9. AC & DC installation,End of Defects Period
IconSA_KZN,Compliance,122,2025-10-31,2025-10,Realised,Matriarch - INV-5370,6000,13449.46,7449.46,55.4,11. Due Dilligence,Red Team Inspection
IconSA_KZN,Compliance,128,2025-10-31,2025-10,Realised,Matriarch - INV-5369,12839.2,11445,-1394.2,-12.2,13. Engineering,Matriarch Defects Period - 1.25%
IconSA_KZN,Compliance,51,2025-11-30,2025-11,Realised,Accuenergy - ASAI-006874,350,0,-350,,5. Monitoring,Antenna
IconSA_KZN,Compliance,138,2025-11-30,2025-11,Realised,Expense Claim,3159.05,1361,-1798.05,-132.1,14. General Expenses,Travel
IconSA_KZN,Compliance,148,2025-11-30,2025-11,Realised,DSV Inv: 180154233,298.24,0,-298.24,,15. Service Add On,Courier of Sonnel Meter
IconSA_KZN,Compliance,119,2026-01-31,2026-01,Realised,SunSpot - E039,12575,18772.54,6197.54,33.0,11. Due Dilligence,Electrical PrEng sign off
IconSA_KZN,Compliance,151,2026-03-31,2026-03,Realised,"ASI connect""PMQ000015117",2430,0,-2430,,15. Service Add On,Hardwire Comms Cable
Klein Karoo Phase 2,Active,45,2026-04-30,2026-04,Realised,Accuenergy Inv: ASAI-007986,6010,0,-6010,,5. Monitoring,CTS & Meters
Klein Karoo Phase 2,Active,122,2026-04-30,2026-04,Realised,Okusha - EE26,56870,81368.51,24498.51,30.1,11. Due Dilligence,Grid Study - Outside of CoCT
Klein Karoo Phase 2,Active,6,2026-05-31,2026-05,Realised,MSA Energy - INV-0003933,1310011.5,1674145.2,364133.7,21.8,1. Panels,Jinko 615 JKM615N-66HL-BDV
Klein Karoo Phase 2,Active,14,2026-05-31,2026-05,Realised,MSA Energy - INV-0003933,341387.95,409836.07,68448.12,16.7,2. Inverters,Huawei 100KTL
Klein Karoo Phase 2,Active,21,2026-05-31,2026-05,Realised,Schletter Inv: INV002854,84253,225639.34,141386.34,62.7,3. Mounting Structures,Schletter Structure
Klein Karoo Phase 2,Active,28,2026-05-31,2026-05,Realised,Helukabel- PSI0055868,279000,306014.46,27014.46,8.8,4. DC Equipment,DC Cable
Klein Karoo Phase 2,Active,29,2026-05-31,2026-05,Realised,ABL Transport - 0393,11200,12284.45,1084.45,8.8,4. DC Equipment,Transport JHB- CPT
Klein Karoo Phase 2,Active,30,2026-05-31,2026-05,Realised,Ziegler I00005706,7013.37,7692.45,679.08,8.8,4. DC Equipment,Delivery to Oudtshoorn
Klein Karoo Phase 2,Active,32,2026-05-31,2026-05,Realised,Cosmic Sun - CS_KKM2_001,22770,24974.73,2204.73,8.8,4. DC Equipment,Project Kick Off
Klein Karoo Phase 2,Active,33,2026-05-31,2026-05,Realised,Cosmic Sun - CS_KKM2_002,34155,37462.09,3307.09,8.8,4. DC Equipment,Site Establishment
Klein Karoo Phase 2,Active,46,2026-05-31,2026-05,Realised,Matriarch - INV-7566,22338,0,-22338,,5. Monitoring,Revenue Grade Meter
Klein Karoo Phase 2,Active,47,2026-05-31,2026-05,Realised,DSV Inv: 1801765542,607.11,0,-607.11,,5. Monitoring,Delivery of Techsitter
Klein Karoo Phase 2,Active,53,2026-05-31,2026-05,Realised,Switchboard - 2-SOI003224,165178.59,485714.04,320535.45,66.0,6. AC Equipment,PVDB x2 + 2 x Tie in Breakers
Klein Karoo Phase 2,Active,58,2026-05-31,2026-05,Realised,Cosmic Sun - CS_KKM2_001,24800,72925.36,48125.36,66.0,6. AC Equipment,Project Kick Off
Klein Karoo Phase 2,Active,59,2026-05-31,2026-05,Realised,Cosmic Sun - CS_KKM2_002,37200,109388.04,72188.04,66.0,6. AC Equipment,Site Establishment
Klein Karoo Phase 2,Active,90,2026-05-31,2026-05,Realised,Cosmic Sun - CS_KKM2_001,64750,48100.0,-16650.0,-34.6,9. AC & DC installation,Project Kick Off
Klein Karoo Phase 2,Active,91,2026-05-31,2026-05,Realised,Cosmic Sun - CS_KKM2_002,97125,72150.0,-24975.0,-34.6,9. AC & DC installation,Site Establishment
Klein Karoo Phase 2,Active,106,2026-05-31,2026-05,Realised,Cosmic Sun - CS_KKM2_001,7435,8549.5,1114.5,13.0,10. Site Logistics,Project Kick Off
Klein Karoo Phase 2,Active,107,2026-05-31,2026-05,Realised,Cosmic Sun - CS_KKM2_002,11152.5,12824.24,1671.74,13.0,10. Site Logistics,Site Establishment
Klein Karoo Phase 2,Active,120,2026-05-31,2026-05,Realised,Rubicon - INVRED-0145411,210000,315657.68,105657.68,33.5,11. Due Dilligence,Gen Integration Devices - Apex
Klein Karoo Phase 2,Active,136,2026-05-31,2026-05,Unrealised,,13009.5,19273.33,6263.83,32.5,14. General Expenses,Travel
Klein Karoo Phase 2,Active,34,2026-06-30,2026-06,Planned,,45540,49949.46,4409.46,8.8,4. DC Equipment,AC Installation Complete
Klein Karoo Phase 2,Active,35,2026-06-30,2026-06,Planned,,56925,62436.82,5511.82,8.8,4. DC Equipment,DC Installation Complete
Klein Karoo Phase 2,Active,36,2026-06-30,2026-06,Planned,,22770,24974.73,2204.73,8.8,4. DC Equipment,Commissioning Complete
Klein Karoo Phase 2,Active,60,2026-06-30,2026-06,Planned,,49600,145850.72,96250.72,66.0,6. AC Equipment,AC Installation Complete
Klein Karoo Phase 2,Active,61,2026-06-30,2026-06,Planned,,62000,182313.4,120313.4,66.0,6. AC Equipment,DC Installation Complete
Klein Karoo Phase 2,Active,62,2026-06-30,2026-06,Planned,,24800,72925.36,48125.36,66.0,6. AC Equipment,Commissioning Complete
Klein Karoo Phase 2,Active,92,2026-06-30,2026-06,Planned,,129500,96200.0,-33300.0,-34.6,9. AC & DC installation,AC Installation Complete
Klein Karoo Phase 2,Active,93,2026-06-30,2026-06,Planned,,161875,120250.0,-41625.0,-34.6,9. AC & DC installation,DC Installation Complete
Klein Karoo Phase 2,Active,94,2026-06-30,2026-06,Planned,,64750,48100.0,-16650.0,-34.6,9. AC & DC installation,Commissioning Complete
Klein Karoo Phase 2,Active,108,2026-06-30,2026-06,Planned,,14870,17098.99,2228.99,13.0,10. Site Logistics,AC Installation Complete
Klein Karoo Phase 2,Active,109,2026-06-30,2026-06,Planned,,18587.5,21373.74,2786.24,13.0,10. Site Logistics,DC Installation Complete
Klein Karoo Phase 2,Active,110,2026-06-30,2026-06,Planned,,7435,8549.5,1114.5,13.0,10. Site Logistics,Commissioning Complete
Klein Karoo Phase 2,Active,121,2026-06-30,2026-06,Planned,,16000,24050.11,8050.11,33.5,11. Due Dilligence,Red Team Inspection
Klein Karoo Phase 2,Active,128,2026-06-30,2026-06,Planned,,65397.29,61261.6,-4135.69,-6.8,13. Engineering,Matriarch Defects Period - 1.25%
Klein Karoo Phase 2,Active,137,2026-06-30,2026-06,Planned,,13009.5,19273.33,6263.83,32.5,14. General Expenses,Travel
Klein Karoo Phase 2,Active,37,2026-07-31,2026-07,Planned,,34155,37462.09,3307.09,8.8,4. DC Equipment,Handover Document Complete
Klein Karoo Phase 2,Active,63,2026-07-31,2026-07,Planned,,37200,109388.04,72188.04,66.0,6. AC Equipment,Handover Document Complete
Klein Karoo Phase 2,Active,95,2026-07-31,2026-07,Planned,,97125,72150.0,-24975.0,-34.6,9. AC & DC installation,Handover Document Complete
Klein Karoo Phase 2,Active,111,2026-07-31,2026-07,Planned,,11152.5,12824.24,1671.74,13.0,10. Site Logistics,Handover Document Complete
Klein Karoo Phase 2,Active,118,2026-07-31,2026-07,Planned,,13764,20689.11,6925.11,33.5,11. Due Dilligence,Electrical PrEng sign off
Klein Karoo Phase 2,Active,138,2026-07-31,2026-07,Planned,,13009.5,19273.33,6263.83,32.5,14. General Expenses,Travel
Klein Karoo Phase 2,Active,38,2026-08-31,2026-08,Planned,,11385,12487.36,1102.36,8.8,4. DC Equipment,End of Defects Period
Klein Karoo Phase 2,Active,64,2026-08-31,2026-08,Planned,,12400,36462.68,24062.68,66.0,6. AC Equipment,End of Defects Period
Klein Karoo Phase 2,Active,96,2026-08-31,2026-08,Planned,,32375,24050.0,-8325.0,-34.6,9. AC & DC installation,End of Defects Period
Klein Karoo Phase 2,Active,112,2026-08-31,2026-08,Planned,,3717.5,4274.75,557.25,13.0,10. Site Logistics,End of Defects Period
Klein Karoo Phase 2,Active,149,2026-08-31,2026-08,Planned,,15000,0,-15000,,15. Service Add On,Return Excess Material to storeroom
Life Changers,Active,46,2026-05-31,2026-05,Realised,Matriarch - INV-7569,11169,14899.04,3730.04,25.0,5. Monitoring,Revenue Grade Meter
Life Changers,Active,47,2026-05-31,2026-05,Realised,Accuenergy Inv: ASAI-008263,2060,2747.96,687.96,25.0,5. Monitoring,CTs - AccuEnergy
Life Changers,Active,53,2026-05-31,2026-05,Realised,CBB - 5881,18900,16656.96,-2243.04,-13.5,6. AC Equipment,New Main DB - CBB - Deposit
Life Changers,Active,71,2026-05-31,2026-05,Realised,WEG - 94417629,276279,325522.82,49243.82,15.1,7.Generator,WEG - 100kVA Generator - Product
Life Changers,Active,72,2026-05-31,2026-05,Realised,WEG - 94417855,59328,69902.59,10574.59,15.1,7.Generator,WEG - 100kVA Generator - Service
Life Changers,Active,81,2026-05-31,2026-05,Realised,Ask Fritz - 2605_010,36675,62499.75,25824.75,41.3,8. Product Add On ,Ask Fritz - Generator Plinth - Deposit
Life Changers,Active,82,2026-05-31,2026-05,Realised,Ask Fritz - 2605_010,12225,20833.25,8608.25,41.3,8. Product Add On ,Ask Fritz - Generator Plinth - Balance
Life Changers,Active,91,2026-05-31,2026-05,Unrealised,,0,75000,75000,100.0,9. AC & DC installation,Installer - Deposit
Life Changers,Active,135,2026-05-31,2026-05,Unrealised,,218.75,273.5,54.75,20.0,14. General Expenses,Travel
Life Changers,Active,54,2026-06-30,2026-06,Planned,,18900,16656.96,-2243.04,-13.5,6. AC Equipment,New Main DB - CBB - Balance
Life Changers,Active,55,2026-06-30,2026-06,Planned,,12000,10575.85,-1424.15,-13.5,6. AC Equipment,Cable - Council to Main
Life Changers,Active,59,2026-06-30,2026-06,Planned,,17376.33,15314.11,-2062.22,-13.5,6. AC Equipment,Installer - Deposit
Life Changers,Active,60,2026-06-30,2026-06,Planned,,17376.33,15314.11,-2062.22,-13.5,6. AC Equipment,Installer - Balance
Life Changers,Active,74,2026-06-30,2026-06,Planned,,15000,17673.59,2673.59,15.1,7.Generator,Handover Diesel - 380l
Life Changers,Active,136,2026-06-30,2026-06,Planned,,218.75,273.5,54.75,20.0,14. General Expenses,Travel
Life Changers,Active,137,2026-07-31,2026-07,Planned,,218.75,273.5,54.75,20.0,14. General Expenses,Travel
Life Changers,Active,138,2026-08-31,2026-08,Planned,,218.75,273.5,54.75,20.0,14. General Expenses,Travel
Lynnridge Mall_1,Active,132,2025-09-30,2025-09,Realised,JA Electrical - INV1092,79042.5,0,-79042.5,,15. Service Add On,Additional labour
Mahikeng Builders Express,Active,6,2025-10-31,2025-10,Realised,Menlo INV0003366,487812,637909,150097,23.5,1. Panels,Jinko 590W - Menlo
Mahikeng Builders Express,Active,13,2025-10-31,2025-10,Realised,Menlo INV0003366,174424.32,280682,106257.68,37.9,2. Inverters,Huawei 50KTL (Menlo)
Mahikeng Builders Express,Active,21,2025-10-31,2025-10,Realised,Schletter INV 2353,45051,106628.8,61577.8,57.7,3. Mounting Structures,Schletter - Mounting Structure
Mahikeng Builders Express,Active,22,2025-10-31,2025-10,Realised,Schletter INV 2353,2980,7053.2,4073.2,57.7,3. Mounting Structures,Delivery
Mahikeng Builders Express,Active,28,2025-10-31,2025-10,Realised,Menlo INV0003366,81900,76217.1,-5682.9,-7.5,4. DC Equipment,DC Cable - Menlo
Mahikeng Builders Express,Active,34,2025-10-31,2025-10,Realised,The Greenway INV0001528,11582.69,10778.99,-803.7,-7.5,4. DC Equipment,Project Kick Off
Mahikeng Builders Express,Active,35,2025-10-31,2025-10,Realised,The Greenway INV0001529,17374.04,16168.48,-1205.56,-7.5,4. DC Equipment,Site Establishment
Mahikeng Builders Express,Active,46,2025-10-31,2025-10,Realised,Menlo INV0003366,8598.34,9890.21,1291.87,13.1,5. Monitoring,Smartlogger
Mahikeng Builders Express,Active,61,2025-10-31,2025-10,Realised,The Greenway INV0001528,38981.0,31666,-7315.0,-23.1,6. AC Equipment,Project Kick Off
Mahikeng Builders Express,Active,62,2025-10-31,2025-10,Realised,The Greenway INV0001529,58471.49,47499,-10972.49,-23.1,6. AC Equipment,Site Establishment
Mahikeng Builders Express,Active,117,2025-10-31,2025-10,Realised,The Greenway INV0001528,36133.4,22094.4,-14039.0,-63.5,9. AC & DC installation,Project Kick Off
Mahikeng Builders Express,Active,118,2025-10-31,2025-10,Realised,The Greenway INV0001529,54200.1,33141.6,-21058.5,-63.5,9. AC & DC installation,Site Establishment
Mahikeng Builders Express,Active,133,2025-10-31,2025-10,Realised,The Greenway INV0001528,14815.05,5312.97,-9502.08,-178.8,10. Site Logistics,Project Kick Off
Mahikeng Builders Express,Active,134,2025-10-31,2025-10,Realised,The Greenway INV0001529,22222.58,7969.45,-14253.13,-178.8,10. Site Logistics,Site Establishment
Mahikeng Builders Express,Active,146,2025-10-31,2025-10,Realised,L&B Consulting IN-2113,11373.5,2679.88,-8693.62,-324.4,11. Due Dilligence,Structural Sign Off - LnB Consulting
Mahikeng Builders Express,Active,147,2025-10-31,2025-10,Realised,Cosmic Sun - CS_MHK_001,6000,1413.75,-4586.25,-324.4,11. Due Dilligence,Roof Report - Cosmic Sun
Mahikeng Builders Express,Active,150,2025-10-31,2025-10,Realised,WAGMA - INV-000001,25200,5937.76,-19262.24,-324.4,11. Due Dilligence,Safety Officer
Mahikeng Builders Express,Active,164,2025-10-31,2025-10,Realised,Expense Claim,8016.46,1536.81,-6479.65,-421.6,14. General Expenses,Travel
Mahikeng Builders Express,Active,47,2025-11-30,2025-11,Realised,Accuenergy Inv:ASAI-006830,14118,25155.73,11037.73,43.9,5. Monitoring,CTs & Meters
Mahikeng Builders Express,Active,49,2025-11-30,2025-11,Realised,DSV Inv: 180156930,307.94,475.08,167.14,35.2,5. Monitoring,Delivery of Techsitter
Mahikeng Builders Express,Active,50,2025-11-30,2025-11,Realised,IBC Solar - ZA12502620,70989.17,109519.52,38530.35,35.2,5. Monitoring,Meteocontrol Data manager + Station
Mahikeng Builders Express,Active,82,2025-11-30,2025-11,Realised,Onvlee - Inv01051750,213097.85,197924.52,-15173.33,-7.7,8. Product Add On ,Walkways - 300m
Mahikeng Builders Express,Active,83,2025-11-30,2025-11,Realised,Onvlee - PO-4505-MBE-20251128,19795.6,201610.04,181814.44,90.2,8. Product Add On ,Walkways - 20m 
Mahikeng Builders Express,Active,90,2025-11-30,2025-11,Realised,Boukon -25/11/2025,26500,51113.11,24613.11,48.2,8. Product Add On ,Catladder 
Mahikeng Builders Express,Active,96,2025-11-30,2025-11,Realised,LPS - IN307444,7250,6733.77,-516.23,-7.7,8. Product Add On ,Lightning Risk Assessment
Mahikeng Builders Express,Active,104,2025-11-30,2025-11,Realised,JJL Steel & Construction INV251112,29867.1,27740.45,-2126.65,-7.7,8. Product Add On ,Inverter Cage
Mahikeng Builders Express,Active,105,2025-11-30,2025-11,Realised,JJL Steel & Construction INV251112,29867.1,27740.45,-2126.65,-7.7,8. Product Add On ,
Mahikeng Builders Express,Active,165,2025-11-30,2025-11,Realised,Expense Claim,10490.93,1455.28,-9035.65,-620.9,14. General Expenses,Travel
Mahikeng Builders Express,Active,178,2025-11-30,2025-11,Realised,Evolution Coatings - INV0000122,18680,23350,4670,20.0,15. Service Add On,Roof Remedial Work Deposit - Client Cost
Mahikeng Builders Express,Active,179,2025-11-30,2025-11,Realised,Evolution Coatings - INV0000122,4670,0,-4670,,15. Service Add On,Roof Remedial Work Balance - Client Cost
Mahikeng Builders Express,Active,36,2025-12-31,2025-12,Realised,The Greenway INV0001555,23165.38,21557.98,-1607.4,-7.5,4. DC Equipment,AC Installation Complete
Mahikeng Builders Express,Active,37,2025-12-31,2025-12,Realised,The Greenway INV0001556,28956.73,26947.47,-2009.26,-7.5,4. DC Equipment,DC Installation Complete
Mahikeng Builders Express,Active,38,2025-12-31,2025-12,Realised,The Greenway INV0001557,11582.69,10778.99,-803.7,-7.5,4. DC Equipment,Commissioning Complete
Mahikeng Builders Express,Active,39,2025-12-31,2025-12,Realised,The Greenway INV0001564,11582.69,10778.99,-803.7,-7.5,4. DC Equipment,Site De-establisment
Mahikeng Builders Express,Active,40,2025-12-31,2025-12,Realised,The Greenway - INV0001565,5791.35,5389.49,-401.86,-7.5,4. DC Equipment,Handover Document Complete
Mahikeng Builders Express,Active,63,2025-12-31,2025-12,Realised,The Greenway INV0001555,77961.99,63332,-14629.99,-23.1,6. AC Equipment,AC Installation Complete
Mahikeng Builders Express,Active,64,2025-12-31,2025-12,Realised,The Greenway INV0001556,97452.49,79165,-18287.49,-23.1,6. AC Equipment,DC Installation Complete
Mahikeng Builders Express,Active,65,2025-12-31,2025-12,Realised,The Greenway INV0001557,38981.0,31666,-7315.0,-23.1,6. AC Equipment,Commissioning Complete
Mahikeng Builders Express,Active,66,2025-12-31,2025-12,Realised,The Greenway INV0001564,38981.0,31666,-7315.0,-23.1,6. AC Equipment,Site De-establisment
Mahikeng Builders Express,Active,67,2025-12-31,2025-12,Realised,The Greenway - INV0001565,19490.5,15833,-3657.5,-23.1,6. AC Equipment,Handover Document Complete
Mahikeng Builders Express,Active,84,2025-12-31,2025-12,Realised,The Greenway - INV0001563,23510,23797.95,287.95,1.2,8. Product Add On ,Installation of additional 170m Walkway
Mahikeng Builders Express,Active,95,2025-12-31,2025-12,Realised,LPS - IN307595,21014.75,21272.13,257.38,1.2,8. Product Add On ,Lightning Protection
Mahikeng Builders Express,Active,110,2025-12-31,2025-12,Realised,The Greenway - INV0001558,19063,19296.48,233.48,1.2,8. Product Add On ,DC Gantry - Greenway 
Mahikeng Builders Express,Active,112,2025-12-31,2025-12,Realised,The Greenway - INV0001559,9574.73,9692.0,117.27,1.2,8. Product Add On ,Mains Comms Equipment & Installation
Mahikeng Builders Express,Active,113,2025-12-31,2025-12,Realised,The Greenway - INV0001559,16825.9,17031.98,206.08,1.2,8. Product Add On ,Cable Trays
Mahikeng Builders Express,Active,119,2025-12-31,2025-12,Realised,The Greenway INV0001555,72266.8,44188.8,-28078.0,-63.5,9. AC & DC installation,AC Installation Complete
Mahikeng Builders Express,Active,120,2025-12-31,2025-12,Realised,The Greenway INV0001556,90333.5,55236.0,-35097.5,-63.5,9. AC & DC installation,DC Installation Complete
Mahikeng Builders Express,Active,121,2025-12-31,2025-12,Realised,The Greenway INV0001557,36133.4,22094.4,-14039.0,-63.5,9. AC & DC installation,Commissioning Complete
Mahikeng Builders Express,Active,122,2025-12-31,2025-12,Realised,The Greenway INV0001564,36133.4,22094.4,-14039.0,-63.5,9. AC & DC installation,Site De-establisment
Mahikeng Builders Express,Active,123,2025-12-31,2025-12,Realised,The Greenway - INV0001565,18066.7,11047.2,-7019.5,-63.5,9. AC & DC installation,Handover Document Complete
Mahikeng Builders Express,Active,129,2025-12-31,2025-12,Realised,Setso Security - SET001551,28000,10041.34,-17958.66,-178.8,10. Site Logistics,Security
Mahikeng Builders Express,Active,135,2025-12-31,2025-12,Realised,The Greenway INV0001555,29630.1,10625.93,-19004.17,-178.8,10. Site Logistics,AC Installation Complete
Mahikeng Builders Express,Active,136,2025-12-31,2025-12,Realised,The Greenway INV0001556,37037.62,13282.41,-23755.21,-178.8,10. Site Logistics,DC Installation Complete
Mahikeng Builders Express,Active,137,2025-12-31,2025-12,Realised,The Greenway INV0001557,14815.05,5312.97,-9502.08,-178.8,10. Site Logistics,Commissioning Complete
Mahikeng Builders Express,Active,138,2025-12-31,2025-12,Realised,The Greenway INV0001564,14815.05,5312.97,-9502.08,-178.8,10. Site Logistics,Site De-establisment
Mahikeng Builders Express,Active,139,2025-12-31,2025-12,Realised,The Greenway - INV0001565,7407.53,2656.48,-4751.05,-178.8,10. Site Logistics,Handover Document Complete
Mahikeng Builders Express,Active,145,2025-12-31,2025-12,Realised,SunSpot - E035,17750,3664.32,-14085.68,-384.4,11. Due Dilligence,Electrical PrEng sign off
Mahikeng Builders Express,Active,151,2025-12-31,2025-12,Realised,WAGMA - INV-000010,75600,17164.06,-58435.94,-340.5,11. Due Dilligence,Safety Officer
Mahikeng Builders Express,Active,166,2025-12-31,2025-12,Realised,Expense Claim,8655.54,1016.03,-7639.51,-751.9,14. General Expenses,Travel
Mahikeng Builders Express,Active,180,2025-12-31,2025-12,Realised,Evolution Coatings - INV0000138,5450,2725,-2725,-100.0,15. Service Add On,Waterpoints 
Mahikeng Builders Express,Active,182,2025-12-31,2025-12,Realised,L&B Consulting IN-2175,3500,0,-3500,,15. Service Add On,Cable support signoff
Mahikeng Builders Express,Active,183,2025-12-31,2025-12,Realised,DSV Inv: 180158820,273.93,0,-273.93,,15. Service Add On,Delivery of Sonel Meter
Mahikeng Builders Express,Active,29,2026-01-31,2026-01,Realised,Allocated to Joburg Storeroom,-27300,0,27300,,4. DC Equipment,DC Cable -Red  Move to stock JHB)
Mahikeng Builders Express,Active,30,2026-01-31,2026-01,Realised,Allocated to Joburg Storeroom,-27300,0,27300,,4. DC Equipment,DC Cable - BlackMove to stock JHB)
Mahikeng Builders Express,Active,48,2026-01-31,2026-01,Realised,Matriarch Inv: 6200,11169,23141.46,11972.46,51.7,5. Monitoring,Techsitter
Mahikeng Builders Express,Active,107,2026-01-31,2026-01,Realised,ATS Africa - INV-0468,55537.5,56217.71,680.21,1.2,8. Product Add On ,Safety Life Lines - 140m - Deposit
Mahikeng Builders Express,Active,108,2026-01-31,2026-01,Realised,ATS Africa - INV-0468,55537.5,56217.71,680.21,1.2,8. Product Add On ,Safety Life Lines - 140m - Balance
Mahikeng Builders Express,Active,167,2026-01-31,2026-01,Realised,Expense Claim,3332,352.41,-2979.59,-845.5,14. General Expenses,Travel
Mahikeng Builders Express,Active,23,2026-02-28,2026-02,Realised,Allocated to Joburg Storeroom,-4613.76,0,4613.76,,3. Mounting Structures,Pro551/4 seam clamp returned to stock
Mahikeng Builders Express,Active,24,2026-02-28,2026-02,Realised,Allocated to Joburg Storeroom,-3033.88,0,3033.88,,3. Mounting Structures,Mid Clamps (returned to stock)
Mahikeng Builders Express,Active,25,2026-02-28,2026-02,Realised,Allocated to Joburg Storeroom,-1800.37,0,1800.37,,3. Mounting Structures,End Clamps (returned to stock)
Mahikeng Builders Express,Active,31,2026-02-28,2026-02,Realised,Allocated to Joburg Storeroom,-12285,0,12285,,4. DC Equipment,DC Cable - Red returned to stock - JHB
Mahikeng Builders Express,Active,32,2026-02-28,2026-02,Realised,Allocated to Joburg Storeroom,-12967.5,0,12967.5,,4. DC Equipment,DC Cable - Black returned to stock - JHB
Mahikeng Builders Express,Active,41,2026-02-28,2026-02,Realised,The Greenway - INV0001641,5791.35,6984.56,1193.21,17.1,4. DC Equipment,End of Defects Period
Mahikeng Builders Express,Active,68,2026-02-28,2026-02,Realised,The Greenway - INV0001641,19490.5,15833,-3657.5,-23.1,6. AC Equipment,End of Defects Period
Mahikeng Builders Express,Active,124,2026-02-28,2026-02,Realised,The Greenway - INV0001641,18066.7,11047.2,-7019.5,-63.5,9. AC & DC installation,End of Defects Period
Mahikeng Builders Express,Active,140,2026-02-28,2026-02,Realised,The Greenway - INV0001641,7407.53,2656.48,-4751.05,-178.8,10. Site Logistics,End of Defects Period
Mahikeng Builders Express,Active,149,2026-02-28,2026-02,Realised,Matriarch - INV-6571,6000,1362.23,-4637.77,-340.5,11. Due Dilligence,Red Team Inspection
Mahikeng Builders Express,Active,152,2026-02-28,2026-02,Realised,WAGMA - INV-000023,19200,0,-19200,,11. Due Dilligence,Safety Officer
Mahikeng Builders Express,Active,157,2026-02-28,2026-02,Realised,Matriarch - INV-6570,32269.14,25308,-6961.14,-27.5,13. Engineering,Matriarch Defects Period - 1.25%
Mahikeng Builders Express,Active,168,2026-02-28,2026-02,Realised,Expense Claim,0,500.48,500.48,100.0,14. General Expenses,Travel
Mahikeng Builders Express,Active,85,2026-03-31,2026-03,Realised,Allocated to PnP Bethal,-11898.6,0,11898.6,,8. Product Add On ,Walkways moved to PnP Bethal - 4 x lengths
Mahikeng Builders Express,Active,169,2026-03-31,2026-03,Realised,Expense Claim,3465,0,-3465,,14. General Expenses,Travel
Mahikeng Builders Express,Active,181,2026-03-31,2026-03,Unrealised,,0,2725,2725,100.0,15. Service Add On,
Mahikeng Builders Express,Active,106,2026-04-30,2026-04,Realised,JJL Steel & Construction INV26070,6123,0,-6123,,8. Product Add On ,Enclosure Modification
Mahikeng Builders Express,Active,170,2026-04-30,2026-04,Realised,Expense Claim,3465,0,-3465,,14. General Expenses,Travel
Mahikeng Builders Express,Active,184,2026-04-30,2026-04,Realised,ABL Transport - Invoice 0373,7500,0,-7500,,15. Service Add On,Transport stock 
Mahikeng Builders Express,Active,185,2026-04-30,2026-04,Realised,Evolution Coatings - INV0000168,650,0,-650,,15. Service Add On,Roof Inspection
Mahikeng Builders Express,Active,7,2026-05-31,2026-05,Realised,MSA Energy - INV-0003974,2301,0,-2301,,1. Panels,Replacement panels
Mahikeng Builders Express,Active,8,2026-05-31,2026-05,Realised,MSA Energy - INV-0003974,5500,0,-5500,,1. Panels,Transport
Mahikeng Builders Express,Active,9,2026-05-31,2026-05,Realised,MSA Energy - CRN-0000403,-2301,0,2301,,1. Panels,Credit replacement panels
Mahikeng Builders Express,Active,187,2026-05-31,2026-05,Realised,IBC Solar - ZA22601361,22288,0,-22288,,15. Service Add On,IBC - Meteo Control support
Mahikeng Builders Express,Active,148,2026-06-30,2026-06,Planned,,11386.01,0,-11386.01,,11. Due Dilligence,Eskom Connection Fees
Malvern Ph2,Active,6,2025-10-31,2025-10,Realised,Krannich - 15-10014204,271968.5,458160.11,186191.61,40.6,1. Panels,Panels Budget - Longi 610W
Malvern Ph2,Active,7,2025-10-31,2025-10,Realised,Krannich - 15-10014204,5849.67,9854.4,4004.73,40.6,1. Panels,EPR Fees
Malvern Ph2,Active,8,2025-10-31,2025-10,Realised,Krannich - 15-10014204,15990.5,26937.71,10947.21,40.6,1. Panels,Delivery
Malvern Ph2,Active,13,2025-10-31,2025-10,Realised,Krannich - 15-10014204,53700.89,111111.11,57410.22,51.7,2. Inverters,SMA Core 2
Malvern Ph2,Active,21,2025-10-31,2025-10,Realised,Schletter Inv: 2352,9972,24789.93,14817.93,59.8,3. Mounting Structures, 
Malvern Ph2,Active,23,2025-10-31,2025-10,Realised,Allocated from Cpt Storeoom,451.6,1122.66,671.06,59.8,3. Mounting Structures,40x End Clamps - Busamed Medical
Malvern Ph2,Active,24,2025-10-31,2025-10,Realised,Allocated from Cpt Storeoom,800.08,1988.96,1188.88,59.8,3. Mounting Structures,End Clamps 
Malvern Ph2,Active,25,2025-10-31,2025-10,Realised,Allocated from Cpt Storeoom,264.96,658.68,393.72,59.8,3. Mounting Structures,End Clamps 
Malvern Ph2,Active,26,2025-10-31,2025-10,Realised,Allocared from Cpt Storeoom,6000.6,14917.22,8916.62,59.8,3. Mounting Structures,548x Mid Clamps - Northpoint
Malvern Ph2,Active,27,2025-10-31,2025-10,Realised,Allocated from The Sudios,2704.87,6724.18,4019.31,59.8,3. Mounting Structures,119x Clampfit Pro - The Studios
Malvern Ph2,Active,31,2025-10-31,2025-10,Realised,DSV Inv: 180153158,1063.2,2643.07,1579.87,59.8,3. Mounting Structures,Delivery of MS
Malvern Ph2,Active,35,2025-10-31,2025-10,Realised,Menlo - INV0003367,82900,117950.34,35050.34,29.7,4. DC Equipment,DC Cable
Malvern Ph2,Active,39,2025-10-31,2025-10,Realised,JA Electrical INV 111,3768.77,5362.22,1593.45,29.7,4. DC Equipment,Project Kick Off
Malvern Ph2,Active,65,2025-10-31,2025-10,Realised,JA Electrical INV 111,6474.03,22911.84,16437.81,71.7,6. AC Equipment,Project Kick Off
Malvern Ph2,Active,97,2025-10-31,2025-10,Realised,JA Electrical INV 111,17554.41,13007.5,-4546.91,-35.0,9. AC & DC installation,Project Kick Off
Malvern Ph2,Active,113,2025-10-31,2025-10,Realised,JA Electrical INV 111,10598.05,2578.68,-8019.37,-311.0,10. Site Logistics,Project Kick Off
Malvern Ph2,Active,141,2025-10-31,2025-10,Realised,Expense claim,326.06,410.25,84.19,20.5,14. General Expenses,Travel
Malvern Ph2,Active,9,2025-11-30,2025-11,Realised,IBC Solar - ZA42502733,1305.4,0,-1305.4,,1. Panels,Longi 610w
Malvern Ph2,Active,22,2025-11-30,2025-11,Realised,Schletter - INV2378,15552,38661.55,23109.55,59.8,3. Mounting Structures,Seam clamp Pro551/4 
Malvern Ph2,Active,32,2025-11-30,2025-11,Realised,Schletter - CRN0281,-9092,0,9092,,3. Mounting Structures,Clampfit Pro - Returned
Malvern Ph2,Active,40,2025-11-30,2025-11,Realised,JA Electrical INV 1117,5653.15,8043.32,2390.17,29.7,4. DC Equipment,Site Establishment
Malvern Ph2,Active,41,2025-11-30,2025-11,Realised,JA Electrical INV 1129,7537.54,10724.43,3186.89,29.7,4. DC Equipment,AC Installation Complete
Malvern Ph2,Active,42,2025-11-30,2025-11,Realised,JA Electrical INV 1132,9421.92,13405.54,3983.62,29.7,4. DC Equipment,DC Installation Complete
Malvern Ph2,Active,43,2025-11-30,2025-11,Realised,JA Electrical INV 1133,3768.77,5362.22,1593.45,29.7,4. DC Equipment,Commissioning Complete
Malvern Ph2,Active,44,2025-11-30,2025-11,Realised,JA Electrical INV 1134,3768.77,5362.22,1593.45,29.7,4. DC Equipment,Site De-establisment
Malvern Ph2,Active,45,2025-11-30,2025-11,Realised,JA Electrical INV 1135,1884.38,2681.11,796.73,29.7,4. DC Equipment,Handover Document Complete
Malvern Ph2,Active,46,2025-11-30,2025-11,Realised,JA Electrical INV 1136,1884.38,2681.11,796.73,29.7,4. DC Equipment,End of Defects Period
Malvern Ph2,Active,54,2025-11-30,2025-11,Realised,DSV Inv: 180156055,188.5,344.44,155.94,45.3,5. Monitoring,Delivery of Techsitter & CT's
Malvern Ph2,Active,66,2025-11-30,2025-11,Realised,JA Electrical INV 1117,9711.05,34367.76,24656.71,71.7,6. AC Equipment,Site Establishment
Malvern Ph2,Active,67,2025-11-30,2025-11,Realised,JA Electrical INV 1129,12948.06,45823.68,32875.62,71.7,6. AC Equipment,AC Installation Complete
Malvern Ph2,Active,68,2025-11-30,2025-11,Realised,JA Electrical INV 1132,16185.08,57279.6,41094.52,71.7,6. AC Equipment,DC Installation Complete
Malvern Ph2,Active,69,2025-11-30,2025-11,Realised,JA Electrical INV 1133,6474.03,22911.84,16437.81,71.7,6. AC Equipment,Commissioning Complete
Malvern Ph2,Active,70,2025-11-30,2025-11,Realised,JA Electrical INV 1134,6474.03,22911.84,16437.81,71.7,6. AC Equipment,Site De-establisment
Malvern Ph2,Active,71,2025-11-30,2025-11,Realised,JA Electrical INV 1135,3237.02,11455.92,8218.9,71.7,6. AC Equipment,Handover Document Complete
Malvern Ph2,Active,72,2025-11-30,2025-11,Realised,JA Electrical INV 1136,3237.02,11455.92,8218.9,71.7,6. AC Equipment,End of Defects Period
Malvern Ph2,Active,87,2025-11-30,2025-11,Realised,JRL Engineering INV00427,5900,0,-5900,,8. Product Add On ,Inverter Awning - JRL Eng
Malvern Ph2,Active,98,2025-11-30,2025-11,Realised,JA Electrical INV 1117,26331.61,19511.25,-6820.36,-35.0,9. AC & DC installation,Site Establishment
Malvern Ph2,Active,99,2025-11-30,2025-11,Realised,JA Electrical INV 1129,35108.82,26015.0,-9093.82,-35.0,9. AC & DC installation,AC Installation Complete
Malvern Ph2,Active,100,2025-11-30,2025-11,Realised,JA Electrical INV 1132,43886.02,32518.75,-11367.27,-35.0,9. AC & DC installation,DC Installation Complete
Malvern Ph2,Active,101,2025-11-30,2025-11,Realised,JA Electrical INV 1133,17554.41,13007.5,-4546.91,-35.0,9. AC & DC installation,Commissioning Complete
Malvern Ph2,Active,102,2025-11-30,2025-11,Realised,JA Electrical INV 1134,17554.41,13007.5,-4546.91,-35.0,9. AC & DC installation,Site De-establisment
Malvern Ph2,Active,103,2025-11-30,2025-11,Realised,JA Electrical INV 1135,8777.2,6503.75,-2273.45,-35.0,9. AC & DC installation,Handover Document Complete
Malvern Ph2,Active,104,2025-11-30,2025-11,Realised,JA Electrical INV 1136,8777.2,6503.75,-2273.45,-35.0,9. AC & DC installation,End of Defects Period
Malvern Ph2,Active,110,2025-11-30,2025-11,Realised,Gaul Solution - Inv 2318,7140,1737.28,-5402.72,-311.0,10. Site Logistics,Security
Malvern Ph2,Active,114,2025-11-30,2025-11,Realised,JA Electrical INV 1117,15897.07,3868.03,-12029.04,-311.0,10. Site Logistics,Site Establishment
Malvern Ph2,Active,115,2025-11-30,2025-11,Realised,JA Electrical INV 1129,21196.1,5157.37,-16038.73,-311.0,10. Site Logistics,AC Installation Complete
Malvern Ph2,Active,116,2025-11-30,2025-11,Realised,JA Electrical INV 1132,26495.12,6446.71,-20048.41,-311.0,10. Site Logistics,DC Installation Complete
Malvern Ph2,Active,117,2025-11-30,2025-11,Realised,JA Electrical INV 1133,10598.05,2578.68,-8019.37,-311.0,10. Site Logistics,Commissioning Complete
Malvern Ph2,Active,118,2025-11-30,2025-11,Realised,JA Electrical INV 1134,10598.05,2578.68,-8019.37,-311.0,10. Site Logistics,Site De-establisment
Malvern Ph2,Active,119,2025-11-30,2025-11,Realised,JA Electrical INV 1135,5299.03,1289.34,-4009.69,-311.0,10. Site Logistics,Handover Document Complete
Malvern Ph2,Active,120,2025-11-30,2025-11,Realised,JA Electrical INV 1136,5299.03,1289.34,-4009.69,-311.0,10. Site Logistics,End of Defects Period
Malvern Ph2,Active,127,2025-11-30,2025-11,Realised,LPS - IN307443,5100,8137.12,3037.12,37.3,11. Due Dilligence,Lightning Risk Assessment
Malvern Ph2,Active,142,2025-11-30,2025-11,Realised,Expense claim,968.66,988.52,19.86,2.0,14. General Expenses,Travel
Malvern Ph2,Active,125,2025-12-31,2025-12,Realised,SunSpot - E033,13950,20592.08,6642.08,32.3,11. Due Dilligence,Electrical PrEng sign off
Malvern Ph2,Active,154,2025-12-31,2025-12,Realised,Infinity Renewable - IN002297,14000,0,-14000,,15. Service Add On,Higeco Commissioning - Infinity Renewables
Malvern Ph2,Active,53,2026-01-31,2026-01,Realised,Matriarch Inv: 6200,11169,52433.34,41264.34,78.7,5. Monitoring,Techsitter
Malvern Ph2,Active,109,2026-01-31,2026-01,Unrealised,,0,3129.06,3129.06,100.0,10. Site Logistics,Security - January - 
Malvern Ph2,Active,128,2026-01-31,2026-01,Realised,Matriarch - INV-6235,6000,9048.57,3048.57,33.7,11. Due Dilligence,Red Team Inspection
Malvern Ph2,Active,144,2026-01-31,2026-01,Realised,Expense claim,337.48,430.87,93.39,21.7,14. General Expenses,Travel
Malvern Ph2,Active,145,2026-02-28,2026-02,Realised,Expense claim,0,892.58,892.58,100.0,14. General Expenses,Travel
Malvern Ph2,Active,134,2026-03-31,2026-03,Realised,Matriarch -INV-6901,17082.2,14309.7,-2772.5,-19.4,13. Engineering,Matriarch Defects Period - 1.25%
Malvern Ph2,Active,146,2026-03-31,2026-03,Realised,Expense claim,215.82,0,-215.82,,14. General Expenses,Travel
Malvern Ph2,Active,147,2026-04-30,2026-04,Realised,Expense claim,233.64,0,-233.64,,14. General Expenses,Travel
Maynard Mall Extension,Active,124,2026-05-31,2026-05,Realised,L&B Inv: INV-2288,10600,9330.08,-1269.92,-13.6,11. Due Dilligence,Structural sign off
Maynard Mall Extension,Active,139,2026-05-31,2026-05,Unrealised,,437.5,486.11,48.61,10.0,14. General Expenses,Travel
Maynard Mall Extension,Active,6,2026-06-30,2026-06,Planned,,390600,478884.04,88284.04,18.4,1. Panels,Panel Type TBC - 610W as placeholder
Maynard Mall Extension,Active,13,2026-06-30,2026-06,Planned,,63080,78850,15770,20.0,2. Inverters,Sungrow 125kW
Maynard Mall Extension,Active,21,2026-06-30,2026-06,Planned,,77026.32,113274,36247.68,32.0,3. Mounting Structures,Schletter Structure
Maynard Mall Extension,Active,28,2026-06-30,2026-06,Planned,,63200,74636.64,11436.64,15.3,4. DC Equipment,DC Cable
Maynard Mall Extension,Active,32,2026-06-30,2026-06,Planned,,5571.49,6579.7,1008.21,15.3,4. DC Equipment,Project Kick Off
Maynard Mall Extension,Active,33,2026-06-30,2026-06,Planned,,8357.24,9869.56,1512.32,15.3,4. DC Equipment,Site Establishment
Maynard Mall Extension,Active,45,2026-06-30,2026-06,Planned,,26000,18231.71,-7768.29,-42.6,5. Monitoring,CTs & Meters
Maynard Mall Extension,Active,46,2026-06-30,2026-06,Planned,,15000,10518.29,-4481.71,-42.6,5. Monitoring,Revenue Grade Meter
Maynard Mall Extension,Active,53,2026-06-30,2026-06,Planned,,90000,150000,60000,40.0,6. AC Equipment,PVDB
Maynard Mall Extension,Active,58,2026-06-30,2026-06,Planned,,10108.92,16848.19,6739.27,40.0,6. AC Equipment,Project Kick Off
Maynard Mall Extension,Active,59,2026-06-30,2026-06,Planned,,15163.38,25272.29,10108.91,40.0,6. AC Equipment,Site Establishment
Maynard Mall Extension,Active,79,2026-06-30,2026-06,Planned,,31500.0,39375.0,7875.0,20.0,8. Product Add On ,Supplier name - H Frame - Deposit
Maynard Mall Extension,Active,82,2026-06-30,2026-06,Planned,,35000,43750,8750,20.0,8. Product Add On ,Supplier name - Anchor Points - Deposit
Maynard Mall Extension,Active,85,2026-06-30,2026-06,Planned,,31500.0,39375.0,7875.0,20.0,8. Product Add On ,Supplier name - Cat Ladder - Deposit
Maynard Mall Extension,Active,88,2026-06-30,2026-06,Planned,,33750,42187.5,8437.5,20.0,8. Product Add On ,Supplier name - Walkways
Maynard Mall Extension,Active,95,2026-06-30,2026-06,Planned,,10442.25,13650,3207.75,23.5,9. AC & DC installation,Project Kick Off
Maynard Mall Extension,Active,96,2026-06-30,2026-06,Planned,,15663.38,20475,4811.62,23.5,9. AC & DC installation,Site Establishment
Maynard Mall Extension,Active,111,2026-06-30,2026-06,Planned,,1620.5,3451.63,1831.13,53.1,10. Site Logistics,Project Kick Off
Maynard Mall Extension,Active,112,2026-06-30,2026-06,Planned,,2430.74,5177.44,2746.7,53.1,10. Site Logistics,Site Establishment
Maynard Mall Extension,Active,140,2026-06-30,2026-06,Planned,,437.5,486.11,48.61,10.0,14. General Expenses,Travel
Maynard Mall Extension,Active,34,2026-07-31,2026-07,Planned,,11142.98,13159.41,2016.43,15.3,4. DC Equipment,AC Installation Complete
Maynard Mall Extension,Active,60,2026-07-31,2026-07,Planned,,20217.83,33696.39,13478.56,40.0,6. AC Equipment,AC Installation Complete
Maynard Mall Extension,Active,80,2026-07-31,2026-07,Planned,,13500,16875,3375,20.0,8. Product Add On ,Supplier name - H Frame - Balance
Maynard Mall Extension,Active,83,2026-07-31,2026-07,Planned,,15000,18750,3750,20.0,8. Product Add On ,Supplier name - Anchor Points - Balance
Maynard Mall Extension,Active,86,2026-07-31,2026-07,Planned,,13500,16875,3375,20.0,8. Product Add On ,Supplier name - Cat Ladder - Balance
Maynard Mall Extension,Active,97,2026-07-31,2026-07,Planned,,20884.5,27300,6415.5,23.5,9. AC & DC installation,AC Installation Complete
Maynard Mall Extension,Active,113,2026-07-31,2026-07,Planned,,3240.99,6903.26,3662.27,53.1,10. Site Logistics,AC Installation Complete
Maynard Mall Extension,Active,141,2026-07-31,2026-07,Planned,,437.5,486.11,48.61,10.0,14. General Expenses,Travel
Maynard Mall Extension,Active,35,2026-08-31,2026-08,Planned,,13928.73,16449.26,2520.53,15.3,4. DC Equipment,DC Installation Complete
Maynard Mall Extension,Active,36,2026-08-31,2026-08,Planned,,5571.49,6579.7,1008.21,15.3,4. DC Equipment,Commissioning Complete
Maynard Mall Extension,Active,37,2026-08-31,2026-08,Planned,,8357.24,9869.56,1512.32,15.3,4. DC Equipment,Handover Document Complete
Maynard Mall Extension,Active,61,2026-08-31,2026-08,Planned,,25272.29,42120.49,16848.2,40.0,6. AC Equipment,DC Installation Complete
Maynard Mall Extension,Active,62,2026-08-31,2026-08,Planned,,10108.92,16848.19,6739.27,40.0,6. AC Equipment,Commissioning Complete
Maynard Mall Extension,Active,63,2026-08-31,2026-08,Planned,,15163.38,25272.29,10108.91,40.0,6. AC Equipment,Handover Document Complete
Maynard Mall Extension,Active,98,2026-08-31,2026-08,Planned,,26105.63,34125,8019.37,23.5,9. AC & DC installation,DC Installation Complete
Maynard Mall Extension,Active,99,2026-08-31,2026-08,Planned,,10442.25,13650,3207.75,23.5,9. AC & DC installation,Commissioning Complete
Maynard Mall Extension,Active,100,2026-08-31,2026-08,Planned,,15663.38,20475,4811.62,23.5,9. AC & DC installation,Handover Document Complete
Maynard Mall Extension,Active,114,2026-08-31,2026-08,Planned,,4051.24,8629.07,4577.83,53.1,10. Site Logistics,DC Installation Complete
Maynard Mall Extension,Active,115,2026-08-31,2026-08,Planned,,1620.5,3451.63,1831.13,53.1,10. Site Logistics,Commissioning Complete
Maynard Mall Extension,Active,116,2026-08-31,2026-08,Planned,,2430.74,5177.44,2746.7,53.1,10. Site Logistics,Handover Document Complete
Maynard Mall Extension,Active,123,2026-08-31,2026-08,Planned,,20008.0,17610.97,-2397.03,-13.6,11. Due Dilligence,Electrical PrEng sign off
Maynard Mall Extension,Active,126,2026-08-31,2026-08,Planned,,6000,5281.18,-718.82,-13.6,11. Due Dilligence,Red Team Inspection
Maynard Mall Extension,Active,132,2026-08-31,2026-08,Planned,,19960.11,15764.97,-4195.14,-26.6,13. Engineering,Matriarch Defects Period - 1.25%
Maynard Mall Extension,Active,142,2026-08-31,2026-08,Planned,,437.5,486.11,48.61,10.0,14. General Expenses,Travel
Mayo Macs,Active,136,2025-09-30,2025-09,Realised,Sunray Energy Solutions #89,14110,0,-14110,,15. Service Add On,Panels & BESS Room Cleaning - Sunray - VO
Mayo Macs,Active,40,2025-12-31,2025-12,Realised,Accuenergy Inv: ASAI-007060,15813,0,-15813,,5. Monitoring,Meter + Fibre Optic Port + rogowski Coil
Mayo Macs,Active,15,2026-01-31,2026-01,Realised,Allocated to Joburg Storeroom,-68870,0,68870,,2. Inverters,Huawei 100KTL - Moved to stock (JHB)
Mayo Macs,Active,127,2026-01-31,2026-01,Realised,Expense Claim,3613.64,0,-3613.64,,14. General Expenses,
Mayo Macs,Active,140,2026-01-31,2026-01,Realised,Herholdts - INV1208290,161300,0,-161300,,15. Service Add On,Atess 250kw 450-900V 5x100A MPPT - VO
Mayo Macs,Active,144,2026-01-31,2026-01,Realised,MG INV-1589,88678.15,0,-88678.15,,15. Service Add On,MPPT Installation Labour and Sundries - Matthews Group - VO
Mayo Macs,Active,148,2026-01-31,2026-01,Realised,MG INV-1590,17157.5,0,-17157.5,,15. Service Add On,DC Modification Scope - Deposit
Mayo Macs,Active,149,2026-02-28,2026-02,Realised,Matthews Group - INV-1595 ,17157.5,0,-17157.5,,15. Service Add On,DC Modification Scope - Balance
Mayo Macs,Active,155,2026-02-28,2026-02,Realised,Herholdts - INV1236863,42619,0,-42619,,15. Service Add On,Atess On-Site Support
Mayo Macs,Active,145,2026-03-31,2026-03,Realised,MG INV-1600,88678.15,0,-88678.15,,15. Service Add On,MPPT Installation Labour and Sundries - Matthews Group - VO
Mayo Macs,Active,146,2026-03-31,2026-03,Realised,CN-1601,-20449.01,0,20449.01,,15. Service Add On,Credit Note fore Actual Cost
Mayo Macs,Active,156,2026-03-31,2026-03,Realised,Herholdts: INV124564,2500,0,-2500,,15. Service Add On,EnergiTrack Ad Hours Remote New Meter Add - Herholdts
Mayo Macs,Active,128,2026-04-30,2026-04,Realised,Expense Claim,1655.17,0,-1655.17,,14. General Expenses,
Mayo Macs,Active,151,2026-04-30,2026-04,Realised,Matthews - MG INV-1619,12814,0,-12814,,15. Service Add On,IV Tests & Roof Report
Mayo Macs,Active,129,2026-05-31,2026-05,Unrealised,,2000,0,-2000,,14. General Expenses,
Mayo Macs,Active,153,2026-05-31,2026-05,Realised,Matthews MG INV-1642,54356,0,-54356,,15. Service Add On,Matthews Group - Restringing for BESS
Mayo Macs,Active,154,2026-06-30,2026-06,Realised,Matthews - MG INV-1641,9105,0,-9105,,15. Service Add On,Matthews Group - Restringing for BESS - Overnight Stay & Bre
Meraki Ph3,Active,9,2025-09-30,2025-09,Realised,Krannich -15-10013950,14516,0,-14516,,1. Panels,
Meraki Ph3,Active,126,2025-09-30,2025-09,Realised,DSV Inv: 180142244,223.56,0,-223.56,,15. Service Add On,Courier of Seward Meter - VO
Meraki Ph3,Active,127,2025-09-30,2025-09,Realised,Thula Moya IN04906,69571.56,0,-69571.56,,15. Service Add On,New Scope - Replacement of optimisers incl material - VO
Meraki Ph3,Active,117,2025-10-31,2025-10,Realised,Expense Claims,1947.77,0,-1947.77,,14. General Expenses,
Meraki Ph3,Active,124,2025-10-31,2025-10,Realised,Thula Moya - IN04942,30339,0,-30339,,15. Service Add On,Optimiser Replacment - VO
Meraki Ph3,Active,130,2025-10-31,2025-10,Realised,DSV Inv: 180152208,537.94,0,-537.94,,15. Service Add On,Courier of Optimzers - VO
Meraki Ph3,Active,72,2025-11-30,2025-11,Realised,Thula Moya IN04946,11800,0,-11800,,8. Product Add On ,Thula Moya - DC Cable - VO
Meraki Ph3,Active,17,2026-01-31,2026-01,Unrealised,,-67440,0,67440,,2. Inverters,RMA 100kW Inverter
Meraki Ph3,Active,128,2026-01-31,2026-01,Unrealised,,7328.61,0,-7328.61,,15. Service Add On,Labour and Travel - VO
Meraki Ph3,Active,129,2026-01-31,2026-01,Realised,Thula Moya - IN04998,6542.61,0,-6542.61,,15. Service Add On,support and locate the issue with support from ATESS - VO
Milkwood Square,Compliance,21,2025-09-30,2025-09,Realised,Schletter - INV2155,96112.72,181694.12,85581.4,47.1,3. Mounting Structures,Schletter Structure
Milkwood Square,Compliance,29,2025-09-30,2025-09,Realised,Allocated from Spear - Blackheath,81000,0,-81000,,4. DC Equipment,DC Cable - moved from Blackheath
Milkwood Square,Compliance,47,2025-09-30,2025-09,Realised,DSV Inv:180147748,297.62,478.58,180.96,37.8,5. Monitoring,Courier of Techsitter Meter
Milkwood Square,Compliance,48,2025-09-30,2025-09,Realised,Rubicon - INVWCRE-0070809,85000,142740.14,57740.14,40.5,5. Monitoring,APEX
Milkwood Square,Compliance,49,2025-09-30,2025-09,Realised,Mantech QUO124941,1190,1913.55,723.55,37.8,5. Monitoring,Powersupply
Milkwood Square,Compliance,136,2025-09-30,2025-09,Realised,Expense Claim,2831.27,2054.94,-776.33,-37.8,14. General Expenses,Travel
Milkwood Square,Compliance,10,2025-10-31,2025-10,Realised,Allocated to Cpt Storeoom,-15958.8,0,15958.8,,1. Panels,Jinko 620W - Mono - 66HL4M-(V) returned to stock
Milkwood Square,Compliance,46,2025-10-31,2025-10,Realised,Matriarch - INV-5207,11169,17959.99,6790.99,37.8,5. Monitoring,Techsitter
Milkwood Square,Compliance,78,2025-10-31,2025-10,Realised,ABL Transport - 0196,18600,0,-18600,,8. Product Add On ,Material Transport
Milkwood Square,Compliance,89,2025-10-31,2025-10,Realised,CS_MWS_004,92450,74347.06,-18102.94,-24.3,9. AC & DC installation,AC Installation Complete
Milkwood Square,Compliance,90,2025-10-31,2025-10,Realised,CS_MWS_003 ,115562.5,92933.82,-22628.68,-24.3,9. AC & DC installation,DC Installation Complete
Milkwood Square,Compliance,91,2025-10-31,2025-10,Realised,CS_MWS_005,46225,37173.53,-9051.47,-24.3,9. AC & DC installation,Commissioning Complete
Milkwood Square,Compliance,92,2025-10-31,2025-10,Realised,CS_MWS_006,46225,37173.53,-9051.47,-24.3,9. AC & DC installation,Site De-establisment
Milkwood Square,Compliance,93,2025-10-31,2025-10,Realised,CS_MWS_007,23112.5,18586.76,-4525.74,-24.3,9. AC & DC installation,Handover Document Complete
Milkwood Square,Compliance,118,2025-10-31,2025-10,Realised,Matriarch - INV-5370,6000,45801.38,39801.38,86.9,11. Due Dilligence,Red Team
Milkwood Square,Compliance,124,2025-10-31,2025-10,Realised,Matriarch - INV-5369,39216.49,157727.8,118511.31,75.1,13. Engineering,Matriarch Defects Period - 1.25%
Milkwood Square,Compliance,94,2025-11-30,2025-11,Realised,CS_MWS_008,23112.5,18586.76,-4525.74,-24.3,9. AC & DC installation,End of Defects Period
Milkwood Square,Compliance,139,2025-12-31,2025-12,Realised,Expense Claim,0,2740.78,2740.78,100.0,14. General Expenses,Travel
Milkwood Square,Compliance,11,2026-01-31,2026-01,Unrealised,,0,-61932.04,-61932.04,100.0,1. Panels,reduction in project size
Milkwood Square,Compliance,50,2026-01-31,2026-01,Realised,Allocated from Steelpark,975,0,-975,,5. Monitoring,Lithium Battery
Milkwood Square,Compliance,115,2026-01-31,2026-01,Realised,SunSpot E031,20180,83969.2,63789.2,76.0,11. Due Dilligence,Electrical PrEng sign off
Milkwood Square,Compliance,82,2026-02-28,2026-02,Realised,Airvent - Emergent,24840,0,-24840,,8. Product Add On ,Aircon Supply and Install
Milkwood Square,Compliance,83,2026-03-31,2026-03,Realised,Airvent - TJR06179,16560,0,-16560,,8. Product Add On ,
Milkwood Square,Compliance,84,2026-04-30,2026-04,Realised,Arccon INV-1320,7173.54,0,-7173.54,,8. Product Add On ,Aircon Isolators
Mondi,Active,115,2026-03-31,2026-03,Realised,ABB South Africa - 2680009044,619498.8,685548.03,66049.23,9.6,6. AC Equipment,ABB - MV RMU and Switchgear - 20% Design
Mondi,Active,125,2026-03-31,2026-03,Realised,Switchboard - 2-SOI002846,1648130.98,1823850.1,175719.12,9.6,6. AC Equipment,SWB - Containerised Inverter Housings - Turnkey Solution at 
Mondi,Active,126,2026-03-31,2026-03,Realised,Switchboard - 2-SOI002970,1098753.98,1215900.07,117146.09,9.6,6. AC Equipment,SWB - Containerised Inverter Housings - Turnkey Solution at 
Mondi,Active,152,2026-03-31,2026-03,Realised,IEP South Africa Inv: 202502235,3900000.0,4292161.74,392161.74,9.1,8. Product Add On ,IEP - Fees to Consultant
Mondi,Active,153,2026-03-31,2026-03,Realised,IEP South Africa Inv: 202505271,1500000,1650831.44,150831.44,9.1,8. Product Add On ,IEP - Fees to Consultant
Mondi,Active,155,2026-03-31,2026-03,Realised,Fiducia Construction CC - INV05456,259143.65,285201.66,26058.01,9.1,8. Product Add On ,Fiducia Construction - Catladder - Drawing and Fabrication
Mondi,Active,159,2026-03-31,2026-03,Realised,Security Fencing IN102434,990815.49,1155279.25,164463.76,14.2,8. Product Add On ,Security Fence - Perimiter Fence - Claim 1
Mondi,Active,160,2026-03-31,2026-03,Realised,Security Fencing IN102434,58909.42,63857.01,4947.59,7.7,8. Product Add On ,Security Fence - Perimiter Fence - Claim 2
Mondi,Active,162,2026-03-31,2026-03,Realised,Kwickspace - DC-INV8188K,159110.43,175109.67,15999.24,9.1,8. Product Add On ,KwikSpace Control Room - Design & Manufacture 50%
Mondi,Active,163,2026-03-31,2026-03,Realised,Kwickspace - DC-INV8188K,159110.43,175109.67,15999.24,9.1,8. Product Add On ,KwikSpace Control Room - Balance of Payment 50%
Mondi,Active,360,2026-03-31,2026-03,Realised,Richards Bay Medical - INV0027827,713.04,494.28,-218.76,-44.3,11. Due Dilligence,Richards Bay Occupational Heath - Marius Smit
Mondi,Active,361,2026-03-31,2026-03,Realised,Olea Training - OTS0570,3400,2356.86,-1043.14,-44.3,11. Due Dilligence,OLEA Training and SHEQ Services
Mondi,Active,362,2026-03-31,2026-03,Realised,SafetySA INV - 315INV-009346,31050,21523.69,-9526.31,-44.3,11. Due Dilligence,NOSA Training
Mondi,Active,366,2026-03-31,2026-03,Realised,Amkhoid - IN014375,6500,4505.77,-1994.23,-44.3,11. Due Dilligence,2026-02-01 00:00:00
Mondi,Active,368,2026-03-31,2026-03,Realised,Amkhoib IN014747,6500,4505.77,-1994.23,-44.3,11. Due Dilligence,2026-04-01 00:00:00
Mondi,Active,376,2026-03-31,2026-03,Realised,Amkhoid - IN014644,19250,13344.0,-5906.0,-44.3,11. Due Dilligence,2026-03-26 00:00:00
Mondi,Active,377,2026-03-31,2026-03,Realised,Amkhoib IN014747,51000,35352.93,-15647.07,-44.3,11. Due Dilligence,2026-04-26 00:00:00
Mondi,Active,395,2026-03-31,2026-03,Realised,L&B Consulting INV-1964,15630,10834.63,-4795.37,-44.3,11. Due Dilligence,Roof Structural Sign Off - L&B Consluting
Mondi,Active,396,2026-03-31,2026-03,Realised,Okusha Engineering Inv EE15,102900,71329.73,-31570.27,-44.3,11. Due Dilligence,Grid Study - Okusha
Mondi,Active,397,2026-03-31,2026-03,Realised,RSLP Inv0011533,2400,1663.67,-736.33,-44.3,11. Due Dilligence,Lightning Risk Assessment
Mondi,Active,400,2026-03-31,2026-03,Realised,Test a Relay - OEINV0001195,168320,116678.52,-51641.48,-44.3,11. Due Dilligence,Protection Design - TestARelay Deposit 
Mondi,Active,403,2026-03-31,2026-03,Realised,L&B Consulting INV-2233,69750,48350.33,-21399.67,-44.3,11. Due Dilligence,Civil Designs - L&B Consulting Engineers
Mondi,Active,432,2026-03-31,2026-03,Realised,Payroll,242685.6,396504.8,153819.2,38.8,13. Engineering,EPC - Feb 26
Mondi,Active,433,2026-03-31,2026-03,Realised,Payroll,100079.51,141967.06,41887.55,29.5,13. Engineering,EPC - Mar 26
Mondi,Active,444,2026-03-31,2026-03,Realised,Expense Claims,81634.15,35069.14,-46565.01,-132.8,14. General Expenses,Travel 
Mondi,Active,489,2026-03-31,2026-03,Realised,Fedgroup: SPVL000526,80000,27873.97,-52126.03,-187.0,15. Service Add On,Raising Fee
Mondi,Active,490,2026-03-31,2026-03,Realised,Fedgroup: SPVL000526,35049.7,12212.18,-22837.52,-187.0,15. Service Add On,January Interest
Mondi,Active,491,2026-03-31,2026-03,Realised,Fedgroup: SPVL000526,163921.52,57114.3,-106807.22,-187.0,15. Service Add On,February Interest
Mondi,Active,492,2026-03-31,2026-03,Realised,Fedgroup: SPVL000526,183329.22,63876.42,-119452.8,-187.0,15. Service Add On,March Interest
Mondi,Active,21,2026-04-30,2026-04,Realised,MSA Energy Inv: INV0003864,167876.24,180550.7,12674.46,7.0,2. Inverters,MSA - Inverter - Huawei 330KTL - Design & Manufacturing 5%
Mondi,Active,22,2026-04-30,2026-04,Realised,MSA Energy Inv: INV0003864,839381.2,902753.5,63372.3,7.0,2. Inverters,MSA - Inverter - Huawei 330KTL - Deposit 25% - Release stock
Mondi,Active,23,2026-04-30,2026-04,Realised,MSA Energy Inv: INV0003864,587566.84,631927.45,44360.61,7.0,2. Inverters,MSA - Inverter - Huawei 330KTL - Balance - Inverter Room 1 7
Mondi,Active,24,2026-04-30,2026-04,Realised,MSA Energy Inv: INV0003864,587566.84,631927.45,44360.61,7.0,2. Inverters,MSA - Inverter - Huawei 330KTL - Balance - Inverter Room 2 7
Mondi,Active,25,2026-04-30,2026-04,Realised,MSA Energy Inv: INV0003864,587566.84,631927.45,44360.61,7.0,2. Inverters,MSA - Inverter - Huawei 330KTL - Balance - Inverter Room 3 7
Mondi,Active,26,2026-04-30,2026-04,Realised,MSA Energy Inv: INV0003864,587566.84,631927.45,44360.61,7.0,2. Inverters,MSA - Inverter - Huawei 330KTL - Balance - Inverter Room 4 7
Mondi,Active,32,2026-04-30,2026-04,Realised,MSA Energy Inv: INV0003864,14812.61,15930.94,1118.33,7.0,2. Inverters,MSA - Spares - Deposit 5%
Mondi,Active,33,2026-04-30,2026-04,Realised,MSA Energy Inv: INV0003864,74063.05,79654.72,5591.67,7.0,2. Inverters,MSA - Spares - Deposit 2nd 25%
Mondi,Active,34,2026-04-30,2026-04,Realised,MSA Energy Inv: INV0003864,207376.53,223033.22,15656.69,7.0,2. Inverters,MSA - Spares - Balance 70%
Mondi,Active,103,2026-04-30,2026-04,Realised,MSA Energy Inv: INV0003865,278064.29,307710.73,29646.44,9.6,6. AC Equipment,MSA - Huawei Smart Transformers - 6MVA 0.8/11kV - Design & M
Mondi,Active,104,2026-04-30,2026-04,Realised,MSA Energy Inv: INV0003865,1390321.47,1538553.66,148232.19,9.6,6. AC Equipment,MSA - Huawei Smart Transformers - 6MVA 0.8/11kV - Deposit 25
Mondi,Active,105,2026-04-30,2026-04,Realised,MSA Energy Inv: INV0003865,3892900.12,4307950.26,415050.14,9.6,6. AC Equipment,MSA - Huawei Smart Transformers - 6MVA 0.8/11kV - Balance 70
Mondi,Active,107,2026-04-30,2026-04,Realised,MSA Energy Inv: INV0003865,5457.77,6039.67,581.9,9.6,6. AC Equipment,MSA - Transformer Assecories with Spares - Design & Manufact
Mondi,Active,108,2026-04-30,2026-04,Realised,MSA Energy Inv: INV0003865,27288.87,30198.33,2909.46,9.6,6. AC Equipment,MSA - Transformer Assecories with Spares - Deposit 25% - Rel
Mondi,Active,109,2026-04-30,2026-04,Realised,MSA Energy Inv: INV0003865,76408.82,84555.32,8146.5,9.6,6. AC Equipment,MSA - Transformer Assecories with Spares - Balance 70% - Arr
Mondi,Active,122,2026-04-30,2026-04,Realised,ABB South Africa - 2680013491,230183.1,254724.58,24541.48,9.6,6. AC Equipment,ABB - MV RMU Instalaltion & Commission - Advanced payment wi
Mondi,Active,127,2026-04-30,2026-04,Realised,Switchboard - 2-SOI003052,1098753.96,1215900.04,117146.08,9.6,6. AC Equipment,SWB - Containerised Inverter Housings - Turnkey Solution at 
Mondi,Active,156,2026-04-30,2026-04,Realised,Fiducia Construction CC -INV05476,111061.62,120389.29,9327.67,7.7,8. Product Add On ,Fiducia Construction - Catladder - Balance
Mondi,Active,157,2026-04-30,2026-04,Realised,Fiducia Construction CC - INV05475,200353.55,36899.66,-163453.89,-443.0,8. Product Add On ,Fiducia Construction - Catladder Modifications
Mondi,Active,194,2026-04-30,2026-04,Realised,Encore Maintenance Inv: INV0007059,46935,50876.9,3941.9,7.7,8. Product Add On ,Encore Solutions - Sewerage Connection + Septic Tank - Depos
Mondi,Active,197,2026-04-30,2026-04,Realised,Onvlee Engineering - 01052389,165309.16,179192.88,13883.72,7.7,8. Product Add On ,Onvlee - Walkways - Order 1st of April - Approx 880m 
Mondi,Active,198,2026-04-30,2026-04,Realised,Onvlee Engineering - 01052389,366355.89,397124.82,30768.93,7.7,8. Product Add On ,Onvlee - Walkways - Order 1st of April - Approx 880m 
Mondi,Active,204,2026-04-30,2026-04,Realised,Logivest INV-10661,1605653.4,1767581.09,161927.69,9.2,8. Product Add On ,Logivest - Fire Detection System - Design & Procure
Mondi,Active,210,2026-04-30,2026-04,Realised,GIG Network Solutions PI7968,66621,72216.26,5595.26,7.7,8. Product Add On ,GIG Network Solutions - Camera Fiber Installation - Deposit
Mondi,Active,218,2026-04-30,2026-04,Realised,SAK Services - SS5968,157357,170572.85,13215.85,7.7,8. Product Add On ,SAK Services - Anchor Point relocation
Mondi,Active,225,2026-04-30,2026-04,Realised,JA Electrical - INV1199,116808.85,130061.86,13253.01,10.2,9. AC & DC installation,AC Installation - Planning & Design - Payment 1
Mondi,Active,226,2026-04-30,2026-04,Realised,JA Electrical - INV1199,116808.85,130061.86,13253.01,10.2,9. AC & DC installation,AC Installation - Planning & Design - Payment 2
Mondi,Active,235,2026-04-30,2026-04,Realised,JA Electrical - INV1199,570983.19,635766.39,64783.2,10.2,9. AC & DC installation,DC Ground Mount Installation - Planning & Design - Payment 1
Mondi,Active,236,2026-04-30,2026-04,Realised,JA Electrical - INV1199,570983.19,635766.39,64783.2,10.2,9. AC & DC installation,DC Ground Mount Installation - Planning & Design - Payment 2
Mondi,Active,245,2026-04-30,2026-04,Realised,JA Electrical - INV1199,131373.73,146279.27,14905.54,10.2,9. AC & DC installation,DC Rooftop Installation - Planning & Design - Payment 1
Mondi,Active,246,2026-04-30,2026-04,Realised,JA Electrical - INV1199,131373.73,146279.27,14905.54,10.2,9. AC & DC installation,DC Rooftop Installation - Planning & Design - Payment 2
Mondi,Active,255,2026-04-30,2026-04,Realised,JA Electrical - INV1199,11079.55,12336.62,1257.07,10.2,9. AC & DC installation,DC Carport Installation - Planning & Design - Payment 1
Mondi,Active,256,2026-04-30,2026-04,Realised,JA Electrical - INV1199,11079.55,12336.62,1257.07,10.2,9. AC & DC installation,DC Carport Installation - Planning & Design - Payment 2
Mondi,Active,264,2026-04-30,2026-04,Realised,JA Electrical - INV1199,1017174.01,658692.83,-358481.18,-54.4,10. Site Logistics,Site Logistics & Civils - Planning & Design - Payment 1
Mondi,Active,265,2026-04-30,2026-04,Realised,JA Electrical - INV1199,1017174.01,658692.83,-358481.18,-54.4,10. Site Logistics,Site Logistics & Civils - Planning & Design - Payment 2
Mondi,Active,282,2026-04-30,2026-04,Realised,Container world - D615587,29900,19362.39,-10537.61,-54.4,10. Site Logistics,Containers - Month 1 *Accounted for 5 containers
Mondi,Active,283,2026-04-30,2026-04,Unrealised,,0,24931.5,24931.5,100.0,10. Site Logistics,Containers - Transport
Mondi,Active,284,2026-04-30,2026-04,Realised,Container World - D616952,1520,1009.76,-510.24,-50.5,10. Site Logistics,Containers - Month 1 - 1 container
Mondi,Active,292,2026-04-30,2026-04,Realised,Container world - D615587,13050,8450.81,-4599.19,-54.4,10. Site Logistics,Office Containers - Month 1 *Accounted for 2 site offices
Mondi,Active,293,2026-04-30,2026-04,Realised,Container World - D616952,960,621.67,-338.33,-54.4,10. Site Logistics,Office Containers - Month 1
Mondi,Active,305,2026-04-30,2026-04,Realised,Sanitech - RBY1682207,2246,1492.05,-753.95,-50.5,10. Site Logistics,Ablutions - Month 1 - 2 
Mondi,Active,312,2026-04-30,2026-04,Realised,Takealot - Ord 210833461,14074.77,9350.06,-4724.71,-50.5,10. Site Logistics,Site Office Furniture & Preperations
Mondi,Active,317,2026-04-30,2026-04,Realised,Supply ChainOptimizers  - SCO - SCO05788,38500,0,-38500,,10. Site Logistics,Delivery of 1 batch of Containers
Mondi,Active,350,2026-04-30,2026-04,Realised,DSV Inv: 180173212,340.26,226.04,-114.22,-50.5,10. Site Logistics,Site Office - Delivery of Router & Sim 
Mondi,Active,363,2026-04-30,2026-04,Realised,Pienaar & Sons Inv: 070-SOG32401,3646,2524.0,-1122.0,-44.5,11. Due Dilligence,PPE
Mondi,Active,385,2026-04-30,2026-04,Realised,Cairnmead - IN038064,12000,7862.97,-4137.03,-52.6,11. Due Dilligence,Construction Work Permit
Mondi,Active,386,2026-04-30,2026-04,Realised,Cairnmead - IN038064,10000,6922.64,-3077.36,-44.5,11. Due Dilligence,HSE Specification - Baseline Risk Assessment
Mondi,Active,417,2026-04-30,2026-04,Realised,TJA Architects - PM0101,39500.81,27345.0,-12155.81,-44.5,11. Due Dilligence,MV Building Drawings
Mondi,Active,422,2026-04-30,2026-04,Realised,RB Print and Signs : IN19291,13739.86,9556.82,-4183.04,-43.8,11. Due Dilligence,Safety & Danger Signage
Mondi,Active,434,2026-04-30,2026-04,Realised,Payroll,115300.92,159872.44,44571.52,27.9,13. Engineering,EPC - Apr 26
Mondi,Active,445,2026-04-30,2026-04,Realised,Expense Claim,14935.07,6587.98,-8347.09,-126.7,14. General Expenses,Travel - April
Mondi,Active,453,2026-04-30,2026-04,Realised,8 Flamboyant - 2026/Marius/01,12716.66,6549.75,-6166.91,-94.2,14. General Expenses,Housing - April
Mondi,Active,475,2026-04-30,2026-04,Realised,Specialist | Construction & Engineering Inv: MZAR15879-CAR,204319.37,63219.38,-141099.99,-223.2,15. Service Add On,Insurance for Good in TRansit and Storage
Mondi,Active,493,2026-04-30,2026-04,Realised,Fedgroup: 1114168_260504,179411.9,60366.37,-119045.53,-197.2,15. Service Add On,April Interest
Mondi,Active,28,2026-05-31,2026-05,Committed,MSA Energy Inv: INV0003684,109343.52,117598.83,8255.31,7.0,2. Inverters,MSA - Huawei 330KTL - H1
Mondi,Active,38,2026-05-31,2026-05,Realised,Schletter Inv: FIN2566,894801.85,1118587.41,223785.56,20.0,3. Mounting Structures,Schletter - Ground Mount Structure Design - Zone 1
Mondi,Active,39,2026-05-31,2026-05,Realised,Schletter Inv: FIN2597,1072906.15,1341234.72,268328.57,20.0,3. Mounting Structures,Schletter - Ground Mount Structure Balance - Payment 1 - Zon
Mondi,Active,40,2026-05-31,2026-05,Realised,Schletter Inv: FIN2597,1072906.15,1341234.72,268328.57,20.0,3. Mounting Structures,Schletter - Ground Mount Structure Balance - Payment 2 - Zon
Mondi,Active,42,2026-05-31,2026-05,Realised,Schletter Inv: FIN2566,894798.94,1118583.77,223784.83,20.0,3. Mounting Structures,Schletter - Ground Mount Structure Design - Zone 2
Mondi,Active,43,2026-05-31,2026-05,Realised,Schletter Inv: FIN2597,1072906.15,1341234.72,268328.57,20.0,3. Mounting Structures,Schletter - Ground Mount Structure Balance - Payment 1 - Zon
Mondi,Active,44,2026-05-31,2026-05,Realised,Schletter Inv: FIN2597,1072906.15,1341234.72,268328.57,20.0,3. Mounting Structures,Schletter - Ground Mount Structure Balance - Payment 2 - Zon
Mondi,Active,46,2026-05-31,2026-05,Realised,Schletter Inv: FIN2566,1006648.81,1258406.75,251757.94,20.0,3. Mounting Structures,Schletter - Ground Mount Structure Design - Zone 3
Mondi,Active,47,2026-05-31,2026-05,Realised,Schletter Inv: FIN2597,1203397.66,1504361.52,300963.86,20.0,3. Mounting Structures,Schletter - Ground Mount Structure Balance - Payment 1 - Zon
Mondi,Active,48,2026-05-31,2026-05,Realised,Schletter Inv: FIN2597,1203397.66,1504361.52,300963.86,20.0,3. Mounting Structures,Schletter - Ground Mount Structure Balance - Payment 2 - Zon
Mondi,Active,52,2026-05-31,2026-05,Realised,Schletter - INV002886,538782,673528.74,134746.74,20.0,3. Mounting Structures,Schletter - Rooftop Mounting Structure - Partial Delivery
Mondi,Active,55,2026-05-31,2026-05,Realised,Schletter IVQ0215,429950,537478.39,107528.39,20.0,3. Mounting Structures,Schletter - Carport Deposit
Mondi,Active,77,2026-05-31,2026-05,Realised,NRB Piping - PI000674,268082.1,268797.94,715.84,0.3,4. DC Equipment,Sleeves - Rooftop & Ground Mount & Carport - Underground sle
Mondi,Active,128,2026-05-31,2026-05,Realised,Switchboard - 2-SOI003212,1648130.98,1840951.13,192820.15,10.5,6. AC Equipment,SWB - Containerised Inverter Housings - Turnkey Solution at 
Mondi,Active,131,2026-05-31,2026-05,Realised,Power Transformer - INV22605,100775,112564.99,11789.99,10.5,6. AC Equipment,Power Transformer - Auxilary Minisub - Transformer - Partial
Mondi,Active,181,2026-05-31,2026-05,Realised,Leomat - 13820,1106663.44,1218268.75,111605.31,9.2,8. Product Add On ,Leomat Civil Work - Claim 1
Mondi,Active,201,2026-05-31,2026-05,Realised,SME LIGHTING - INC01109,562109.44,618797.32,56687.88,9.2,8. Product Add On ,SME - Lightning Protection & Ground Mount Earthing Design - 
Mondi,Active,207,2026-05-31,2026-05,Realised,ML Technologies Inv: INV23259,327524.08,360554.38,33030.3,9.2,8. Product Add On ,ML Tech - Cameras - Deposit
Mondi,Active,216,2026-05-31,2026-05,Realised,ARB - DBN-3791745,295840,325675.01,29835.01,9.2,8. Product Add On ,ARB - Perimeter Lighting - 16mm x 4Core Cu XLPE PVC SWA PVC
Mondi,Active,285,2026-05-31,2026-05,Unrealised,,1520,1009.76,-510.24,-50.5,10. Site Logistics,Containers - 1 containers - Month 2
Mondi,Active,286,2026-05-31,2026-05,Realised,Container World - D619069,119400,79319.05,-40080.95,-50.5,10. Site Logistics,Containers - 4 containers - Month 2
Mondi,Active,287,2026-05-31,2026-05,Realised,Container world - D620368,1800,1195.76,-604.24,-50.5,10. Site Logistics,Containers - 1 Container Month 3
Mondi,Active,288,2026-05-31,2026-05,Realised,Container World - D620391,3000,1992.94,-1007.06,-50.5,10. Site Logistics,Containers - 4 containers Month 3
Mondi,Active,294,2026-05-31,2026-05,Realised,Container World - D619069,13050,8669.29,-4380.71,-50.5,10. Site Logistics,Office Containers - Month 2 - 1 Container 
Mondi,Active,295,2026-05-31,2026-05,Unrealised,,13050,8669.29,-4380.71,-50.5,10. Site Logistics,Office Containers - Month 1 - 2nd  Container 
Mondi,Active,296,2026-05-31,2026-05,Realised,Container World - D620368,2850,1893.29,-956.71,-50.5,10. Site Logistics,Office Containers - Month 3 - 1st container 
Mondi,Active,297,2026-05-31,2026-05,Realised,Container World - D620391,3000,1992.94,-1007.06,-50.5,10. Site Logistics,Office Containers - Month 2 - 2nd  Container 
Mondi,Active,304,2026-05-31,2026-05,Realised,Sanitech - RBY1688869,8072,5362.34,-2709.66,-50.5,10. Site Logistics,Ablutions - Month 1 *Accounted for 10 (8  facilities)
Mondi,Active,314,2026-05-31,2026-05,Realised,Diversified Power - INV18668,22555.74,14984.09,-7571.65,-50.5,10. Site Logistics,Diversfield - Supply of electricity to temp site offices
Mondi,Active,318,2026-05-31,2026-05,Realised,Supply Chain Optimisers - SCO05817 ,37660,25018.05,-12641.95,-50.5,10. Site Logistics,Transport of inverter containers from DBN to CPT
Mondi,Active,319,2026-05-31,2026-05,Realised,Supply Chain - SCO05833,14950,9931.49,-5018.51,-50.5,10. Site Logistics,SCO - Delivery of Clampfit Pro
Mondi,Active,320,2026-05-31,2026-05,Realised,Supply Chain Optimizers - SCO05830,20700,13751.29,-6948.71,-50.5,10. Site Logistics,SCO - Delivery of Cable Drums
Mondi,Active,321,2026-05-31,2026-05,Realised,Supply Chain Optimisers - SCO05872,116773.78,77574.42,-39199.36,-50.5,10. Site Logistics,SCO - Transport of Ground Mount Structure
Mondi,Active,326,2026-05-31,2026-05,Realised,Supply Chain - SCO05834,108675,72194.29,-36480.71,-50.5,10. Site Logistics,4 x 12m containers (storage) Collection
Mondi,Active,327,2026-05-31,2026-05,Realised,Supply Chain - SCO05841,33750,0,-33750,,10. Site Logistics,Transport of Walkways
Mondi,Active,369,2026-05-31,2026-05,Realised,Amkhoib - IN014956,6500,4494.75,-2005.25,-44.6,11. Due Dilligence,2026-05-01 00:00:00
Mondi,Active,370,2026-05-31,2026-05,Unrealised,,6500,4494.75,-2005.25,-44.6,11. Due Dilligence,2026-06-01 00:00:00
Mondi,Active,378,2026-05-31,2026-05,Realised,Amkhoib - IN014956,84150,58189.76,-25960.24,-44.6,11. Due Dilligence,2026-05-01 00:00:00
Mondi,Active,379,2026-05-31,2026-05,Realised,Amkhoid - IN015047,102000,70533.04,-31466.96,-44.6,11. Due Dilligence,2026-06-01 00:00:00
Mondi,Active,387,2026-05-31,2026-05,Realised,Cairnmead - IN038536,18256.8,12624.58,-5632.22,-44.6,11. Due Dilligence,2026-05-01 00:00:00
Mondi,Active,435,2026-05-31,2026-05,Unrealised,,115300.92,162706.98,47406.06,29.1,13. Engineering,EPC - May 26
Mondi,Active,446,2026-05-31,2026-05,Unrealised,,25000,13301.55,-11698.45,-87.9,14. General Expenses,Training & Travel - May
Mondi,Active,454,2026-05-31,2026-05,Realised,8 Flamboyant - 2026/Marius/02,19000,10109.17,-8890.83,-87.9,14. General Expenses,Housing - May
Mondi,Active,494,2026-05-31,2026-05,Unrealised,,153787.99,51744.74,-102043.25,-197.2,15. Service Add On,May  Interest
Mondi,Active,6,2026-06-30,2026-06,Committed,MSA Energy - 000003/02/2026,2365235.52,2527779.06,162543.54,6.4,1. Panels,MSA - Panels - Ground Mount - Deposit 10%
Mondi,Active,7,2026-06-30,2026-06,Committed,MSA Energy - 000003/02/2026,7095706.56,7583337.19,487630.63,6.4,1. Panels,MSA - Panels - Ground Mount - Batch 1 5577 panels - Required
Mondi,Active,14,2026-06-30,2026-06,Committed,MSA Energy - 000003/02/2026,44104.32,47135.25,3030.93,6.4,1. Panels,MSA - Panels Carport - Deposit 10%
Mondi,Active,15,2026-06-30,2026-06,Committed,MSA Energy - 000003/02/2026,396938.88,424217.28,27278.4,6.4,1. Panels,MSA - Panels Carport - Balance - 312 panels - Required 6 Jul
Mondi,Active,29,2026-06-30,2026-06,Planned,,-109343.52,-117598.83,-8255.31,7.0,2. Inverters,Giving back to MSA
Mondi,Active,53,2026-06-30,2026-06,Planned,,234119,292671.02,58552.02,20.0,3. Mounting Structures,Schletter - Rooftop Mounting Structure - Balance of Material
Mondi,Active,56,2026-06-30,2026-06,Planned,,429950,537478.39,107528.39,20.0,3. Mounting Structures,Schletter - Carport Balance
Mondi,Active,61,2026-06-30,2026-06,Committed,MSA Energy - DM/EC/000006/03/2026,470640,471896.71,1256.71,0.3,4. DC Equipment,MSA - DC Cable - Ground Mount - Deposit - Order of 420 000m 
Mondi,Active,62,2026-06-30,2026-06,Committed,MSA Energy - DM/EC/000006/03/2026,4235760,4247070.39,11310.39,0.3,4. DC Equipment,MSA - DC Cable - Ground Mount - Balance
Mondi,Active,64,2026-06-30,2026-06,Committed,MSA Energy - DM/EC/000006/03/2026,187620,188120.99,500.99,0.3,4. DC Equipment,MSA - DC Cable - RoofTop - Deposit
Mondi,Active,65,2026-06-30,2026-06,Committed,MSA Energy - DM/EC/000006/03/2026,1688580,1693088.87,4508.87,0.3,4. DC Equipment,MSA - DC Cable - RoofTop - Balance
Mondi,Active,67,2026-06-30,2026-06,Committed,MSA Energy - DM/EC/000006/03/2026,9540,9565.47,25.47,0.3,4. DC Equipment,MSA - DC Cable - Carport - Deposit
Mondi,Active,68,2026-06-30,2026-06,Committed,MSA Energy - DM/EC/000006/03/2026,85860,86089.26,229.26,0.3,4. DC Equipment,MSA - DC Cable - Carport - Balance
Mondi,Active,70,2026-06-30,2026-06,Planned,,33000,33088.12,88.12,0.3,4. DC Equipment,MSA - Staubli Evo2 MC4 Connector
Mondi,Active,72,2026-06-30,2026-06,Planned,,443800,444985.04,1185.04,0.3,4. DC Equipment,Supplier TBC - 10mm DC Cable
Mondi,Active,74,2026-06-30,2026-06,Planned,,587675,589244.22,1569.22,0.3,4. DC Equipment,Advanced Strut - DC Cable Trays - Rooftop (Horizontal Runs)
Mondi,Active,79,2026-06-30,2026-06,Planned,,108945.88,109236.78,290.9,0.3,4. DC Equipment,Sleeves - Rooftop & Ground Mount & Carport - Fittings & Conn
Mondi,Active,81,2026-06-30,2026-06,Planned,,316636.45,317481.94,845.49,0.3,4. DC Equipment,Schletter Clips - Ground Mount (Ground Mount Cable Trays)
Mondi,Active,111,2026-06-30,2026-06,Committed,MSA Energy PIZO/DM/CPT/00011/10/2025,139032.15,155297.97,16265.82,10.5,6. AC Equipment,MSA - Huawei Smart Transformers - 6MVA 0.8/11kV - Design & M
Mondi,Active,112,2026-06-30,2026-06,Committed,MSA Energy PIZO/DM/CPT/00011/10/2025,695160.73,776489.83,81329.1,10.5,6. AC Equipment,MSA - Huawei Smart Transformers - 6MVA 0.8/11kV - Deposit 25
Mondi,Active,113,2026-06-30,2026-06,Committed,MSA Energy PIZO/DM/CPT/00011/10/2025,1946450.06,2281726.86,335276.8,14.7,6. AC Equipment,MSA - Huawei Smart Transformers - 6MVA 0.8/11kV - Balance 70
Mondi,Active,116,2026-06-30,2026-06,Planned,,929248.2,1037963.94,108715.74,10.5,6. AC Equipment,ABB - MV RMU and Switchgear - 30% Drawing Approval
Mondi,Active,117,2026-06-30,2026-06,Planned,,929248.2,1037963.94,108715.74,10.5,6. AC Equipment,ABB - MV RMU and Switchgear - 30% on import of goods
Mondi,Active,130,2026-06-30,2026-06,Planned,,159628.93,178304.43,18675.5,10.5,6. AC Equipment,SWB - Auxilary Minisub - Minisub enclosure & Switchgear
Mondi,Active,132,2026-06-30,2026-06,Planned,,100775,112564.99,11789.99,10.5,6. AC Equipment,Power Transformer - Auxilary Minisub - Transformer
Mondi,Active,134,2026-06-30,2026-06,Planned,,150000,167548.98,17548.98,10.5,6. AC Equipment,AC Cable Racks - MV
Mondi,Active,182,2026-06-30,2026-06,Planned,,1278432.32,1407360.26,128927.94,9.2,8. Product Add On ,Leomat Civil Work - Claim 2
Mondi,Active,208,2026-06-30,2026-06,Planned,,218349.39,240369.59,22020.2,9.2,8. Product Add On ,ML Tech - Cameras - Balance
Mondi,Active,211,2026-06-30,2026-06,Planned,,72484.1,79794.01,7309.91,9.2,8. Product Add On ,GIG Network Solutions - Camera Fiber Installation - Balance
Mondi,Active,213,2026-06-30,2026-06,Planned,,269657.4,296851.93,27194.53,9.2,8. Product Add On ,Diversifield - Perimeter Lighting - Deposit
Mondi,Active,214,2026-06-30,2026-06,Planned,,269657.4,296851.93,27194.53,9.2,8. Product Add On ,Diversifield - Perimeter Lighting - Balance
Mondi,Active,227,2026-06-30,2026-06,Planned,,127933.5,142448.71,14515.21,10.2,9. AC & DC installation,AC installation - Construction Claim 1
Mondi,Active,237,2026-06-30,2026-06,Planned,,625362.54,696315.57,70953.03,10.2,9. AC & DC installation,DC Ground Mount installation - Construction Claim 1
Mondi,Active,238,2026-06-30,2026-06,Planned,,679741.9,756864.75,77122.85,10.2,9. AC & DC installation,DC Ground Mount installation - Construction Claim 2
Mondi,Active,248,2026-06-30,2026-06,Planned,,156397.3,174141.98,17744.68,10.2,9. AC & DC installation,DC Rooftop installation - Construction Claim 2
Mondi,Active,266,2026-06-30,2026-06,Planned,,1114047.72,740077.11,-373970.61,-50.5,10. Site Logistics,Site Logistics & Civils - Construction Claim 1
Mondi,Active,274,2026-06-30,2026-06,Planned,,24229.09,16095.72,-8133.37,-50.5,10. Site Logistics,Security - Month 1
Mondi,Active,275,2026-06-30,2026-06,Planned,,68571.43,45552.94,-23018.49,-50.5,10. Site Logistics,Security - Month 3
Mondi,Active,306,2026-06-30,2026-06,Planned,,30869.7,20507.16,-10362.54,-50.5,10. Site Logistics,Ablutions - Month 3
Mondi,Active,322,2026-06-30,2026-06,Realised,Supply Chain Optimisers - SCO05883,84760,56307.22,-28452.78,-50.5,10. Site Logistics,SCO - Transport & Storage of Ground Mount Structure
Mondi,Active,335,2026-06-30,2026-06,Planned,,83874.7,55719.11,-28155.59,-50.5,10. Site Logistics,Month 1 - Plant Hire - Material Delivery
Mondi,Active,336,2026-06-30,2026-06,Planned,,52692,35004.01,-17687.99,-50.5,10. Site Logistics,Month 1 - Operator Fee - Material Delivery
Mondi,Active,371,2026-06-30,2026-06,Planned,,6500,4494.75,-2005.25,-44.6,11. Due Dilligence,2026-07-01 00:00:00
Mondi,Active,380,2026-06-30,2026-06,Planned,,102000,70533.04,-31466.96,-44.6,11. Due Dilligence,2026-07-01 00:00:00
Mondi,Active,388,2026-06-30,2026-06,Planned,,18257.6,12625.14,-5632.46,-44.6,11. Due Dilligence,2026-06-01 00:00:00
Mondi,Active,408,2026-06-30,2026-06,Planned,,10033,6937.82,-3095.18,-44.6,11. Due Dilligence,3D60 - Land Surveying - Deposit
Mondi,Active,409,2026-06-30,2026-06,Planned,,22574.25,15610.1,-6964.15,-44.6,11. Due Dilligence,3D60 - Land Surveying - Progress Payment 1
Mondi,Active,410,2026-06-30,2026-06,Planned,,22574.25,15610.1,-6964.15,-44.6,11. Due Dilligence,3D60 - Land Surveying - Progress Payment 2
Mondi,Active,411,2026-06-30,2026-06,Planned,,22574.25,15610.1,-6964.15,-44.6,11. Due Dilligence,3D60 - Land Surveying - Progress Payment 3
Mondi,Active,412,2026-06-30,2026-06,Planned,,22574.25,15610.1,-6964.15,-44.6,11. Due Dilligence,3D60 - Land Surveying - Progress Payment 4
Mondi,Active,414,2026-06-30,2026-06,Planned,,79440,54932.79,-24507.21,-44.6,11. Due Dilligence,3D60 - Site Scanning
Mondi,Active,436,2026-06-30,2026-06,Planned,,115300.92,162706.98,47406.06,29.1,13. Engineering,EPC -  Jun 26
Mondi,Active,447,2026-06-30,2026-06,Planned,,25000,13301.55,-11698.45,-87.9,14. General Expenses,Training & Travel - June
Mondi,Active,455,2026-06-30,2026-06,Planned,,30650,16307.69,-14342.31,-87.9,14. General Expenses,Housing - June
Mondi,Active,495,2026-06-30,2026-06,Planned,,135558.47,45611.09,-89947.38,-197.2,15. Service Add On,June Interest
Mondi,Active,8,2026-07-31,2026-07,Committed,MSA Energy - 000003/02/2026,7095706.56,7583337.19,487630.63,6.4,1. Panels,MSA - Panels - Ground Mount - Batch 2 5577 panels - Required
Mondi,Active,11,2026-07-31,2026-07,Committed,MSA Energy - 000003/02/2026,905757.65,968003.06,62245.41,6.4,1. Panels,MSA - Panels - RoofTop - 4970 panels - Class A Fire Rating -
Mondi,Active,12,2026-07-31,2026-07,Committed,MSA Energy - 000003/02/2026,8151818.85,8712027.55,560208.7,6.4,1. Panels,MSA - Panels - RoofTop - 4970 panels - Class A Fire Rating -
Mondi,Active,75,2026-07-31,2026-07,Planned,,510885,512249.17,1364.17,0.3,4. DC Equipment,Advanced Strut - DC Cable Trays - Rooftop (Bends & Risers)
Mondi,Active,83,2026-07-31,2026-07,Planned,,2183019.3,2188848.43,5829.13,0.3,4. DC Equipment,ARB - Earth Cable - MV Runs
Mondi,Active,136,2026-07-31,2026-07,Planned,,583594,651870.54,68276.54,10.5,6. AC Equipment,ARB - LV Cable - Inverter Rooms to Transformers
Mondi,Active,137,2026-07-31,2026-07,Planned,,296223.4,330879.53,34656.13,10.5,6. AC Equipment,ARB - Earth Cable - Inverter Rooms to Transformers
Mondi,Active,139,2026-07-31,2026-07,Planned,,6652800,7431132.53,778332.53,10.5,6. AC Equipment,"ARB - 630mm x 1 Core, Cu, 6350/110000, XLPE, AWA, Type A - M"
Mondi,Active,140,2026-07-31,2026-07,Planned,,793440,886267.1,92827.1,10.5,6. AC Equipment,ARB - MV Joiner Kits & Terminations
Mondi,Active,166,2026-07-31,2026-07,Planned,,35528,39110.94,3582.94,9.2,8. Product Add On ,Control Room Back up supply budget
Mondi,Active,183,2026-07-31,2026-07,Planned,,1278432.32,1407360.26,128927.94,9.2,8. Product Add On ,Leomat Civil Work - Claim 3
Mondi,Active,187,2026-07-31,2026-07,Planned,,800000,880678.77,80678.77,9.2,8. Product Add On ,Carport Civil Installation - TBC
Mondi,Active,195,2026-07-31,2026-07,Planned,,46935,51668.32,4733.32,9.2,8. Product Add On ,Encore Solutions - Sewerage Connection + Septic Tank - Balan
Mondi,Active,205,2026-07-31,2026-07,Planned,,1070435.6,1178387.39,107951.79,9.2,8. Product Add On ,Logivest - Fire Detection System - Installation Complete
Mondi,Active,220,2026-07-31,2026-07,Planned,,400000,577614.65,177614.65,30.7,8. Product Add On ,Comms Cable - 800m 19Core
Mondi,Active,228,2026-07-31,2026-07,Planned,,139058.15,154835.55,15777.4,10.2,9. AC & DC installation,AC installation - Construction Claim 2
Mondi,Active,229,2026-07-31,2026-07,Planned,,139058.15,154835.55,15777.4,10.2,9. AC & DC installation,AC installation - Construction Claim 3
Mondi,Active,239,2026-07-31,2026-07,Planned,,679741.9,756864.75,77122.85,10.2,9. AC & DC installation,DC Ground Mount installation - Construction Claim 3
Mondi,Active,240,2026-07-31,2026-07,Planned,,679741.9,756864.75,77122.85,10.2,9. AC & DC installation,DC Ground Mount installation - Construction Claim 4
Mondi,Active,247,2026-07-31,2026-07,Planned,,143885.51,160210.63,16325.12,10.2,9. AC & DC installation,DC Rooftop installation - Construction Claim 1
Mondi,Active,249,2026-07-31,2026-07,Planned,,156397.3,174141.98,17744.68,10.2,9. AC & DC installation,DC Rooftop installation - Construction Claim 3
Mondi,Active,250,2026-07-31,2026-07,Planned,,156397.3,174141.98,17744.68,10.2,9. AC & DC installation,DC Rooftop installation - Construction Claim 4
Mondi,Active,257,2026-07-31,2026-07,Planned,,25324.68,28198.0,2873.32,10.2,9. AC & DC installation,DC Carport installation - Construction Claim 1
Mondi,Active,258,2026-07-31,2026-07,Planned,,31655.85,35247.5,3591.65,10.2,9. AC & DC installation,DC Carport installation - Construction Claim 2
Mondi,Active,267,2026-07-31,2026-07,Planned,,1210921.44,804431.64,-406489.8,-50.5,10. Site Logistics,Site Logistics & Civils - Construction Claim 2
Mondi,Active,268,2026-07-31,2026-07,Planned,,1210921.44,804431.64,-406489.8,-50.5,10. Site Logistics,Site Logistics & Civils - Construction Claim 3
Mondi,Active,276,2026-07-31,2026-07,Planned,,68571.43,45552.94,-23018.49,-50.5,10. Site Logistics,Security - Month 4
Mondi,Active,307,2026-07-31,2026-07,Planned,,30869.7,20507.16,-10362.54,-50.5,10. Site Logistics,Ablutions - Month 4
Mondi,Active,337,2026-07-31,2026-07,Planned,,83874.7,55719.11,-28155.59,-50.5,10. Site Logistics,Month 2 - Plant Hire - Material Delivery
Mondi,Active,338,2026-07-31,2026-07,Planned,,52692,35004.01,-17687.99,-50.5,10. Site Logistics,Month 2 - Operator Fee - Material Delivery
Mondi,Active,339,2026-07-31,2026-07,Planned,,83874.7,55719.11,-28155.59,-50.5,10. Site Logistics,Month 3 - Plant Hire - Carport Installation
Mondi,Active,340,2026-07-31,2026-07,Planned,,52692,35004.01,-17687.99,-50.5,10. Site Logistics,Month 3 - Operator Fee - Carport Installation
Mondi,Active,343,2026-07-31,2026-07,Planned,,29845.52,19826.79,-10018.73,-50.5,10. Site Logistics,Month 1 - Plant Hire - Installation of cable racks for the M
Mondi,Active,344,2026-07-31,2026-07,Planned,,52692,35004.01,-17687.99,-50.5,10. Site Logistics,Month 1 - Operator Fee - Installation of cable racks for the
Mondi,Active,347,2026-07-31,2026-07,Planned,,20796.76,13815.57,-6981.19,-50.5,10. Site Logistics,Month 1 - Plant Hire - Installation of cable racks for the M
Mondi,Active,348,2026-07-31,2026-07,Planned,,52692,35004.01,-17687.99,-50.5,10. Site Logistics,Month 1 - Operator Fee - Installation of cable racks for the
Mondi,Active,372,2026-07-31,2026-07,Planned,,6500,4494.75,-2005.25,-44.6,11. Due Dilligence,2026-08-01 00:00:00
Mondi,Active,381,2026-07-31,2026-07,Planned,,102000,70533.04,-31466.96,-44.6,11. Due Dilligence,2026-08-01 00:00:00
Mondi,Active,389,2026-07-31,2026-07,Planned,,18257.6,12625.14,-5632.46,-44.6,11. Due Dilligence,2026-07-01 00:00:00
Mondi,Active,437,2026-07-31,2026-07,Planned,,115300.92,162706.98,47406.06,29.1,13. Engineering,EPC - July 26
Mondi,Active,448,2026-07-31,2026-07,Planned,,25000,13301.55,-11698.45,-87.9,14. General Expenses,Training & Travel - July
Mondi,Active,456,2026-07-31,2026-07,Planned,,30650,16307.69,-14342.31,-87.9,14. General Expenses,Housing - July
Mondi,Active,496,2026-07-31,2026-07,Planned,,126180.51,42455.71,-83724.8,-197.2,15. Service Add On,July Interest
Mondi,Active,9,2026-08-31,2026-08,Committed,MSA Energy - 000003/02/2026,7095706.56,7583337.19,487630.63,6.4,1. Panels,MSA - Panels - Ground Mount - Batch 3 5577 panels - Required
Mondi,Active,17,2026-08-31,2026-08,Committed,MSA Energy - 000003/02/2026,38167.2,40790.12,2622.92,6.4,1. Panels,MSA - Spares - Required by August
Mondi,Active,18,2026-08-31,2026-08,Committed,MSA Energy - 000003/02/2026,343504.8,367111.11,23606.31,6.4,1. Panels,
Mondi,Active,50,2026-08-31,2026-08,Planned,,132775,165981.38,33206.38,20.0,3. Mounting Structures,Schletter - Storage Costs
Mondi,Active,58,2026-08-31,2026-08,Planned,,190440,238068.11,47628.11,20.0,3. Mounting Structures,Schletter - Engineering Signoff
Mondi,Active,86,2026-08-31,2026-08,Planned,,500000,620505.84,120505.84,19.4,5. Monitoring,Grid Code Compliant Scada
Mondi,Active,89,2026-08-31,2026-08,Planned,,512000,635397.98,123397.98,19.4,5. Monitoring,Power Plant Controller and Huawei Commissioning
Mondi,Active,92,2026-08-31,2026-08,Planned,,525000,651531.13,126531.13,19.4,5. Monitoring,Scada Control
Mondi,Active,94,2026-08-31,2026-08,Planned,,200000,248202.34,48202.34,19.4,5. Monitoring,Network Cable Installation
Mondi,Active,97,2026-08-31,2026-08,Planned,,100000,124101.17,24101.17,19.4,5. Monitoring,Revenue Metering (Techsitter)
Mondi,Active,118,2026-08-31,2026-08,Planned,,309749.4,345987.98,36238.58,10.5,6. AC Equipment,ABB - MV RMU and Switchgear - 10% on FAT
Mondi,Active,119,2026-08-31,2026-08,Planned,,309749.4,345987.98,36238.58,10.5,6. AC Equipment,ABB - MV RMU and Switchgear - 10% on delivery of goods
Mondi,Active,120,2026-08-31,2026-08,Planned,,16000,17871.89,1871.89,10.5,6. AC Equipment,ABB - Busbar Tin
Mondi,Active,123,2026-08-31,2026-08,Planned,,537093.9,599930.25,62836.35,10.5,6. AC Equipment,ABB - MV RMU Instalaltion & Commission - on completion of th
Mondi,Active,143,2026-08-31,2026-08,Planned,,75000,0,-75000,,7.ESG,10kWp Charity Donation - Deposit
Mondi,Active,144,2026-08-31,2026-08,Planned,,75000,0,-75000,,7.ESG,10kWp Charity Donation - Balance
Mondi,Active,146,2026-08-31,2026-08,Planned,,500000,0,-500000,,7.ESG,Community Engagement
Mondi,Active,170,2026-08-31,2026-08,Planned,,1238558.94,1363465.71,124906.77,9.2,8. Product Add On ,Civil Budget Available
Mondi,Active,184,2026-08-31,2026-08,Planned,,597912.98,658211.59,60298.61,9.2,8. Product Add On ,Leomat Civil Work - Claim 4
Mondi,Active,193,2026-08-31,2026-08,Planned,,526130,579189.4,53059.4,9.2,8. Product Add On ,60 Waterpoints
Mondi,Active,199,2026-08-31,2026-08,Planned,,390000,429330.9,39330.9,9.2,8. Product Add On ,Gutter ladders
Mondi,Active,202,2026-08-31,2026-08,Planned,,562109.44,618797.32,56687.88,9.2,8. Product Add On ,SME - Lightning Protection & Ground Mount Earthing Design - 
Mondi,Active,230,2026-08-31,2026-08,Planned,,139058.15,154835.55,15777.4,10.2,9. AC & DC installation,AC installation - Construction Claim 4
Mondi,Active,231,2026-08-31,2026-08,Planned,,222493.04,247736.89,25243.85,10.2,9. AC & DC installation,AC installation - Construction Claim 5
Mondi,Active,232,2026-08-31,2026-08,Planned,,83434.89,92901.33,9466.44,10.2,9. AC & DC installation,AC installation - Construction Claim 6
Mondi,Active,233,2026-08-31,2026-08,Planned,,27811.63,30967.11,3155.48,10.2,9. AC & DC installation,AC Installation - 1 Year Retention
Mondi,Active,241,2026-08-31,2026-08,Planned,,1087587.03,1210983.61,123396.58,10.2,9. AC & DC installation,DC Ground Mount installation - Construction Claim 5
Mondi,Active,242,2026-08-31,2026-08,Planned,,407845.14,454118.85,46273.71,10.2,9. AC & DC installation,DC Ground Mount installation - Construction Claim 6
Mondi,Active,243,2026-08-31,2026-08,Planned,,135948.38,151372.95,15424.57,10.2,9. AC & DC installation,DC Ground Mount installation - 1 Year Retention
Mondi,Active,251,2026-08-31,2026-08,Planned,,250235.68,278627.17,28391.49,10.2,9. AC & DC installation,DC Rooftop installation - Construction Claim 5
Mondi,Active,252,2026-08-31,2026-08,Planned,,93838.38,104485.19,10646.81,10.2,9. AC & DC installation,DC Rooftop installation - Construction Claim 6
Mondi,Active,253,2026-08-31,2026-08,Planned,,31279.46,34828.4,3548.94,10.2,9. AC & DC installation,DC Rooftop installation - 1 Year Retention
Mondi,Active,259,2026-08-31,2026-08,Planned,,23741.89,26435.62,2693.73,10.2,9. AC & DC installation,DC Carport installation - Construction Claim 3
Mondi,Active,260,2026-08-31,2026-08,Planned,,2637.99,2937.29,299.3,10.2,9. AC & DC installation,DC Carport installation - 1 Year Retention
Mondi,Active,269,2026-08-31,2026-08,Planned,,1210921.44,804431.64,-406489.8,-50.5,10. Site Logistics,Site Logistics & Civils - Construction Claim 4
Mondi,Active,270,2026-08-31,2026-08,Planned,,1937474.3,1287090.62,-650383.68,-50.5,10. Site Logistics,Site Logistics & Civils - Construction Claim 5
Mondi,Active,271,2026-08-31,2026-08,Planned,,726552.86,482658.98,-243893.88,-50.5,10. Site Logistics,Site Logistics & Civils - Construction Claim 6
Mondi,Active,272,2026-08-31,2026-08,Planned,,242184.29,160886.33,-81297.96,-50.5,10. Site Logistics,Site Logistics & Civils - 1 Year Retention
Mondi,Active,277,2026-08-31,2026-08,Planned,,68571.43,45552.94,-23018.49,-50.5,10. Site Logistics,Security - Month 5
Mondi,Active,298,2026-08-31,2026-08,Planned,,4760,3162.13,-1597.87,-50.5,10. Site Logistics,Office Containers - Month 5
Mondi,Active,308,2026-08-31,2026-08,Planned,,30869.7,20507.16,-10362.54,-50.5,10. Site Logistics,Ablutions - Month 5
Mondi,Active,316,2026-08-31,2026-08,Planned,,294231.22,195461.82,-98769.4,-50.5,10. Site Logistics,SCO Budget
Mondi,Active,329,2026-08-31,2026-08,Planned,,183933.36,122189.44,-61743.92,-50.5,10. Site Logistics,Eazi Access Budget - R750k
Mondi,Active,356,2026-08-31,2026-08,Planned,,22500,14947.06,-7552.94,-50.5,10. Site Logistics,Purchase Container for permanent storage
Mondi,Active,373,2026-08-31,2026-08,Planned,,6500,4494.75,-2005.25,-44.6,11. Due Dilligence,2026-09-01 00:00:00
Mondi,Active,382,2026-08-31,2026-08,Planned,,102000,70533.04,-31466.96,-44.6,11. Due Dilligence,2026-09-01 00:00:00
Mondi,Active,390,2026-08-31,2026-08,Planned,,18257.6,12625.14,-5632.46,-44.6,11. Due Dilligence,2026-08-01 00:00:00
Mondi,Active,401,2026-08-31,2026-08,Planned,,138180,95551.52,-42628.48,-44.6,11. Due Dilligence,Protection Design - TestARelay Balance
Mondi,Active,404,2026-08-31,2026-08,Planned,,7600,5255.4,-2344.6,-44.6,11. Due Dilligence,Civil Designs Sign Off - L&B Consulting Engineers
Mondi,Active,415,2026-08-31,2026-08,Planned,,158880,109865.58,-49014.42,-44.6,11. Due Dilligence,Scanning Rest of site
Mondi,Active,419,2026-08-31,2026-08,Planned,,500000,345750.19,-154249.81,-44.6,11. Due Dilligence,Electrical PrEng sign off Budget
Mondi,Active,421,2026-08-31,2026-08,Planned,,236260.14,163373.98,-72886.16,-44.6,11. Due Dilligence,Signage
Mondi,Active,428,2026-08-31,2026-08,Planned,,923726.21,1251572.84,327846.63,26.2,13. Engineering,Matriarch Defects Period - 0.8%
Mondi,Active,438,2026-08-31,2026-08,Planned,,115300.92,162706.98,47406.06,29.1,13. Engineering,EPC - Aug 26
Mondi,Active,449,2026-08-31,2026-08,Planned,,25000,13301.55,-11698.45,-87.9,14. General Expenses,Training & Travel - August
Mondi,Active,457,2026-08-31,2026-08,Planned,,30650,16307.69,-14342.31,-87.9,14. General Expenses,Housing - August
Mondi,Active,485,2026-08-31,2026-08,Planned,,50000,16823.4,-33176.6,-197.2,15. Service Add On,Parasitic Loads Energy Usage during construction
Mondi,Active,497,2026-08-31,2026-08,Planned,,112188.43,37747.82,-74440.61,-197.2,15. Service Add On,August Interest
PnP Bethal,Active,159,2026-02-28,2026-02,Realised,Expense Claim,3962.03,3020.4,-941.63,-31.2,14. General Expenses,Travel
PnP Bethal,Active,6,2026-03-31,2026-03,Realised,MSA Energy - INV0003752,59040,79216.69,20176.69,25.5,1. Panels,Jinko 615W (MSA)
PnP Bethal,Active,7,2026-03-31,2026-03,Realised,MSA Energy - INV0003693,782020,1049272.31,267252.31,25.5,1. Panels,Jinko 610W (MSA)
PnP Bethal,Active,14,2026-03-31,2026-03,Realised,Herholdts Inv: INV1246410,194970,248963.41,53993.41,21.7,2. Inverters,Sungrow 125kW
PnP Bethal,Active,21,2026-03-31,2026-03,Realised,Schletter Inv: INV002732,74923.5,186004.0,111080.5,59.7,3. Mounting Structures,Schletter Structure
PnP Bethal,Active,22,2026-03-31,2026-03,Realised,Schletter - INV002767,9759,24227.55,14468.55,59.7,3. Mounting Structures,Clamps and Screws
PnP Bethal,Active,25,2026-03-31,2026-03,Realised,Allocated from Ziegler Warehouse,5000.8,12414.91,7414.11,59.7,3. Mounting Structures,Mid Clamps out of stock
PnP Bethal,Active,29,2026-03-31,2026-03,Realised,Allocated from Ziegler Warehouse,52000,46472.51,-5527.49,-11.9,4. DC Equipment,DC Cable - red from Coega Steel - Ziegler
PnP Bethal,Active,30,2026-03-31,2026-03,Realised,Allocated from Ziegler Warehouse,52000,46472.51,-5527.49,-11.9,4. DC Equipment,DC Cable - black from Coega Steel - Ziegler
PnP Bethal,Active,31,2026-03-31,2026-03,Realised,Allocated from Joburg Storeroom,13650,12199.03,-1450.97,-11.9,4. DC Equipment,DC Cable - red from JHB stock (Mahikeng)
PnP Bethal,Active,32,2026-03-31,2026-03,Realised,Allocated from Joburg Storeroom,13650,12199.03,-1450.97,-11.9,4. DC Equipment,DC Cable - black from JHB stock (Mahikeng)
PnP Bethal,Active,33,2026-03-31,2026-03,Realised,Ziegler - W00213967,2233.4,1995.99,-237.41,-11.9,4. DC Equipment,Transport - CPT to Bethal
PnP Bethal,Active,34,2026-03-31,2026-03,Realised,Allocated from Joburg Storeroom,12285,10979.13,-1305.87,-11.9,4. DC Equipment,DC Cable - black stock out of JHB
PnP Bethal,Active,35,2026-03-31,2026-03,Realised,Allocated from Joburg Storeroom,12967.5,11589.08,-1378.42,-11.9,4. DC Equipment,DC Cable - red stock out of JHB
PnP Bethal,Active,40,2026-03-31,2026-03,Realised,Cosmic Sun: CS_BET_001,14646.78,13089.85,-1556.93,-11.9,4. DC Equipment,Project Kick Off
PnP Bethal,Active,41,2026-03-31,2026-03,Realised,Cosmic Sun: CS_BET_002,21970.16,19634.78,-2335.38,-11.9,4. DC Equipment,Site Establishment
PnP Bethal,Active,53,2026-03-31,2026-03,Realised,AccuEnergy -ASAI-007607,32125,43477.75,11352.75,26.1,5. Monitoring,CTs & Meters
PnP Bethal,Active,56,2026-03-31,2026-03,Realised,Herholdts - INV1248884,4520,6117.34,1597.34,26.1,5. Monitoring,Sungrow Energy Meter
PnP Bethal,Active,59,2026-03-31,2026-03,Realised,Accuenergy - ASAI-007778,3352.5,4537.25,1184.75,26.1,5. Monitoring,RUT241 LTE Cat 4 Router
PnP Bethal,Active,62,2026-03-31,2026-03,Realised,Switchboard 2-SOI003001,144759.82,216987.62,72227.8,33.3,6. AC Equipment,PVDB
PnP Bethal,Active,64,2026-03-31,2026-03,Realised,Switchboard - 2-SOI002991,29180.95,43740.76,14559.81,33.3,6. AC Equipment,BESS Panel
PnP Bethal,Active,65,2026-03-31,2026-03,Realised,Switchboard - 2-SOI002992,7455.94,11176.08,3720.14,33.3,6. AC Equipment,Change Over Swtich
PnP Bethal,Active,67,2026-03-31,2026-03,Realised,Cosmic Sun: CS_BET_001,15493.38,23223.79,7730.41,33.3,6. AC Equipment,Project Kick Off
PnP Bethal,Active,68,2026-03-31,2026-03,Realised,Cosmic Sun: CS_BET_002,23240.07,34835.68,11595.61,33.3,6. AC Equipment,Site Establishment
PnP Bethal,Active,79,2026-03-31,2026-03,Realised,Herholdts Inv: INV1246410,83080,129616.45,46536.45,35.9,7.BESS,Sungrow 50kW with104kWh
PnP Bethal,Active,81,2026-03-31,2026-03,Realised,Herholdts Inv: INV1246410,288800,450568.51,161768.51,35.9,7.BESS,Sungrow 25kWh HV LFP Battery 
PnP Bethal,Active,82,2026-03-31,2026-03,Realised,Herholdts- INV1246570,15100,23558.12,8458.12,35.9,7.BESS,Sungrow battery box
PnP Bethal,Active,88,2026-03-31,2026-03,Realised,Onvlee Engineering - ONV1833,64599.76,74616.03,10016.27,13.4,8. Product Add On ,Walkways
PnP Bethal,Active,91,2026-03-31,2026-03,Realised,Allocated from Mahikeng Builders Express,11898.6,13543.18,1644.58,12.1,8. Product Add On ,Walkways from Mahikeng
PnP Bethal,Active,95,2026-03-31,2026-03,Realised,Plumbridge QUO226,4899.32,5658.97,759.65,13.4,8. Product Add On ,Water Points
PnP Bethal,Active,99,2026-03-31,2026-03,Realised,Chabo & Joubert - INV-1391,20080.26,23193.73,3113.47,13.4,8. Product Add On ,Aircon for the inverter room x 2 (battery room + Grid-tied r
PnP Bethal,Active,100,2026-03-31,2026-03,Realised,Chabo & Joubert - INV-1391,20080.26,23193.73,3113.47,13.4,8. Product Add On ,Aircon for the inverter room x 2 (battery room + Grid-tied r
PnP Bethal,Active,104,2026-03-31,2026-03,Realised,Herholdts Inv: INV1249516,29640.6,34236.41,4595.81,13.4,8. Product Add On ,Sungrow warranty extension to 10 years on the 125kW 
PnP Bethal,Active,105,2026-03-31,2026-03,Realised,Herholdts Inv: INV1249516,12000,13860.61,1860.61,13.4,8. Product Add On ,Sungrow warranty extension to 10 years on the 25 kW Hybrid i
PnP Bethal,Active,106,2026-03-31,2026-03,Realised,Allocated from Ziegler Storeroom,900,1024.39,124.39,12.1,8. Product Add On ,50mm R/Flange cable trays - from stock  - Do recon with subc
PnP Bethal,Active,107,2026-03-31,2026-03,Realised,Allocated from Ziegler Storeroom,261,297.07,36.07,12.1,8. Product Add On ,50mm R/Flange cable tray covers - from stock 
PnP Bethal,Active,108,2026-03-31,2026-03,Realised,Allocated from Ziegler Storeroom,8016,9123.94,1107.94,12.1,8. Product Add On ,300mm Cable trays - from stock
PnP Bethal,Active,109,2026-03-31,2026-03,Realised,Allocated from Ziegler Storeroom,7200,8195.16,995.16,12.1,8. Product Add On ,300mm cable tray covers = from stock
PnP Bethal,Active,110,2026-03-31,2026-03,Realised,Allocated from Ziegler Storeroom,14600,16617.96,2017.96,12.1,8. Product Add On ,Earthing cable 6mm - From stock
PnP Bethal,Active,114,2026-03-31,2026-03,Realised,Cosmic Sun: CS_BET_001,52920,37075.56,-15844.44,-42.7,9. AC & DC installation,Project Kick Off
PnP Bethal,Active,115,2026-03-31,2026-03,Realised,Cosmic Sun: CS_BET_002,79380,55613.33,-23766.67,-42.7,9. AC & DC installation,Site Establishment
PnP Bethal,Active,130,2026-03-31,2026-03,Realised,Cosmic Sun: CS_BET_001,3695,5468.57,1773.57,32.4,10. Site Logistics,Project Kick Off
PnP Bethal,Active,131,2026-03-31,2026-03,Realised,Cosmic Sun: CS_BET_002,5542.5,8202.85,2660.35,32.4,10. Site Logistics,Site Establishment
PnP Bethal,Active,144,2026-03-31,2026-03,Realised,Okusha - EE24,79700,94330.3,14630.3,15.5,11. Due Dilligence,Grid Study - Outside of CoCT
PnP Bethal,Active,147,2026-03-31,2026-03,Realised,LPS - IN307786,4500,5326.05,826.05,15.5,11. Due Dilligence,Lightning Risk Assessment
PnP Bethal,Active,160,2026-03-31,2026-03,Realised,Expense Claim,4415.66,1643.16,-2772.5,-168.7,14. General Expenses,Travel
PnP Bethal,Active,172,2026-03-31,2026-03,Realised,Ziegler T00037720,780,0,-780,,15. Service Add On,Domestic Transport - clamps
PnP Bethal,Active,173,2026-03-31,2026-03,Realised,COSMIC SUN - CS_BET_009,3950,0,-3950,,15. Service Add On,BESS Router Enclosure and Installation
PnP Bethal,Active,174,2026-03-31,2026-03,Realised,ABL Transport - Inv 0365,9800,0,-9800,,15. Service Add On,"Domestic Transport - Cable trays, cable"
PnP Bethal,Active,8,2026-04-30,2026-04,Realised,MSA Energy - INV0003801,6150,8251.74,2101.74,25.5,1. Panels,Tiger Neo 615W (replacement for broken panels)
PnP Bethal,Active,9,2026-04-30,2026-04,Realised,MSA Energy - INV0003801,2200,2951.84,751.84,25.5,1. Panels,Delivery
PnP Bethal,Active,23,2026-04-30,2026-04,Realised,Schletter - INV002801,3087.8,7665.73,4577.93,59.7,3. Mounting Structures,Mid Clamps
PnP Bethal,Active,36,2026-04-30,2026-04,Realised,Allocated from De Drift,54600,11763.36,-42836.64,-364.2,4. DC Equipment,DC cable - from De Drift - black
PnP Bethal,Active,37,2026-04-30,2026-04,Realised,Allocated from De Drift,47775,10292.95,-37482.05,-364.2,4. DC Equipment,DC cable - from De Drift - red
PnP Bethal,Active,42,2026-04-30,2026-04,Realised,Cosmic Sun: CS_BET_004,29293.55,19348.98,-9944.57,-51.4,4. DC Equipment,AC Installation Complete
PnP Bethal,Active,43,2026-04-30,2026-04,Realised,Cosmic Sun: CS_BET_003,36616.94,24186.22,-12430.72,-51.4,4. DC Equipment,DC Installation Complete
PnP Bethal,Active,54,2026-04-30,2026-04,Realised,Matriarch - INV-7284,11169,16544.96,5375.96,32.5,5. Monitoring,Revenue Grade Meter
PnP Bethal,Active,55,2026-04-30,2026-04,Realised,Rubicon - INV0141972,85000,131030.02,46030.02,35.1,5. Monitoring,APEX Controller
PnP Bethal,Active,58,2026-04-30,2026-04,Realised,Accuergy Inv: ASAI-007877,3130,4636.56,1506.56,32.5,5. Monitoring,CTs
PnP Bethal,Active,69,2026-04-30,2026-04,Realised,Cosmic Sun: CS_BET_004,30986.76,46447.58,15460.82,33.3,6. AC Equipment,AC Installation Complete
PnP Bethal,Active,70,2026-04-30,2026-04,Realised,Cosmic Sun: CS_BET_003,38733.45,58059.47,19326.02,33.3,6. AC Equipment,DC Installation Complete
PnP Bethal,Active,89,2026-04-30,2026-04,Realised,Onvlee Engineering Credit  - ONV1833,-64599.76,0,64599.76,,8. Product Add On ,Walkways
PnP Bethal,Active,90,2026-04-30,2026-04,Realised,Onvlee Engineering - 1052268,64599.71,0,-64599.71,,8. Product Add On ,Walkways
PnP Bethal,Active,92,2026-04-30,2026-04,Realised,DSV Inv: 180173212,1715.95,1973.49,257.54,13.0,8. Product Add On ,Delivery of  Walkways
PnP Bethal,Active,93,2026-04-30,2026-04,Realised,Onvlee Engineering - 01052337,3826.5,4158.02,331.52,8.0,8. Product Add On ,Additional Walk-Way Mounting Structure
PnP Bethal,Active,97,2026-04-30,2026-04,Realised,Erasmus Steelworks - INV0002339,25287.5,29082.75,3795.25,13.0,8. Product Add On ,Cat Ladders - Deposit
PnP Bethal,Active,111,2026-04-30,2026-04,Realised,Herholdts - INV1264348,9540,10971.8,1431.8,13.0,8. Product Add On ,Sungrow Smart Communication Box
PnP Bethal,Active,116,2026-04-30,2026-04,Realised,Cosmic Sun: CS_BET_004,105840,74151.11,-31688.89,-42.7,9. AC & DC installation,AC Installation Complete
PnP Bethal,Active,117,2026-04-30,2026-04,Realised,Cosmic Sun: CS_BET_003,132300,92688.89,-39611.11,-42.7,9. AC & DC installation,DC Installation Complete
PnP Bethal,Active,132,2026-04-30,2026-04,Realised,Cosmic Sun: CS_BET_004,7390,10937.14,3547.14,32.4,10. Site Logistics,AC Installation Complete
PnP Bethal,Active,133,2026-04-30,2026-04,Realised,Cosmic Sun: CS_BET_003,9237.5,13671.42,4433.92,32.4,10. Site Logistics,DC Installation Complete
PnP Bethal,Active,161,2026-04-30,2026-04,Realised,Expense Claim,2061.8,858.73,-1203.07,-140.1,14. General Expenses,Travel
PnP Bethal,Active,175,2026-04-30,2026-04,Realised,Cosmic Sun - CS_BET_011,6890,0,-6890,,15. Service Add On,Cosmic Sun - Labour to move 72 panels
PnP Bethal,Active,176,2026-04-30,2026-04,Realised,Cosmic Sun - CS_BET_010,77567.52,0,-77567.52,,15. Service Add On,Tie-in Relocation VO
PnP Bethal,Active,177,2026-04-30,2026-04,Realised,Cosmic Sun - CS_BET_012,3500,0,-3500,,15. Service Add On,Additional COC for BESS system
PnP Bethal,Active,38,2026-05-31,2026-05,Realised,Ziegler I00005644,5388.08,3558.94,-1829.14,-51.4,4. DC Equipment,Transport - Pretoria to Bethal
PnP Bethal,Active,44,2026-05-31,2026-05,Realised,Cosmic Sun: CS_BET_005,14646.78,9674.49,-4972.29,-51.4,4. DC Equipment,Commissioning Complete
PnP Bethal,Active,45,2026-05-31,2026-05,Realised,Cosmic Sun: CS_BET_006,14646.78,9674.49,-4972.29,-51.4,4. DC Equipment,Site De-establisment
PnP Bethal,Active,46,2026-05-31,2026-05,Realised,Cosmic Sun: CS_BET_007,7323.39,4837.24,-2486.15,-51.4,4. DC Equipment,Handover Document Complete
PnP Bethal,Active,71,2026-05-31,2026-05,Realised,Cosmic Sun: CS_BET_005,15493.38,23223.79,7730.41,33.3,6. AC Equipment,Commissioning Complete
PnP Bethal,Active,72,2026-05-31,2026-05,Realised,Cosmic Sun: CS_BET_006,15493.38,23223.79,7730.41,33.3,6. AC Equipment,Site De-establisment
PnP Bethal,Active,73,2026-05-31,2026-05,Realised,Cosmic Sun: CS_BET_007,7746.69,11611.89,3865.2,33.3,6. AC Equipment,Handover Document Complete
PnP Bethal,Active,98,2026-05-31,2026-05,Realised,Erasmus Steelworks - INV0002351,25287.5,29082.75,3795.25,13.0,8. Product Add On ,Cat Ladders - Balance
PnP Bethal,Active,118,2026-05-31,2026-05,Realised,Cosmic Sun: CS_BET_005,52920,37075.56,-15844.44,-42.7,9. AC & DC installation,Commissioning Complete
PnP Bethal,Active,119,2026-05-31,2026-05,Realised,Cosmic Sun: CS_BET_006,52920,37075.56,-15844.44,-42.7,9. AC & DC installation,Site De-establisment
PnP Bethal,Active,120,2026-05-31,2026-05,Realised,Cosmic Sun: CS_BET_007,26460,18537.78,-7922.22,-42.7,9. AC & DC installation,Handover Document Complete
PnP Bethal,Active,134,2026-05-31,2026-05,Realised,Cosmic Sun: CS_BET_005,3695,5468.57,1773.57,32.4,10. Site Logistics,Commissioning Complete
PnP Bethal,Active,135,2026-05-31,2026-05,Realised,Cosmic Sun: CS_BET_006,3695,5468.57,1773.57,32.4,10. Site Logistics,Site De-establisment
PnP Bethal,Active,136,2026-05-31,2026-05,Realised,Cosmic Sun: CS_BET_007,1847.5,2734.28,886.78,32.4,10. Site Logistics,Handover Document Complete
PnP Bethal,Active,142,2026-05-31,2026-05,Committed,Sunspot Inv: E044,21500,18098.85,-3401.15,-18.8,11. Due Dilligence,Electrical PrEng sign off
PnP Bethal,Active,145,2026-05-31,2026-05,Realised,Arefa Isago Group - INV0000354,6485,7224.62,739.62,10.2,11. Due Dilligence,AIG - Red Team Inspection - Deposit
PnP Bethal,Active,146,2026-05-31,2026-05,Realised,Arefa Isago Group - INV0000354,6485,7224.62,739.62,10.2,11. Due Dilligence,AIG - Red Team Inspection - Balance
PnP Bethal,Active,162,2026-05-31,2026-05,Unrealised,,4500,699.93,-3800.07,-542.9,14. General Expenses,Travel
PnP Bethal,Active,178,2026-05-31,2026-05,Realised,Cosmic Sun - CS_BET_013,18041.72,0,-18041.72,,15. Service Add On,Cosmic Sun - BESS Scope Change - Deposit
PnP Bethal,Active,179,2026-05-31,2026-05,Realised,Cosmic Sun - CS_BET_013,18041.72,0,-18041.72,,15. Service Add On,Cosmic Sun - BESS Scope Change - Balance
PnP Bethal,Active,180,2026-05-31,2026-05,Realised,Cosmic Sun - CS_BET_014,9312.1,0,-9312.1,,15. Service Add On,Cosmic Sun - Breaker Installation - Deposit
PnP Bethal,Active,181,2026-05-31,2026-05,Realised,Cosmic Sun - CS_BET_014,9312.1,0,-9312.1,,15. Service Add On,Cosmic Sun - Breaker Installation - Balance
PnP Bethal,Active,47,2026-06-30,2026-06,Planned,,7323.39,4837.24,-2486.15,-51.4,4. DC Equipment,End of Defects Period
PnP Bethal,Active,74,2026-06-30,2026-06,Planned,,7746.69,11611.89,3865.2,33.3,6. AC Equipment,End of Defects Period
PnP Bethal,Active,121,2026-06-30,2026-06,Planned,,26460,18537.78,-7922.22,-42.7,9. AC & DC installation,End of Defects Period
PnP Bethal,Active,137,2026-06-30,2026-06,Planned,,1847.5,2734.28,886.78,32.4,10. Site Logistics,End of Defects Period
PnP Bethal,Active,152,2026-06-30,2026-06,Planned,,51495.09,45054.35,-6440.74,-14.3,13. Engineering,Matriarch Defects Period - 1.25%
Pretoria North,Active,111,2025-09-30,2025-09,Realised,Supply Chain - SCO05262,22800,17311.85,-5488.15,-31.7,10. Site Logistics,Crane Hire
Pretoria North,Active,112,2025-09-30,2025-09,Realised,GSG Tactical - INV000013885,27900,14421.77,-13478.23,-93.5,10. Site Logistics,Security - September
Pretoria North,Active,151,2025-09-30,2025-09,Realised,Expense Claim,1085.28,1983.83,898.55,45.3,14. General Expenses,Travel
Pretoria North,Active,24,2025-10-31,2025-10,Realised,Schletter - CRN0278,-40497.6,0,40497.6,,3. Mounting Structures,Return Scheltter Stock
Pretoria North,Active,26,2025-10-31,2025-10,Realised,Schletter - INV2301,83015.5,0,-83015.5,,3. Mounting Structures,New Scheltter Stock
Pretoria North,Active,27,2025-10-31,2025-10,Realised,Schletter - INV2356,22912.4,0,-22912.4,,3. Mounting Structures,
Pretoria North,Active,99,2025-10-31,2025-10,Realised,CS_PTN_006 B,21054.3,48464.71,27410.41,56.6,9. AC & DC installation,Site De-establisment
Pretoria North,Active,100,2025-10-31,2025-10,Realised,CS_PTN_006 B,29845.7,0,-29845.7,,9. AC & DC installation,Site De-establisment
Pretoria North,Active,101,2025-10-31,2025-10,Realised,CS_PTN_007 B,25450,24232.35,-1217.65,-5.0,9. AC & DC installation,Handover Document Complete
Pretoria North,Active,102,2025-10-31,2025-10,Realised,CS_PTN_008 B,25450,24232.35,-1217.65,-5.0,9. AC & DC installation,End of Defects Period
Pretoria North,Active,103,2025-10-31,2025-10,Realised,CS_PTN_006 B,-0.01,0,0.01,,9. AC & DC installation,Rounding Difference
Pretoria North,Active,113,2025-10-31,2025-10,Realised,GSG Tactical - INV000013973,27900,0,-27900,,10. Site Logistics,Security - October
Pretoria North,Active,152,2025-10-31,2025-10,Realised,Expense Claim,3791.54,1080.81,-2710.73,-250.8,14. General Expenses,Travel
Pretoria North,Active,7,2025-11-30,2025-11,Realised,Menlo - INV0003424,3701.4,0,-3701.4,,1. Panels,Jinko 620W - Replacement of broken modules - VO
Pretoria North,Active,8,2025-11-30,2025-11,Realised,Menlo - INV0003424,1000,0,-1000,,1. Panels,Delivery
Pretoria North,Active,25,2025-11-30,2025-11,Realised,DSV Inv: 180155155 & 180154233,616.92,0,-616.92,,3. Mounting Structures,Return Scheltter Stock
Pretoria North,Active,87,2025-11-30,2025-11,Realised,Ndawonga Trading - 1484,14332,0,-14332,,8. Product Add On ,Waterpoint
Pretoria North,Active,88,2025-11-30,2025-11,Realised,Cosmic Sun - CS_PTN_009,6000,0,-6000,,8. Product Add On ,Estops
Pretoria North,Active,114,2025-11-30,2025-11,Realised,GSG Tactical - INV000014095,27900,0,-27900,,10. Site Logistics,Security - November
Pretoria North,Active,153,2025-11-30,2025-11,Realised,Expense Claim,2115.3,794.96,-1320.34,-166.1,14. General Expenses,Travel
Pretoria North,Active,164,2025-11-30,2025-11,Realised,Cosmic Sun - CS_PTN_010,7350,0,-7350,,15. Service Add On,Scaffolding - Cosmic Sun - VO
Pretoria North,Active,165,2025-11-30,2025-11,Realised,Ecom Electrical INV2892,4950,0,-4950,,15. Service Add On,Client Electrician Labour - VO
Pretoria North,Active,32,2025-12-31,2025-12,Realised,Rubicon - INVRED-0136040,29500,0,-29500,,4. DC Equipment,DC Cable - Rubicon - VO
Pretoria North,Active,86,2025-12-31,2025-12,Realised,The Engineering Hub - INV/2025/12/0065,22639,0,-22639,,8. Product Add On ,Inverter landing area and walkway
Pretoria North,Active,115,2025-12-31,2025-12,Realised,GSG Tactical - INV000014166,6750,0,-6750,,10. Site Logistics,Security - December
Pretoria North,Active,134,2025-12-31,2025-12,Realised,Matriarch - INV-5975,8000,33773.38,25773.38,76.3,11. Due Dilligence,Red Team Inspection
Pretoria North,Active,154,2025-12-31,2025-12,Realised,Expense Claim,533.12,0,-533.12,,14. General Expenses,Travel
Pretoria North,Active,90,2026-01-31,2026-01,Realised,The Engineering Hub INV/2026/01/0249,44224,0,-44224,,8. Product Add On ,Inverter cage modification
Pretoria North,Active,155,2026-01-31,2026-01,Realised,Expense Claim,971.04,0,-971.04,,14. General Expenses,Travel
Pretoria North,Active,139,2026-02-28,2026-02,Realised,Matriarch - INV-6570,59518.41,188915.91,129397.5,68.5,13. Engineering,Matriarch Defects Period - 1.25%
Pretoria North,Active,156,2026-02-28,2026-02,Realised,Expense Claim,249.49,0,-249.49,,14. General Expenses,Travel
Pretoria North,Active,130,2026-03-31,2026-03,Realised,Sunspot E027,2314.3,0,-2314.3,,11. Due Dilligence,Electrical PrEng sign off
Pretoria North,Active,157,2026-03-31,2026-03,Realised,Expense Claim,653.4,0,-653.4,,14. General Expenses,Travel
Pretoria North,Active,132,2026-05-31,2026-05,Realised,Okusha Engineering - EE22,79700,0,-79700,,11. Due Dilligence,Grid Impact Study
Randfontein,Active,9,2025-09-30,2025-09,Realised,Menlo - INV0003274,4601.4,0,-4601.4,,1. Panels,
Randfontein,Active,163,2025-09-30,2025-09,Realised,Thula Moya IN04886,27040.37,5570.41,-21469.96,-385.4,15. Service Add On,Roof Remediation - VO
Randfontein,Active,164,2025-09-30,2025-09,Realised,Thula Moya IN04886,44528.63,5570.41,-38958.22,-699.4,15. Service Add On,
Randfontein,Active,165,2025-09-30,2025-09,Realised,Thula Moya IN04886,71569,5570.41,-65998.59,-1184.8,15. Service Add On,
Randfontein,Active,150,2025-10-31,2025-10,Realised,Expense Claim,125.19,176.55,51.36,29.1,14. General Expenses,Travel
Randfontein,Active,10,2025-11-30,2025-11,Realised,MSA Energy INV0003445,3701.4,0,-3701.4,,1. Panels,Jinko 620W - Menlo - VO
Randfontein,Active,11,2025-11-30,2025-11,Realised,MSA Energy INV0003445,600,0,-600,,1. Panels,Transport
Randfontein,Active,82,2025-11-30,2025-11,Realised,Thula Moya IN04963,245754.52,0,-245754.52,,8. Product Add On ,DC VO - DC Cable and Trunking - ThulaMoya
Randfontein,Active,152,2025-12-31,2025-12,Realised,Expense Claim,244.66,242.88,-1.78,-0.7,14. General Expenses,Travel
Randfontein,Active,30,2026-01-31,2026-01,Realised,Rubicon - INVCRED-0137907,84000,0,-84000,,4. DC Equipment,Aditional DC Cable - Rubicon - VO
Randfontein,Active,31,2026-01-31,2026-01,Realised,Rubicon - INVCRED-0137907,4500,0,-4500,,4. DC Equipment,Delivery Extra DC - Rubicon - VO
Randfontein,Active,86,2026-01-31,2026-01,Realised,Plumbryt Inv 023,17120,0,-17120,,8. Product Add On ,Waterpoint - Plumbryt - Deposit
Randfontein,Active,87,2026-01-31,2026-01,Realised,Plumbryt Inv 023,4280,0,-4280,,8. Product Add On ,Waterpoint - Plumbryt - Balance
Randfontein,Active,153,2026-01-31,2026-01,Realised,Expense Claim,315.11,325.67,10.56,3.2,14. General Expenses,Travel
Randfontein,Active,22,2026-02-28,2026-02,Realised,Schletter - INV002603,1252,0,-1252,,3. Mounting Structures,End Clamps Top Up - Schletter
Randfontein,Active,50,2026-02-28,2026-02,Realised,Accuenergy - ASAI-007333,7197.5,0,-7197.5,,5. Monitoring,Grid CTs and Router - AccuEnergy
Randfontein,Active,89,2026-02-28,2026-02,Realised,Thula Moya - IN05020,16725,0,-16725,,8. Product Add On ,30way DC Combiner Box 30A 1000v - ThulaMoya
Randfontein,Active,98,2026-02-28,2026-02,Realised,Thula Moya IN05042,48312.06,33935.57,-14376.49,-42.4,9. AC & DC installation,Commissioning Complete
Randfontein,Active,99,2026-02-28,2026-02,Realised,Thula Moya IN05041,48312.06,33935.57,-14376.49,-42.4,9. AC & DC installation,Site De-establisment
Randfontein,Active,100,2026-02-28,2026-02,Realised,Thula Moya IN05043,24156.04,16967.81,-7188.23,-42.4,9. AC & DC installation,Handover Document Complete
Randfontein,Active,101,2026-02-28,2026-02,Realised,Thula Moya IN05044,24156.04,16967.81,-7188.23,-42.4,9. AC & DC installation,End of Defects Period
Randfontein,Active,132,2026-02-28,2026-02,Realised,Matriarch - INV-6571,6000,27902.95,21902.95,78.5,11. Due Dilligence,Red Team Inspection
Randfontein,Active,154,2026-02-28,2026-02,Realised,Expense Claim,946.29,369.36,-576.93,-156.2,14. General Expenses,Travel
Randfontein,Active,166,2026-02-28,2026-02,Unrealised,,0,442507.0,442507.0,100.0,15. Service Add On,
Randfontein,Active,51,2026-03-31,2026-03,Realised,Accuenergy - ASAI-007629,95,0,-95,,5. Monitoring,Router Dinrail Kit - AccuEnergy
Randfontein,Active,128,2026-03-31,2026-03,Realised,Sunspot Investments E027,2314.28,0,-2314.28,,11. Due Dilligence,Electrical PrEng sign off
Randfontein,Active,155,2026-03-31,2026-03,Realised,Expense Claim,1043.02,274.49,-768.53,-280.0,14. General Expenses,Travel
Randfontein,Active,83,2026-04-30,2026-04,Realised,Takealot - Ord 208552553 ,416.52,0,-416.52,,8. Product Add On ,Step Ladder
Randfontein,Active,137,2026-04-30,2026-04,Realised,Matriarch - INV-7247,41942.99,139101.49,97158.5,69.8,13. Engineering,Matriarch Defects Period - 1.25%
Randfontein,Active,156,2026-04-30,2026-04,Realised,Expense Claim,273.24,0,-273.24,,14. General Expenses,Travel
Red Rocket,Active,51,2025-09-30,2025-09,Realised,Allocated to Cpt Stockroom,-2970,0,2970,,5. Monitoring,AcuRev 1313 RCT-XO - Return to stock
Red Rocket,Active,52,2025-09-30,2025-09,Realised,Allocated to Cpt Stockroom,-3780,0,3780,,5. Monitoring,AcuCT3147-1000:5 - Return to stock
Red Rocket,Active,141,2025-09-30,2025-09,Realised,JA Electrical Inv 1083,180163.56,154494.38,-25669.18,-16.6,9. AC & DC installation,AC Installation Complete
Red Rocket,Active,159,2025-09-30,2025-09,Realised,Container World - C591997,620,0,-620,,10. Site Logistics,Container Rental - October
Red Rocket,Active,180,2025-09-30,2025-09,Realised,L&B Consulting - INV-2087,12000,17946.22,5946.22,33.1,11. Due Dilligence,
Red Rocket,Active,197,2025-09-30,2025-09,Realised,Expense Claim,1311.5,1080.63,-230.87,-21.4,14. General Expenses,Travel
Red Rocket,Active,16,2025-10-31,2025-10,Realised,Herholdts -INV1165658,68050,0,-68050,,2. Inverters,Sungrow SG125CX
Red Rocket,Active,29,2025-10-31,2025-10,Realised,Solarworld - Inv SASIV-25-00568,650,-0.02,-650.02,3250100.0,3. Mounting Structures,End Clamps
Red Rocket,Active,30,2025-10-31,2025-10,Realised,Uber Deilvery,205,0,-205,,3. Mounting Structures,Delivery of Clamps
Red Rocket,Active,34,2025-10-31,2025-10,Realised,Allocated to Stock,-81000,0,81000,,4. DC Equipment,DC Cable - black
Red Rocket,Active,35,2025-10-31,2025-10,Realised,Allocated to Stock,-94500,0,94500,,4. DC Equipment,DC Cable - Red
Red Rocket,Active,55,2025-10-31,2025-10,Realised,Matriarch - INV-5207,11169,3098.85,-8070.15,-260.4,5. Monitoring,Techsitter - (Which Tie In)
Red Rocket,Active,56,2025-10-31,2025-10,Realised,DSV Inv: 180150385,206.91,34.86,-172.05,-493.5,5. Monitoring,Delivery of Techsitter
Red Rocket,Active,71,2025-10-31,2025-10,Realised,IBC Solar - ZA42502457,28431.28,7888.29,-20542.99,-260.4,5. Monitoring,Irradiance sensors
Red Rocket,Active,73,2025-10-31,2025-10,Realised,WM Cabling - INV0001211,52911.24,6376.5,-46534.74,-729.8,5. Monitoring,Optic Fiber
Red Rocket,Active,74,2025-10-31,2025-10,Realised,WM Cabling - INV0001211,28219.32,7829.48,-20389.84,-260.4,5. Monitoring,
Red Rocket,Active,76,2025-10-31,2025-10,Realised,Accuenergy: ASAI-006611,1767.5,490.39,-1277.11,-260.4,5. Monitoring,8 Port Switch
Red Rocket,Active,78,2025-10-31,2025-10,Realised,Frontline INV746387,2250.5,624.4,-1626.1,-260.4,5. Monitoring,Second Tie In UPS
Red Rocket,Active,87,2025-10-31,2025-10,Realised,Menlo Inv: INV0003305 + INV0003343,13151,0,-13151,,6. AC Equipment,QC4 Connectors
Red Rocket,Active,117,2025-10-31,2025-10,Realised,Switchboard - 2-SOI002560,20597.8,0,-20597.8,,8. Product Add On ,ABB XT3N 250A TP MCCB
Red Rocket,Active,142,2025-10-31,2025-10,Realised,JA Electrical Inv 1083,225204.45,189849.53,-35354.92,-18.6,9. AC & DC installation,DC Installation Complete
Red Rocket,Active,143,2025-10-31,2025-10,Realised,JA Electrical Inv 1083,90081.78,78336.67,-11745.11,-15.0,9. AC & DC installation,Commissioning Complete
Red Rocket,Active,144,2025-10-31,2025-10,Realised,JA Electrical Inv 1083,90081.78,78336.67,-11745.11,-15.0,9. AC & DC installation,Site De-establisment
Red Rocket,Active,145,2025-10-31,2025-10,Realised,JA Electrical Inv 1083,45040.89,39168.34,-5872.55,-15.0,9. AC & DC installation,Handover Document Complete
Red Rocket,Active,146,2025-10-31,2025-10,Realised,JA Electrical Inv 1083,45040.89,39168.34,-5872.55,-15.0,9. AC & DC installation,End of Defects Period
Red Rocket,Active,162,2025-10-31,2025-10,Realised,Container World -C595541,600,0,-600,,10. Site Logistics,Container Rental - November
Red Rocket,Active,169,2025-10-31,2025-10,Realised,JA Electrical Inv 1083,51886.2,2253.85,-49632.35,-2202.1,10. Site Logistics,DC Installation Complete
Red Rocket,Active,170,2025-10-31,2025-10,Realised,JA Electrical Inv 1083,20754.48,901.54,-19852.94,-2202.1,10. Site Logistics,Commissioning Complete
Red Rocket,Active,171,2025-10-31,2025-10,Realised,JA Electrical Inv 1083,20754.48,901.54,-19852.94,-2202.1,10. Site Logistics,Site De-establisment
Red Rocket,Active,172,2025-10-31,2025-10,Realised,JA Electrical Inv 1083,10377.24,450.77,-9926.47,-2202.1,10. Site Logistics,Handover Document Complete
Red Rocket,Active,173,2025-10-31,2025-10,Realised,JA Electrical Inv 1083,10377.24,450.77,-9926.47,-2202.1,10. Site Logistics,End of Defects Period
Red Rocket,Active,181,2025-10-31,2025-10,Realised,Matriarch - INV-5370,8000,15546.22,7546.22,48.5,11. Due Dilligence,Red Team Inspection
Red Rocket,Active,198,2025-10-31,2025-10,Realised,Expense Claim,2775.54,309.83,-2465.71,-795.8,14. General Expenses,Travel
Red Rocket,Active,209,2025-10-31,2025-10,Realised,DSV Inv: 180153158,801.11,0,-801.11,,15. Service Add On,Courier of Sonel Meter for Testing
Red Rocket,Active,9,2025-11-30,2025-11,Realised,Allocated to Cpt Storeroom,-18502.4,0,18502.4,,1. Panels,Panels moved to Stock 
Red Rocket,Active,18,2025-11-30,2025-11,Realised,DSV Inv: 180155155,1646.04,0,-1646.04,,2. Inverters,courier of RMA
Red Rocket,Active,23,2025-11-30,2025-11,Realised,Lintels Credit Note  - CR2256,-16705.46,0,16705.46,,3. Mounting Structures,Lintels send back to Lintel for Africa
Red Rocket,Active,24,2025-11-30,2025-11,Realised,Lintels Credit Note  - CR2256,1436.9,0,-1436.9,,3. Mounting Structures,Collection of Lintels 
Red Rocket,Active,53,2025-11-30,2025-11,Realised,Allocated to Cpt Stockroom,-3780,0,3780,,5. Monitoring,AcuCT3147-1000:5 - Return to stock
Red Rocket,Active,113,2025-11-30,2025-11,Realised,LW Refrigeration - 32296,120223.89,0,-120223.89,,8. Product Add On ,Additional Ventilation - V&A - VO
Red Rocket,Active,121,2025-11-30,2025-11,Realised,W&F Electrical - INV08652,11229.25,0,-11229.25,,8. Product Add On ,Electrical Isolators - Aircon - V&A
Red Rocket,Active,124,2025-11-30,2025-11,Realised,Ask Fritz - 2510_015,7600,0,-7600,,8. Product Add On ,Additional material for plinth size increase - VO
Red Rocket,Active,127,2025-11-30,2025-11,Realised,Emergent Inv: 0004894,-27294.75,0,27294.75,,8. Product Add On ,Recovered from Ask Fritz
Red Rocket,Active,163,2025-11-30,2025-11,Realised,Container World -C599043,620,0,-620,,10. Site Logistics,Container Rental - December
Red Rocket,Active,178,2025-11-30,2025-11,Realised,SunSpot E030,24500,33132.89,8632.89,26.1,11. Due Dilligence,Electrical PrEng sign off
Red Rocket,Active,208,2025-11-30,2025-11,Realised,ABL Transport Invoice 0205,5500,0,-5500,,15. Service Add On,Domestic Transport
Red Rocket,Active,210,2025-11-30,2025-11,Realised,ABL Transport Inv 0215,11500,0,-11500,,15. Service Add On,Transport Modules to stock
Red Rocket,Active,211,2025-11-30,2025-11,Realised,ABL Transport Inv 0220,2500,0,-2500,,15. Service Add On,Additional trip for excess stock - VO
Red Rocket,Active,212,2025-11-30,2025-11,Realised,Happysolar Inv: 0344,5450,0,-5450,,15. Service Add On,Installation of SPD
Red Rocket,Active,164,2025-12-31,2025-12,Realised,Container World -CC43644,-400,0,400,,10. Site Logistics,
Red Rocket,Active,187,2025-12-31,2025-12,Realised,Matriarch - INV-5976,154022.95,488104.31,334081.36,68.4,13. Engineering,Matriarch Defects Period - 1.25%
Red Rocket,Active,200,2025-12-31,2025-12,Realised,Expense Claim,123.76,162.21,38.45,23.7,14. General Expenses,Travel
Red Rocket,Active,11,2026-01-31,2026-01,Unrealised,,0,-42222.16,-42222.16,100.0,1. Panels,Reduction in Size
Red Rocket,Active,17,2026-01-31,2026-01,Realised,Herholdts - CN130769,-69140,0,69140,,2. Inverters,Sungrow SG125CX - RMA
Red Rocket,Active,26,2026-01-31,2026-01,Realised,Allocated to 7th Avenue,-2050.1,0,2050.1,,3. Mounting Structures,Surface Protection Mats
Red Rocket,Active,77,2026-01-31,2026-01,Realised,Allocated to riverside Mall,-1767.5,0,1767.5,,5. Monitoring,8 Port Switch
Red Rocket,Active,201,2026-01-31,2026-01,Realised,Expense Claim,637.84,1001.63,363.79,36.3,14. General Expenses,Travel
Red Rocket,Active,213,2026-01-31,2026-01,Realised,Craigcor  - PI141993,61237.8,70757.8,9520.0,13.5,15. Service Add On,Additional Meters
Red Rocket,Active,214,2026-01-31,2026-01,Realised,HappySolar - INV-0351,9520,0,-9520,,15. Service Add On,Installation of Meter
Red Rocket,Active,114,2026-02-28,2026-02,Realised,PnP,234.77,0,-234.77,,8. Product Add On ,Multi Plug
Red Rocket,Active,118,2026-02-28,2026-02,Realised,Gadget Time,130.39,0,-130.39,,8. Product Add On ,Network Cable
Red Rocket,Active,202,2026-02-28,2026-02,Realised,Expense Claim,1357.32,1838.4,481.08,26.2,14. General Expenses,Travel
Red Rocket,Active,207,2026-02-28,2026-02,Realised,JA Electrical - INV 1158,52687.97,0,-52687.97,,15. Service Add On,JA Electrical - Additional scope and EE changes - VO
Red Rocket,Active,215,2026-02-28,2026-02,Realised,HappySolar - INV-0353,7000.0,0,-7000.0,,15. Service Add On,Tie - in 2 Isolation Transformer Bypass
Red Rocket,Active,216,2026-02-28,2026-02,Realised,JA Electrical - 1159,3531.8,0,-3531.8,,15. Service Add On,JA Electrical VO - Disconnect cables and terminate breaker
Red Rocket,Active,203,2026-03-31,2026-03,Realised,Expense Claim,0,5093.37,5093.37,100.0,14. General Expenses,
Red Rocket,Active,126,2026-04-30,2026-04,Realised,Opt-x Project - 15293,54589.5,0,-54589.5,,8. Product Add On ,Electrical Gas Extinguishing system replacement
Red Rocket,Active,217,2026-05-31,2026-05,Realised,Happy Solar - INV-0369,11000,0,-11000,,15. Service Add On,Manufacture for steel cradle
Red Rocket,Active,218,2026-05-31,2026-05,Realised,AccuEnergy - ASAI-008149,6010,0,-6010,,15. Service Add On,Accuenergy - Meter CTs
Riverside Mall,Active,123,2025-11-30,2025-11,Realised,L&B Invoice: ,8572.5,10023.65,1451.15,14.5,11. Due Dilligence,Structural Sign Off
Riverside Mall,Active,6,2026-01-31,2026-01,Realised,MSA Energy - INV0003559,368440,511106.69,142666.69,27.9,1. Panels,Jinko Tiger Neo N-type66HL4M-BDV - 610W
Riverside Mall,Active,13,2026-01-31,2026-01,Realised,MSA Energy - INV0003559,68870.35,88048.51,19178.16,21.8,2. Inverters,Huawei 100KTL - Menlo
Riverside Mall,Active,14,2026-01-31,2026-01,Realised,MSA Energy - INV0003559,43606.08,55748.96,12142.88,21.8,2. Inverters,Huawei 50KTL
Riverside Mall,Active,21,2026-01-31,2026-01,Realised,Schletter - INV002599,51620.6,105322.5,53701.9,51.0,3. Mounting Structures,Schletter Structure
Riverside Mall,Active,28,2026-01-31,2026-01,Realised,MSA Energy - INV0003559,55960,69733.17,13773.17,19.8,4. DC Equipment,DC Cable - Menlo
Riverside Mall,Active,32,2026-01-31,2026-01,Realised,Leading Edge Power INV-0182,19913.56,24814.79,4901.23,19.8,4. DC Equipment,Project Kick Off
Riverside Mall,Active,33,2026-01-31,2026-01,Realised,Leading Edge Power INV-0183,19913.56,24814.79,4901.23,19.8,4. DC Equipment,Site Establishment
Riverside Mall,Active,44,2026-01-31,2026-01,Realised,MSA Energy - INV0003570,8598.34,9671.84,1073.5,11.1,5. Monitoring,Smartlogger
Riverside Mall,Active,45,2026-01-31,2026-01,Realised,Accuenergy Inv: ASAI-007302,12417,13967.25,1550.25,11.1,5. Monitoring,CTs & Meters
Riverside Mall,Active,46,2026-01-31,2026-01,Realised,Allocated from Red Rocket,1767.5,1988.17,220.67,11.1,5. Monitoring,8 Port Switch
Riverside Mall,Active,59,2026-01-31,2026-01,Realised,Leading Edge Power INV-0182,13764.63,28696.28,14931.65,52.0,6. AC Equipment,Project Kick Off
Riverside Mall,Active,60,2026-01-31,2026-01,Realised,Leading Edge Power INV-0183,13764.63,28696.28,14931.65,52.0,6. AC Equipment,Site Establishment
Riverside Mall,Active,84,2026-01-31,2026-01,Realised,Hisafe - 00360,67474.56,53617.21,-13857.35,-25.8,8. Product Add On ,Anchor Points - Deposit (move deposit payment to 7th Avenue 
Riverside Mall,Active,94,2026-01-31,2026-01,Realised,Leading Edge Power INV-0182,38850.0,32716.67,-6133.33,-18.7,9. AC & DC installation,Project Kick Off
Riverside Mall,Active,95,2026-01-31,2026-01,Realised,Leading Edge Power INV-0183,38850.0,32716.67,-6133.33,-18.7,9. AC & DC installation,Site Establishment
Riverside Mall,Active,110,2026-01-31,2026-01,Realised,Leading Edge Power INV-0182,8833.24,7636.95,-1196.29,-15.7,10. Site Logistics,Project Kick Off
Riverside Mall,Active,111,2026-01-31,2026-01,Realised,Leading Edge Power INV-0183,8833.24,7636.95,-1196.29,-15.7,10. Site Logistics,Site Establishment
Riverside Mall,Active,140,2026-01-31,2026-01,Realised,Expense Claim,261.8,249.57,-12.23,-4.9,14. General Expenses,Travel
Riverside Mall,Active,34,2026-02-28,2026-02,Realised,Leading Edge - INV-0188,14935.17,18611.09,3675.92,19.8,4. DC Equipment,AC Installation Complete
Riverside Mall,Active,35,2026-02-28,2026-02,Realised,Leading Edge - INV-0189,14935.17,18611.09,3675.92,19.8,4. DC Equipment,DC Installation Complete
Riverside Mall,Active,47,2026-02-28,2026-02,Realised,Matriarch - INV-6577,11169,16323.32,5154.32,31.6,5. Monitoring,Techsitter
Riverside Mall,Active,48,2026-02-28,2026-02,Realised,Uber,22.33,27.59,5.26,19.1,5. Monitoring,Delivery of Comms Equip
Riverside Mall,Active,54,2026-02-28,2026-02,Realised,Switchboard Inv: 2-SOI002863 ,88515.02,172720.98,84205.96,48.8,6. AC Equipment,PVDB
Riverside Mall,Active,61,2026-02-28,2026-02,Realised,Leading Edge - INV-0188,10323.47,20471.25,10147.78,49.6,6. AC Equipment,AC Installation Complete
Riverside Mall,Active,62,2026-02-28,2026-02,Realised,Leading Edge - INV-0189,10323.47,20471.25,10147.78,49.6,6. AC Equipment,DC Installation Complete
Riverside Mall,Active,86,2026-02-28,2026-02,Realised,Ascend Inv-4989,33715.45,53617.21,19901.76,37.1,8. Product Add On ,Anchor Points - Ascend Deposit
Riverside Mall,Active,96,2026-02-28,2026-02,Realised,Leading Edge - INV-0188,29137.5,24537.5,-4600.0,-18.7,9. AC & DC installation,AC Installation Complete
Riverside Mall,Active,97,2026-02-28,2026-02,Realised,Leading Edge - INV-0189,29137.5,24537.5,-4600.0,-18.7,9. AC & DC installation,DC Installation Complete
Riverside Mall,Active,112,2026-02-28,2026-02,Realised,Leading Edge - INV-0188,6624.94,5727.71,-897.23,-15.7,10. Site Logistics,AC Installation Complete
Riverside Mall,Active,113,2026-02-28,2026-02,Realised,Leading Edge - INV-0189,6624.94,5727.72,-897.22,-15.7,10. Site Logistics,DC Installation Complete
Riverside Mall,Active,122,2026-02-28,2026-02,Realised,Sunspot Inv: E044,8750,13331.93,4581.93,34.4,11. Due Dilligence,Electrical PrEng sign off
Riverside Mall,Active,124,2026-02-28,2026-02,Realised,Rubicon - INVRED-0139197,50000,67413.98,17413.98,25.8,11. Due Dilligence,Scada for CoCT
Riverside Mall,Active,125,2026-02-28,2026-02,Realised,Uber,22,29.66,7.66,25.8,11. Due Dilligence,Delivery of Apex Device
Riverside Mall,Active,141,2026-02-28,2026-02,Realised,Expense Claim,128.52,137.8,9.28,6.7,14. General Expenses,Travel
Riverside Mall,Active,36,2026-03-31,2026-03,Realised,Leading Edge - INV-0192,9956.79,12407.4,2450.61,19.8,4. DC Equipment,Commissioning Complete
Riverside Mall,Active,37,2026-03-31,2026-03,Realised,Leading Edge - INV-0193,9956.78,12407.39,2450.61,19.8,4. DC Equipment,Site De-establisment
Riverside Mall,Active,38,2026-03-31,2026-03,Realised,Leading Edge - INV-0194,4978.39,6203.7,1225.31,19.8,4. DC Equipment,Handover Document Complete
Riverside Mall,Active,39,2026-03-31,2026-03,Realised,Leading Edge - INV-0195,4978.39,6203.7,1225.31,19.8,4. DC Equipment,End of Defects Period
Riverside Mall,Active,49,2026-03-31,2026-03,Realised,DSV Inv: 180168193,422.33,238.93,-183.4,-76.8,5. Monitoring,Delivery of Techsitter Meter
Riverside Mall,Active,50,2026-03-31,2026-03,Realised,Accuenergy - ASAI-007713,500,282.89,-217.11,-76.7,5. Monitoring,Router Antenna
Riverside Mall,Active,63,2026-03-31,2026-03,Realised,Leading Edge - INV-0192,6882.32,13647.5,6765.18,49.6,6. AC Equipment,Commissioning Complete
Riverside Mall,Active,64,2026-03-31,2026-03,Realised,Leading Edge - INV-0193,6882.32,13647.5,6765.18,49.6,6. AC Equipment,Site De-establisment
Riverside Mall,Active,65,2026-03-31,2026-03,Realised,Leading Edge - INV-0194,3441.16,6823.75,3382.59,49.6,6. AC Equipment,Handover Document Complete
Riverside Mall,Active,66,2026-03-31,2026-03,Realised,Leading Edge - INV-0195,3441.16,6823.75,3382.59,49.6,6. AC Equipment,End of Defects Period
Riverside Mall,Active,81,2026-03-31,2026-03,Realised,Coastal Aircon - EME22026,18988,35701.56,16713.56,46.8,8. Product Add On ,Aircon
Riverside Mall,Active,85,2026-03-31,2026-03,Realised,Hisafe - 00360,-67474.56,0,67474.56,,8. Product Add On ,Anchor Points - Deposit (move deposit payment to 7th Avenue 
Riverside Mall,Active,87,2026-03-31,2026-03,Realised,Acscend Inv-5020,33715.45,91439.01,57723.56,63.1,8. Product Add On ,Anchor Points - Ascend Bal
Riverside Mall,Active,98,2026-03-31,2026-03,Realised,Leading Edge - INV-0192,19425.0,16358.33,-3066.67,-18.7,9. AC & DC installation,Commissioning Complete
Riverside Mall,Active,99,2026-03-31,2026-03,Realised,Leading Edge - INV-0193,19425.0,16358.33,-3066.67,-18.7,9. AC & DC installation,Site De-establisment
Riverside Mall,Active,100,2026-03-31,2026-03,Realised,Leading Edge - INV-0194,9712.5,8179.17,-1533.33,-18.7,9. AC & DC installation,Handover Document Complete
Riverside Mall,Active,101,2026-03-31,2026-03,Realised,Leading Edge - INV-0195,9712.5,8179.17,-1533.33,-18.7,9. AC & DC installation,End of Defects Period
Riverside Mall,Active,114,2026-03-31,2026-03,Realised,Leading Edge - INV-0192,4416.62,3818.47,-598.15,-15.7,10. Site Logistics,Commissioning Complete
Riverside Mall,Active,115,2026-03-31,2026-03,Realised,Leading Edge - INV-0193,4416.62,3818.47,-598.15,-15.7,10. Site Logistics,Site De-establisment
Riverside Mall,Active,116,2026-03-31,2026-03,Realised,Leading Edge - INV-0194,2208.31,1909.24,-299.07,-15.7,10. Site Logistics,Handover Document Complete
Riverside Mall,Active,117,2026-03-31,2026-03,Realised,Leading Edge - INV-0195,2208.31,1909.24,-299.07,-15.7,10. Site Logistics,End of Defects Period
Riverside Mall,Active,126,2026-03-31,2026-03,Realised,HappySolar - INV-0360,6700,8948.07,2248.07,25.1,11. Due Dilligence,Red Team Inspection
Riverside Mall,Active,7,2026-04-30,2026-04,Realised,MSA Energy - INV0003820,7572.5,0,-7572.5,,1. Panels,Additional panels - 615W Jinko panels x 5
Riverside Mall,Active,132,2026-04-30,2026-04,Realised,Matriarch - INV-7247,23286.96,18692.89,-4594.07,-24.6,13. Engineering,Matriarch Defects Period - 1.25%
Riverside Mall,Active,143,2026-04-30,2026-04,Realised,Expense Claim,97.02,105.32,8.3,7.9,14. General Expenses,Travel
Riverside Mall,Active,155,2026-04-30,2026-04,Realised,Hooper Projects - FF005,3500,0,-3500,,15. Service Add On,Room Painting - Hooper Projects
Riverside Mall,Active,156,2026-04-30,2026-04,Realised,Leading Edge - INV-0202,11087.94,0,-11087.94,,15. Service Add On,Installation of 5x Panels Add-on
Riverside Mall,Active,144,2026-05-31,2026-05,Unrealised,,157.5,207.31,49.81,24.0,14. General Expenses,Travel
Seshego Circle,Active,54,2025-09-30,2025-09,Realised,Matriarch - INV-4742,11169,7261.72,-3907.28,-53.8,5. Monitoring,Techsitter
Seshego Circle,Active,56,2025-09-30,2025-09,Realised,Rubicon INVWCRE-0069079,44000,28607.37,-15392.63,-53.8,5. Monitoring,Apex Device and Licenses
Seshego Circle,Active,62,2025-09-30,2025-09,Realised,Frontiline QTE107313,3575.5,2324.67,-1250.83,-53.8,5. Monitoring,UPS
Seshego Circle,Active,151,2025-09-30,2025-09,Realised,L & B consulting Inv: 1934,9019.6,14096.22,5076.62,36.0,11. Due Dilligence,Structural sign off
Seshego Circle,Active,152,2025-09-30,2025-09,Realised,Ace Properties: Inv 3031,9620,15034.55,5414.55,36.0,11. Due Dilligence,Site Inspection
Seshego Circle,Active,153,2025-09-30,2025-09,Realised,Okusha Engineering EE20,79700,123406.01,43706.01,35.4,11. Due Dilligence,Grid Study - Outside of CoCT
Seshego Circle,Active,166,2025-09-30,2025-09,Realised,Expense Claim,13986.75,16326.89,2340.14,14.3,14. General Expenses,Travel
Seshego Circle,Active,6,2025-10-31,2025-10,Realised,Menlo - INV0003320,1493349,1729623.93,236274.93,13.7,1. Panels,Jinko 590 
Seshego Circle,Active,7,2025-10-31,2025-10,Realised,Menlo - INV0003319,1159704,1343190.23,183486.23,13.7,1. Panels,Jinko 590 balance 
Seshego Circle,Active,13,2025-10-31,2025-10,Realised,Menlo - INV0003320,757573.94,827956.99,70383.05,8.5,2. Inverters,Huawei 100KTL
Seshego Circle,Active,21,2025-10-31,2025-10,Realised,Krannich - 15-10014095,40621.45,142264.22,101642.77,71.4,3. Mounting Structures,K2 Structure
Seshego Circle,Active,22,2025-10-31,2025-10,Realised,krannich - 15-10014122,45778.95,160326.79,114547.84,71.4,3. Mounting Structures,
Seshego Circle,Active,23,2025-10-31,2025-10,Realised,krannich - 15-10014093,50931.2,178370.97,127439.77,71.4,3. Mounting Structures,
Seshego Circle,Active,24,2025-10-31,2025-10,Realised,Krannich - 15-10014094,202184.62,708089.86,505905.24,71.4,3. Mounting Structures,
Seshego Circle,Active,31,2025-10-31,2025-10,Realised,Menlo - INV0003320,189000,318265.0,129265.0,40.6,4. DC Equipment,DC Cable - old price
Seshego Circle,Active,32,2025-10-31,2025-10,Realised,Menlo - INV0003320,354900,597630.94,242730.94,40.6,4. DC Equipment,
Seshego Circle,Active,35,2025-10-31,2025-10,Realised,JA Electrical - Inv 1104,16966.52,28570.63,11604.11,40.6,4. DC Equipment,Project Kick Off
Seshego Circle,Active,36,2025-10-31,2025-10,Realised,JA Electrical - Inv 1105,25449.78,42855.95,17406.17,40.6,4. DC Equipment,Site Establishment
Seshego Circle,Active,51,2025-10-31,2025-10,Realised,Menlo - INV0003320,8598.34,5015.46,-3582.88,-71.4,5. Monitoring,Smartlogger
Seshego Circle,Active,52,2025-10-31,2025-10,Realised,Accuenergy Inv :ASAI-006727,27301,9478.94,-17822.06,-188.0,5. Monitoring,CTs & Meters
Seshego Circle,Active,57,2025-10-31,2025-10,Realised,Allocated to Corporate Park,-44000,0,44000,,5. Monitoring,Above Apex allocated to Corporate Park
Seshego Circle,Active,74,2025-10-31,2025-10,Realised,JA Electrical - Inv 1104,23150.88,64141.15,40990.27,63.9,6. AC Equipment,Project Kick Off
Seshego Circle,Active,75,2025-10-31,2025-10,Realised,JA Electrical - Inv 1105,34726.32,96211.73,61485.41,63.9,6. AC Equipment,Site Establishment
Seshego Circle,Active,102,2025-10-31,2025-10,Realised,Van Staden Three : Inv 3021,174717,200089.19,25372.19,12.7,8. Product Add On ,Brick Face Inverter Rooms
Seshego Circle,Active,103,2025-10-31,2025-10,Realised,Van Staden Three : Inv 3037,58239,66696.4,8457.4,12.7,8. Product Add On ,
Seshego Circle,Active,110,2025-10-31,2025-10,Realised,JA Electrical - Inv 1104,110529.12,120469.6,9940.48,8.3,9. AC & DC installation,Project Kick Off
Seshego Circle,Active,111,2025-10-31,2025-10,Realised,JA Electrical - Inv 1105,165793.68,180704.4,14910.72,8.3,9. AC & DC installation,Site Establishment
Seshego Circle,Active,127,2025-10-31,2025-10,Realised,Cycad Security - INV0002672,18000,12469.74,-5530.26,-44.3,10. Site Logistics,Security - Oct - Deposit
Seshego Circle,Active,128,2025-10-31,2025-10,Realised,Cycad Security - INV0002672,18000,12469.74,-5530.26,-44.3,10. Site Logistics,Security - Oct - Balance
Seshego Circle,Active,134,2025-10-31,2025-10,Realised,JA Electrical - Inv 1104,19654.4,13615.85,-6038.55,-44.3,10. Site Logistics,Project Kick Off
Seshego Circle,Active,135,2025-10-31,2025-10,Realised,JA Electrical - Inv 1105,29481.6,20423.78,-9057.82,-44.3,10. Site Logistics,Site Establishment
Seshego Circle,Active,167,2025-10-31,2025-10,Realised,Expense Claim,10587.7,3732.11,-6855.59,-183.7,14. General Expenses,Travel
Seshego Circle,Active,25,2025-11-30,2025-11,Realised,K2 Systems - Inv139402,71394.92,0,-71394.92,,3. Mounting Structures,Earthing plates
Seshego Circle,Active,55,2025-11-30,2025-11,Realised,DSV Inv:180156930,335.86,0,-335.86,,5. Monitoring,DElivery of Techsitter
Seshego Circle,Active,58,2025-11-30,2025-11,Realised,Rubicon - INVWCRE-0072121,40000,0,-40000,,5. Monitoring,New Apex device
Seshego Circle,Active,59,2025-11-30,2025-11,Realised,DSV Inv:180155155,285.59,0,-285.59,,5. Monitoring,Delivery of Apex
Seshego Circle,Active,69,2025-11-30,2025-11,Realised,Switchboard - 2-SOI002604,354929.22,983356.54,628427.32,63.9,6. AC Equipment,PVDB
Seshego Circle,Active,129,2025-11-30,2025-11,Realised,Cycad Security - INV0002699,60000,38348.82,-21651.18,-56.5,10. Site Logistics,Security - Nov
Seshego Circle,Active,168,2025-11-30,2025-11,Realised,Expense Claim,5515.35,3279.47,-2235.88,-68.2,14. General Expenses,Travel
Seshego Circle,Active,37,2025-12-31,2025-12,Realised,JA ElectricalInv 1142,16966.52,28570.63,11604.11,40.6,4. DC Equipment,AC Installation Complete
Seshego Circle,Active,40,2025-12-31,2025-12,Realised,JA ElectricalInv 1142,33933.04,57141.26,23208.22,40.6,4. DC Equipment,DC Installation Complete
Seshego Circle,Active,76,2025-12-31,2025-12,Realised,JA ElectricalInv 1142,23150.78,64141.29,40990.51,63.9,6. AC Equipment,AC Installation Complete
Seshego Circle,Active,79,2025-12-31,2025-12,Realised,JA ElectricalInv 1142,46301.66,128282.07,81980.41,63.9,6. AC Equipment,DC Installation Complete
Seshego Circle,Active,104,2025-12-31,2025-12,Realised,JA Electrical - Inv 1144,48720,55795.06,7075.06,12.7,8. Product Add On ,Inverter stand
Seshego Circle,Active,112,2025-12-31,2025-12,Realised,JA ElectricalInv 1142,110529.12,120469.6,9940.48,8.3,9. AC & DC installation,AC Installation Complete
Seshego Circle,Active,115,2025-12-31,2025-12,Realised,JA ElectricalInv 1142,221058.24,240939.2,19880.96,8.3,9. AC & DC installation,DC Installation Complete
Seshego Circle,Active,130,2025-12-31,2025-12,Realised,Cycad Security - INV0002713,10000,6927.64,-3072.36,-44.3,10. Site Logistics,Security - Dec 02-11/12
Seshego Circle,Active,136,2025-12-31,2025-12,Realised,JA ElectricalInv 1142,19654.4,16832.88,-2821.52,-16.8,10. Site Logistics,AC Installation Complete
Seshego Circle,Active,139,2025-12-31,2025-12,Realised,JA ElectricalInv 1142,39308.7,27231.64,-12077.06,-44.3,10. Site Logistics,DC Installation Complete
Seshego Circle,Active,181,2025-12-31,2025-12,Realised,JA Electrical - Inv 1143,56132.72,0,-56132.72,,15. Service Add On,Relocation of panels - JA Electrical
Seshego Circle,Active,9,2026-01-31,2026-01,Realised,MSA Energy - INV0003547,4136.4,0,-4136.4,,1. Panels,Replacement Panels - Damaged due to weather
Seshego Circle,Active,10,2026-01-31,2026-01,Realised,MSA Energy - INV0003541,10677.4,0,-10677.4,,1. Panels,Panels and Delivery
Seshego Circle,Active,26,2026-01-31,2026-01,Realised,K2 Systems - Credit SACN42026,-67046.2,0,67046.2,,3. Mounting Structures,
Seshego Circle,Active,29,2026-01-31,2026-01,Realised,K2 Systems - InvSAI672026,15556.95,0,-15556.95,,3. Mounting Structures,Universal KL-Clamp
Seshego Circle,Active,38,2026-01-31,2026-01,Realised,JA Electrical Inv 1156,12724.89,21427.97,8703.08,40.6,4. DC Equipment,AC Installation Complete
Seshego Circle,Active,41,2026-01-31,2026-01,Realised,JA Electrical Inv 1156,4241.63,7142.66,2901.03,40.6,4. DC Equipment,DC Installation Complete
Seshego Circle,Active,77,2026-01-31,2026-01,Realised,JA Electrical Inv 1156,17363.16,48105.88,30742.72,63.9,6. AC Equipment,AC Installation Complete
Seshego Circle,Active,81,2026-01-31,2026-01,Realised,JA Electrical Inv 1156,5787.72,16035.29,10247.57,63.9,6. AC Equipment,DC Installation Complete
Seshego Circle,Active,106,2026-01-31,2026-01,Realised,JA Electrical Inv 1156,10150,0,-10150,,8. Product Add On ,Grounding Washers
Seshego Circle,Active,113,2026-01-31,2026-01,Realised,JA Electrical Inv 1156,82896.92,90352.2,7455.28,8.3,9. AC & DC installation,AC Installation Complete
Seshego Circle,Active,116,2026-01-31,2026-01,Realised,JA Electrical Inv 1156,27632.28,30117.4,2485.12,8.3,9. AC & DC installation,DC Installation Complete
Seshego Circle,Active,131,2026-01-31,2026-01,Unrealised,,0,-20049.89,-20049.89,100.0,10. Site Logistics,
Seshego Circle,Active,137,2026-01-31,2026-01,Realised,JA Electrical Inv 1156,14740.8,16832.88,2092.08,12.4,10. Site Logistics,AC Installation Complete
Seshego Circle,Active,140,2026-01-31,2026-01,Realised,JA Electrical Inv 1156,4913.6,16832.88,11919.28,70.8,10. Site Logistics,DC Installation Complete
Seshego Circle,Active,182,2026-01-31,2026-01,Realised,JA Electrical Inv 1156,54437.33,0,-54437.33,,15. Service Add On,"Trenching - MI changed the cost back to R54437,44 (actual co"
Seshego Circle,Active,184,2026-01-31,2026-01,Realised,JA Electrical Inv 1156,95838,0,-95838,,15. Service Add On,Supply and install cable
Seshego Circle,Active,27,2026-02-28,2026-02,Realised,K2 Systems - SAI1382026,2283.7,0,-2283.7,,3. Mounting Structures,XS Clamps - K2
Seshego Circle,Active,39,2026-02-28,2026-02,Realised,JA Electrical Inv 1161,4241.63,7142.66,2901.03,40.6,4. DC Equipment,AC Installation Complete
Seshego Circle,Active,42,2026-02-28,2026-02,Realised,JA Electrical Inv 1161,4241.63,7142.66,2901.03,40.6,4. DC Equipment,DC Installation Complete
Seshego Circle,Active,63,2026-02-28,2026-02,Realised,DSV Inv: 180167184,226.34,0,-226.34,,5. Monitoring,Courier of Simcard
Seshego Circle,Active,78,2026-02-28,2026-02,Realised,JA Electrical Inv 1161,5787.72,16035.29,10247.57,63.9,6. AC Equipment,AC Installation Complete
Seshego Circle,Active,80,2026-02-28,2026-02,Realised,JA Electrical Inv 1161,5787.72,16035.29,10247.57,63.9,6. AC Equipment,DC Installation Complete
Seshego Circle,Active,114,2026-02-28,2026-02,Realised,JA Electrical Inv 1161,27632.31,30117.41,2485.1,8.3,9. AC & DC installation,AC Installation Complete
Seshego Circle,Active,117,2026-02-28,2026-02,Realised,JA Electrical Inv 1161,27632.28,30117.4,2485.12,8.3,9. AC & DC installation,DC Installation Complete
Seshego Circle,Active,138,2026-02-28,2026-02,Realised,JA Electrical Inv 1161,4913.6,3403.96,-1509.64,-44.3,10. Site Logistics,AC Installation Complete
Seshego Circle,Active,141,2026-02-28,2026-02,Realised,JA Electrical Inv 1161,4913.6,3403.96,-1509.64,-44.3,10. Site Logistics,DC Installation Complete
Seshego Circle,Active,171,2026-02-28,2026-02,Realised,Expense Claim,3538.03,2330.77,-1207.26,-51.8,14. General Expenses,Travel
Seshego Circle,Active,186,2026-02-28,2026-02,Realised,JA Electrical Inv 1161,21393.95,0,-21393.95,,15. Service Add On,Supply and Install Fiber cables
Seshego Circle,Active,188,2026-02-28,2026-02,Realised,JA Electrical Inv 1161,237957.79,0,-237957.79,,15. Service Add On,Supply & Install AC Cable with Kiosks
Seshego Circle,Active,189,2026-02-28,2026-02,Realised,JA Electrical Inv 1161,2608.69,0,-2608.69,,15. Service Add On,Waterproof enclosure for fibre equipment
Seshego Circle,Active,33,2026-03-31,2026-03,Realised,Allocated to De Drift,-54600,0,54600,,4. DC Equipment,DC cable moved to De Drift - red
Seshego Circle,Active,34,2026-03-31,2026-03,Realised,Allocated to De Drift,-47775,0,47775,,4. DC Equipment,DC cable moved to De Drift - black 
Seshego Circle,Active,43,2026-03-31,2026-03,Realised,JA Electrical Inv 1183,16966.52,18999.41,2032.89,10.7,4. DC Equipment,Commissioning Complete
Seshego Circle,Active,44,2026-03-31,2026-03,Realised,JA Electrical Inv 1183,16966.52,33356.24,16389.72,49.1,4. DC Equipment,Site De-establisment
Seshego Circle,Active,45,2026-03-31,2026-03,Realised,JA Electrical Inv 1183,8483.26,16678.12,8194.86,49.1,4. DC Equipment,Handover Document Complete
Seshego Circle,Active,82,2026-03-31,2026-03,Realised,JA Electrical Inv 1183,23150.88,64141.17,40990.29,63.9,6. AC Equipment,Commissioning Complete
Seshego Circle,Active,83,2026-03-31,2026-03,Realised,JA Electrical Inv 1183,23150.88,64141.17,40990.29,63.9,6. AC Equipment,Site De-establisment
Seshego Circle,Active,84,2026-03-31,2026-03,Realised,JA Electrical Inv 1183,11575.44,32070.59,20495.15,63.9,6. AC Equipment,Handover Document Complete
Seshego Circle,Active,99,2026-03-31,2026-03,Realised,Toys 4 Boys Inv12692,20100,0,-20100,,8. Product Add On ,Waterpoints
Seshego Circle,Active,118,2026-03-31,2026-03,Realised,JA Electrical Inv 1183,110529.12,120469.59,9940.47,8.3,9. AC & DC installation,Commissioning Complete
Seshego Circle,Active,119,2026-03-31,2026-03,Realised,JA Electrical Inv 1183,110529.12,120469.59,9940.47,8.3,9. AC & DC installation,Site De-establisment
Seshego Circle,Active,120,2026-03-31,2026-03,Realised,JA Electrical Inv 1183,55264.56,60234.8,4970.24,8.3,9. AC & DC installation,Handover Document Complete
Seshego Circle,Active,142,2026-03-31,2026-03,Realised,JA Electrical Inv 1183,19654.4,13615.86,-6038.54,-44.3,10. Site Logistics,Commissioning Complete
Seshego Circle,Active,143,2026-03-31,2026-03,Realised,JA Electrical Inv 1183,19654.4,13615.86,-6038.54,-44.3,10. Site Logistics,Site De-establisment
Seshego Circle,Active,144,2026-03-31,2026-03,Realised,JA Electrical Inv 1183,9827.2,6807.93,-3019.27,-44.3,10. Site Logistics,Handover Document Complete
Seshego Circle,Active,150,2026-03-31,2026-03,Realised,Sunspot - E045,29014,31175.18,2161.18,6.9,11. Due Dilligence,Electrical PrEng sign off
Seshego Circle,Active,154,2026-03-31,2026-03,Realised,Arefa Isago Group,19660,23120.71,3460.71,15.0,11. Due Dilligence,Red Team - AIG - NOT MATRIARCH
Seshego Circle,Active,172,2026-03-31,2026-03,Realised,Expense Claim,4099.6,1165.38,-2934.22,-251.8,14. General Expenses,Travel
Seshego Circle,Active,179,2026-03-31,2026-03,Realised,JA Electrical Inv 1183,12358.2,0,-12358.2,,15. Service Add On,Supply and install lightning and comms equipment plus padloc
Seshego Circle,Active,198,2026-03-31,2026-03,Realised,DSV Inv:180168193,221.68,0,-221.68,,15. Service Add On,Shipping of IV Tester
Seshego Circle,Active,46,2026-04-30,2026-04,Realised,JA Electrical Inv 1205,8483.26,16678.12,8194.86,49.1,4. DC Equipment,End of Defects Period
Seshego Circle,Active,85,2026-04-30,2026-04,Realised,JA Electrical Inv 1205,11575.44,32070.59,20495.15,63.9,6. AC Equipment,End of Defects Period
Seshego Circle,Active,100,2026-04-30,2026-04,Realised,Shanduko - 2655,600,0,-600,,8. Product Add On ,Call Out Fee
Seshego Circle,Active,105,2026-04-30,2026-04,Realised,Accuenergy Inv: ASAI-007913,300,0,-300,,8. Product Add On ,Additional Communication Anthenna 
Seshego Circle,Active,121,2026-04-30,2026-04,Realised,JA Electrical Inv 1205,55264.56,60234.8,4970.24,8.3,9. AC & DC installation,End of Defects Period
Seshego Circle,Active,145,2026-04-30,2026-04,Realised,JA Electrical Inv 1205,9827.2,6807.93,-3019.27,-44.3,10. Site Logistics,End of Defects Period
Seshego Circle,Active,159,2026-04-30,2026-04,Realised,Matriarch - INV-7247,130354.3,487762.08,357407.78,73.3,13. Engineering,Matriarch Defects Period - 1.25%
Seshego Circle,Active,196,2026-04-30,2026-04,Realised,Toys 4 Boys Inv 12747,2250,0,-2250,,15. Service Add On,Electric Fence modifications post construction
Seshego Circle,Active,197,2026-04-30,2026-04,Realised,ABL Transport- Invoice 0371,10850,0,-10850,,15. Service Add On,Transport 
Seshego Circle,Active,53,2026-05-31,2026-05,Realised,Accuenergy Inv :ASAI-008139,2880,0,-2880,,5. Monitoring,Second Techsitter CTs
Seshego Circle,Active,60,2026-05-31,2026-05,Realised,Rubicon Inv: INVRED-0145187,46000,0,-46000,,5. Monitoring,Apex - RMA
Seshego Circle,Active,174,2026-05-31,2026-05,Unrealised,,8500,1165.38,-7334.62,-629.4,14. General Expenses,Travel
Seshego Circle,Active,200,2026-05-31,2026-05,Realised,JA Electrical- 1218,11911.8,0,-11911.8,,15. Service Add On,JA Electrical - DC Stringing Changes
Seshego Circle,Active,28,2026-06-30,2026-06,Planned,,-3737.49,0,3737.49,,3. Mounting Structures,Terragriff (254 clamps short returned) to be deducted from s
Seshego Circle,Active,61,2026-06-30,2026-06,Planned,,-40000,0,40000,,5. Monitoring,Apex - RMA
Shoprite Mini - Bredarsdorp,Past,33,2025-10-31,2025-10,Realised,JA Electrical: Inv 1110,4267.34,8718.12,4450.78,51.1,4. DC Equipment,Project Kick Off
Shoprite Mini - Bredarsdorp,Past,47,2025-10-31,2025-10,Realised,Accuenergy Inv: ASAI-006653,25321,26936.92,1615.92,6.0,5. Monitoring,CTs & Meters
Shoprite Mini - Bredarsdorp,Past,48,2025-10-31,2025-10,Realised,Matriarch - INV-5366,22338,23763.55,1425.55,6.0,5. Monitoring,Techsitter
Shoprite Mini - Bredarsdorp,Past,49,2025-10-31,2025-10,Realised,DSV Inv: 180153158,343.33,365.24,21.91,6.0,5. Monitoring,Delivery of Techsitter
Shoprite Mini - Bredarsdorp,Past,50,2025-10-31,2025-10,Realised,Red Pole - SO-35912,975,1037.22,62.22,6.0,5. Monitoring,Battery 
Shoprite Mini - Bredarsdorp,Past,62,2025-10-31,2025-10,Realised,JA Electrical: Inv 1110,4116.49,11394.76,7278.27,63.9,6. AC Equipment,Project Kick Off
Shoprite Mini - Bredarsdorp,Past,95,2025-10-31,2025-10,Realised,JA Electrical: Inv 1110,31114.83,21883.4,-9231.43,-42.2,9. AC & DC installation,Project Kick Off
Shoprite Mini - Bredarsdorp,Past,112,2025-10-31,2025-10,Realised,JA Electrical: Inv 1110,10270.08,6317.1,-3952.98,-62.6,10. Site Logistics,Project Kick Off
Shoprite Mini - Bredarsdorp,Past,6,2025-11-30,2025-11,Realised,Menlo - INV0003417,432000,594339.81,162339.81,27.3,1. Panels,JA Solar 600W (Menlo)
Shoprite Mini - Bredarsdorp,Past,7,2025-11-30,2025-11,Realised,Menlo - INV0003407,68400,94103.8,25703.8,27.3,1. Panels,JA Solar 600W (Menlo)
Shoprite Mini - Bredarsdorp,Past,8,2025-11-30,2025-11,Realised,MSA Energy INV0003456,3143.6,4324.92,1181.32,27.3,1. Panels,QC4 Connectors
Shoprite Mini - Bredarsdorp,Past,10,2025-11-30,2025-11,Realised,MSA Energy INV0003436,2500,3439.47,939.47,27.3,1. Panels,Module transport
Shoprite Mini - Bredarsdorp,Past,13,2025-11-30,2025-11,Realised,Menlo - INV0003407,137740.7,175000,37259.3,21.3,2. Inverters,Huawei 100KTL Menlo
Shoprite Mini - Bredarsdorp,Past,22,2025-11-30,2025-11,Realised,Schletter - INV2381,76171,124985.3,48814.3,39.1,3. Mounting Structures,Schletter Structure
Shoprite Mini - Bredarsdorp,Past,24,2025-11-30,2025-11,Realised,Schletter - INV2403,1948,3125.47,1177.47,37.7,3. Mounting Structures,Additional nuts and bolts
Shoprite Mini - Bredarsdorp,Past,29,2025-11-30,2025-11,Realised,Menlo - INV0003407,81900,143405.59,61505.59,42.9,4. DC Equipment,DC Cable
Shoprite Mini - Bredarsdorp,Past,34,2025-11-30,2025-11,Realised,JA Electrical: Inv 1120,6401.01,17778.05,11377.04,64.0,4. DC Equipment,Site Establishment
Shoprite Mini - Bredarsdorp,Past,35,2025-11-30,2025-11,Realised,JA Electrical: Inv 1123,8534.68,23704.07,15169.39,64.0,4. DC Equipment,AC Installation Complete
Shoprite Mini - Bredarsdorp,Past,36,2025-11-30,2025-11,Realised,JA Electrical: Inv 1123,8534.68,23704.07,15169.39,64.0,4. DC Equipment,DC Installation Complete - Partial
Shoprite Mini - Bredarsdorp,Past,46,2025-11-30,2025-11,Realised,Menlo - INV0003384,8698.34,9080.93,382.59,4.2,5. Monitoring,Smartlogger
Shoprite Mini - Bredarsdorp,Past,51,2025-11-30,2025-11,Realised,Uber,21.34,22.64,1.3,5.7,5. Monitoring,Delivery of Comms Equip
Shoprite Mini - Bredarsdorp,Past,52,2025-11-30,2025-11,Realised,Uber,41,43.49,2.49,5.7,5. Monitoring,Delivery of Comms Equip
Shoprite Mini - Bredarsdorp,Past,57,2025-11-30,2025-11,Realised,Switchboard - 2-SOI002612,24740.64,68483.98,43743.34,63.9,6. AC Equipment,PVDB
Shoprite Mini - Bredarsdorp,Past,58,2025-11-30,2025-11,Realised,Switchboard - 2-SOI002610,55375.08,153282.44,97907.36,63.9,6. AC Equipment,
Shoprite Mini - Bredarsdorp,Past,63,2025-11-30,2025-11,Realised,JA Electrical: Inv 1120,6174.73,17092.14,10917.41,63.9,6. AC Equipment,Site Establishment
Shoprite Mini - Bredarsdorp,Past,64,2025-11-30,2025-11,Realised,JA Electrical: Inv 1123,8232.98,22789.52,14556.54,63.9,6. AC Equipment,AC Installation Complete
Shoprite Mini - Bredarsdorp,Past,65,2025-11-30,2025-11,Realised,JA Electrical: Inv 1123,8232.98,22789.52,14556.54,63.9,6. AC Equipment,DC Installation Complete - Partial
Shoprite Mini - Bredarsdorp,Past,87,2025-11-30,2025-11,Realised,Overstaalwerke - IN100634,12761.85,0,-12761.85,,8. Product Add On ,Inverter Cage
Shoprite Mini - Bredarsdorp,Past,88,2025-11-30,2025-11,Realised,Overstaalwerke - IN100634,5469.37,0,-5469.37,,8. Product Add On ,
Shoprite Mini - Bredarsdorp,Past,96,2025-11-30,2025-11,Realised,JA Electrical: Inv 1120,46672.24,32825.1,-13847.14,-42.2,9. AC & DC installation,Site Establishment
Shoprite Mini - Bredarsdorp,Past,97,2025-11-30,2025-11,Realised,JA Electrical: Inv 1123,62229.65,43766.8,-18462.85,-42.2,9. AC & DC installation,AC Installation Complete
Shoprite Mini - Bredarsdorp,Past,98,2025-11-30,2025-11,Realised,JA Electrical: Inv 1123,62229.65,43766.8,-18462.85,-42.2,9. AC & DC installation,DC Installation Complete - Partial
Shoprite Mini - Bredarsdorp,Past,113,2025-11-30,2025-11,Realised,JA Electrical: Inv 1120,15405.11,8858.9,-6546.21,-73.9,10. Site Logistics,Site Establishment
Shoprite Mini - Bredarsdorp,Past,114,2025-11-30,2025-11,Realised,JA Electrical: Inv 1123,20540.15,11811.86,-8728.29,-73.9,10. Site Logistics,AC Installation Complete
Shoprite Mini - Bredarsdorp,Past,115,2025-11-30,2025-11,Realised,JA Electrical: Inv 1123,20540.15,11811.86,-8728.29,-73.9,10. Site Logistics,DC Installation Complete - Partial
Shoprite Mini - Bredarsdorp,Past,142,2025-11-30,2025-11,Realised,Expense Claim,1951.6,2291.98,340.38,14.9,14. General Expenses,Travel
Shoprite Mini - Bredarsdorp,Past,30,2025-12-31,2025-12,Realised,Alllocated to Cpt Storeroom,-13650,0,13650,,4. DC Equipment,DC Cable - Black
Shoprite Mini - Bredarsdorp,Past,31,2025-12-31,2025-12,Realised,Alllocated to Cpt Storeroom,-17745,0,17745,,4. DC Equipment,DC Cable - Red
Shoprite Mini - Bredarsdorp,Past,53,2025-12-31,2025-12,Realised,Allocated from cpt Storeroom,1300,0,-1300,,5. Monitoring,Power Supply
Shoprite Mini - Bredarsdorp,Past,89,2025-12-31,2025-12,Realised,DK Refrigeration - INV0003287,7826.09,0,-7826.09,,8. Product Add On ,Extractor Fan
Shoprite Mini - Bredarsdorp,Past,108,2025-12-31,2025-12,Realised,Overberg Security : IN24945,7150,3700.52,-3449.48,-93.2,10. Site Logistics,Security
Shoprite Mini - Bredarsdorp,Past,143,2025-12-31,2025-12,Realised,Expense Claim,1799.28,1471.58,-327.7,-22.3,14. General Expenses,Travel
Shoprite Mini - Bredarsdorp,Past,156,2025-12-31,2025-12,Realised,ABL Transport Inv0231,7500,0,-7500,,15. Service Add On,Domestic transport 
Shoprite Mini - Bredarsdorp,Past,25,2026-01-31,2026-01,Unrealised,,0,12784.22,12784.22,100.0,3. Mounting Structures,
Shoprite Mini - Bredarsdorp,Past,37,2026-01-31,2026-01,Realised,JA Electrical: Inv 1152,2133.64,5925.93,3792.29,64.0,4. DC Equipment,DC Installation Complete - Partial
Shoprite Mini - Bredarsdorp,Past,38,2026-01-31,2026-01,Realised,JA Electrical: Inv 1152,4267.34,11852.04,7584.7,64.0,4. DC Equipment,Commissioning Complete
Shoprite Mini - Bredarsdorp,Past,39,2026-01-31,2026-01,Realised,JA Electrical: Inv 1152,4267.34,11852.04,7584.7,64.0,4. DC Equipment,Site De-establisment
Shoprite Mini - Bredarsdorp,Past,40,2026-01-31,2026-01,Realised,JA Electrical Inv 1153,2133.67,5926.02,3792.35,64.0,4. DC Equipment,Handover Document Complete
Shoprite Mini - Bredarsdorp,Past,41,2026-01-31,2026-01,Realised,JA Electrical Inv 1153,2133.67,5926.02,3792.35,64.0,4. DC Equipment,End of Defects Period
Shoprite Mini - Bredarsdorp,Past,66,2026-01-31,2026-01,Realised,JA Electrical: Inv 1152,2058.25,5697.38,3639.13,63.9,6. AC Equipment,DC Installation Complete - Partial
Shoprite Mini - Bredarsdorp,Past,67,2026-01-31,2026-01,Realised,JA Electrical: Inv 1152,4116.49,11394.76,7278.27,63.9,6. AC Equipment,Commissioning Complete
Shoprite Mini - Bredarsdorp,Past,68,2026-01-31,2026-01,Realised,JA Electrical: Inv 1152,4116.49,11394.76,7278.27,63.9,6. AC Equipment,Site De-establisment
Shoprite Mini - Bredarsdorp,Past,69,2026-01-31,2026-01,Realised,JA Electrical Inv 1153,2058.25,5697.38,3639.13,63.9,6. AC Equipment,Handover Document Complete
Shoprite Mini - Bredarsdorp,Past,70,2026-01-31,2026-01,Realised,JA Electrical Inv 1153,2058.25,5697.38,3639.13,63.9,6. AC Equipment,End of Defects Period
Shoprite Mini - Bredarsdorp,Past,99,2026-01-31,2026-01,Realised,JA Electrical: Inv 1152,15557.41,10941.7,-4615.71,-42.2,9. AC & DC installation,DC Installation Complete - Partial
Shoprite Mini - Bredarsdorp,Past,100,2026-01-31,2026-01,Realised,JA Electrical: Inv 1152,31114.83,21883.4,-9231.43,-42.2,9. AC & DC installation,Commissioning Complete
Shoprite Mini - Bredarsdorp,Past,101,2026-01-31,2026-01,Realised,JA Electrical: Inv 1152,31114.83,21883.4,-9231.43,-42.2,9. AC & DC installation,Site De-establisment
Shoprite Mini - Bredarsdorp,Past,102,2026-01-31,2026-01,Realised,JA Electrical Inv 1153,15557.41,10941.7,-4615.71,-42.2,9. AC & DC installation,Handover Document Complete
Shoprite Mini - Bredarsdorp,Past,103,2026-01-31,2026-01,Realised,JA Electrical Inv 1153,15557.41,10941.7,-4615.71,-42.2,9. AC & DC installation,End of Defects Period
Shoprite Mini - Bredarsdorp,Past,116,2026-01-31,2026-01,Realised,JA Electrical: Inv 1152,5135.04,2952.97,-2182.07,-73.9,10. Site Logistics,DC Installation Complete - Partial
Shoprite Mini - Bredarsdorp,Past,117,2026-01-31,2026-01,Realised,JA Electrical: Inv 1152,10270.08,5905.93,-4364.15,-73.9,10. Site Logistics,Commissioning Complete
Shoprite Mini - Bredarsdorp,Past,118,2026-01-31,2026-01,Realised,JA Electrical: Inv 1152,10270.08,5905.93,-4364.15,-73.9,10. Site Logistics,Site De-establisment
Shoprite Mini - Bredarsdorp,Past,119,2026-01-31,2026-01,Realised,JA Electrical Inv 1153,5135.04,2952.97,-2182.07,-73.9,10. Site Logistics,Handover Document Complete
Shoprite Mini - Bredarsdorp,Past,120,2026-01-31,2026-01,Realised,JA Electrical Inv 1153,5135.04,2952.97,-2182.07,-73.9,10. Site Logistics,End of Defects Period
Shoprite Mini - Bredarsdorp,Past,121,2026-01-31,2026-01,Realised,JA Electrical Inv 1153,-0.01,-0.01,0.0,-0.0,10. Site Logistics,Rounding Difference
Shoprite Mini - Bredarsdorp,Past,125,2026-01-31,2026-01,Realised,SunSpot - E037,15375,71130.68,55755.68,78.4,11. Due Dilligence,Electrical PrEng sign off
Shoprite Mini - Bredarsdorp,Past,128,2026-01-31,2026-01,Realised,Matriarch - INV-6235,6000,27758.32,21758.32,78.4,11. Due Dilligence,Red Team Inspection
Shoprite Mini - Bredarsdorp,Past,134,2026-01-31,2026-01,Realised,Matriarch - INV-6234,25967.95,23822,-2145.95,-9.0,13. Engineering,Matriarch Defects Period - 1.25%
Shoprite Mini - Bredarsdorp,Past,144,2026-01-31,2026-01,Realised,Expense Claim,136.45,1097.44,960.99,87.6,14. General Expenses,Travel
Shoprite Mini - Citrusdal,Compliance,6,2025-10-31,2025-10,Realised,Krannich Inv 15-10014211,462685,695754.36,233069.36,33.5,1. Panels,Longi 610W - hi-MO 7 LR8-66HGD610M
Shoprite Mini - Citrusdal,Compliance,8,2025-10-31,2025-10,Realised,Krannich Inv 15-10014211,9811.66,14754.11,4942.45,33.5,1. Panels,EPR Fees
Shoprite Mini - Citrusdal,Compliance,14,2025-10-31,2025-10,Realised,Krannich Inv 15-10014211,130492,175000,44508,25.4,2. Inverters,Huawei 100KTL
Shoprite Mini - Citrusdal,Compliance,30,2025-10-31,2025-10,Realised,Allocated from Cpt Storeroom,27000,75830.45,48830.45,64.4,4. DC Equipment,DC Cable - red from CPT stock
Shoprite Mini - Citrusdal,Compliance,31,2025-10-31,2025-10,Realised,Allocated from Cpt Storeroom,27000,75830.45,48830.45,64.4,4. DC Equipment,DC Cable - black from CPT stock
Shoprite Mini - Citrusdal,Compliance,34,2025-10-31,2025-10,Realised,JA Electrical INV 1109,3356.5,9426.85,6070.35,64.4,4. DC Equipment,Project Kick Off
Shoprite Mini - Citrusdal,Compliance,49,2025-10-31,2025-10,Realised,Accuenergy Inv: ASAI-006652,25321,26936.92,1615.92,6.0,5. Monitoring,CTs & Meters
Shoprite Mini - Citrusdal,Compliance,50,2025-10-31,2025-10,Realised,Matriarch - INV-5366,22338,23763.55,1425.55,6.0,5. Monitoring,Techsitter
Shoprite Mini - Citrusdal,Compliance,51,2025-10-31,2025-10,Realised,DSV Inv: 180153158,343.33,365.24,21.91,6.0,5. Monitoring,Delivery of Techsitter Meter
Shoprite Mini - Citrusdal,Compliance,52,2025-10-31,2025-10,Realised,Red Pole - SO-35912,975,1037.22,62.22,6.0,5. Monitoring,Battery 
Shoprite Mini - Citrusdal,Compliance,64,2025-10-31,2025-10,Realised,JA Electrical INV 1109,6438.55,14044.92,7606.37,54.2,6. AC Equipment,Project Kick Off
Shoprite Mini - Citrusdal,Compliance,88,2025-10-31,2025-10,Realised,Barrier Projects INV508,11060,26737.33,15677.33,58.6,8. Product Add On ,Inverter Awning
Shoprite Mini - Citrusdal,Compliance,89,2025-10-31,2025-10,Realised,Barrier Projects INV508,4740,11458.86,6718.86,58.6,8. Product Add On ,
Shoprite Mini - Citrusdal,Compliance,98,2025-10-31,2025-10,Realised,JA Electrical INV 1109,27201.3,22094.44,-5106.86,-23.1,9. AC & DC installation,Project Kick Off
Shoprite Mini - Citrusdal,Compliance,116,2025-10-31,2025-10,Realised,JA Electrical INV 1109,7485.95,6317.16,-1168.79,-18.5,10. Site Logistics,Project Kick Off
Shoprite Mini - Citrusdal,Compliance,9,2025-11-30,2025-11,Realised,Allocated to Cpt Storeroom,-22579,0,22579,,1. Panels,Reduction in size
Shoprite Mini - Citrusdal,Compliance,10,2025-11-30,2025-11,Realised,Krannich Inv: 17010001217,10463.88,0,-10463.88,,1. Panels,Delivery Fee
Shoprite Mini - Citrusdal,Compliance,22,2025-11-30,2025-11,Realised,Schletter - INV2382,47705,101943.17,54238.17,53.2,3. Mounting Structures,Schletter Structure
Shoprite Mini - Citrusdal,Compliance,23,2025-11-30,2025-11,Realised,Schletter - INV2410,10813,23106.83,12293.83,53.2,3. Mounting Structures,Nuts and Bolts - Trunking
Shoprite Mini - Citrusdal,Compliance,35,2025-11-30,2025-11,Realised,JA Electrical INV 1119,5034.75,14140.27,9105.52,64.4,4. DC Equipment,Site Establishment
Shoprite Mini - Citrusdal,Compliance,36,2025-11-30,2025-11,Realised,JA Electrical INV 1124,3356.5,9426.85,6070.35,64.4,4. DC Equipment,AC Installation Complete - Partial
Shoprite Mini - Citrusdal,Compliance,38,2025-11-30,2025-11,Realised,JA Electrical INV 1124,6713,18853.7,12140.7,64.4,4. DC Equipment,DC Installation Complete - Partial
Shoprite Mini - Citrusdal,Compliance,48,2025-11-30,2025-11,Realised,Menlo - INV0003384,8698.34,9080.94,382.6,4.2,5. Monitoring,Smartlogger
Shoprite Mini - Citrusdal,Compliance,53,2025-11-30,2025-11,Realised,Uber,21.33,22.63,1.3,5.7,5. Monitoring,Delivery of Comms Equip
Shoprite Mini - Citrusdal,Compliance,54,2025-11-30,2025-11,Realised,Uber,41,43.49,2.49,5.7,5. Monitoring,Delivery of Comms Equip
Shoprite Mini - Citrusdal,Compliance,59,2025-11-30,2025-11,Realised,Switchboard - 2-SOI002606,80010.72,174533.76,94523.04,54.2,6. AC Equipment,PVDB
Shoprite Mini - Citrusdal,Compliance,65,2025-11-30,2025-11,Realised,JA Electrical INV 1119,9657.82,21067.38,11409.56,54.2,6. AC Equipment,Site Establishment
Shoprite Mini - Citrusdal,Compliance,66,2025-11-30,2025-11,Realised,JA Electrical INV 1124,6438.55,14044.92,7606.37,54.2,6. AC Equipment,AC Installation Complete - Partial
Shoprite Mini - Citrusdal,Compliance,68,2025-11-30,2025-11,Realised,JA Electrical INV 1124,12877.1,28089.84,15212.74,54.2,6. AC Equipment,DC Installation Complete - Partial
Shoprite Mini - Citrusdal,Compliance,90,2025-11-30,2025-11,Realised,Barrier Projects INV527,2430,5874.48,3444.48,58.6,8. Product Add On ,Custom Walkway Landing
Shoprite Mini - Citrusdal,Compliance,91,2025-11-30,2025-11,Realised,Barrier Projects INV527,5670,13707.11,8037.11,58.6,8. Product Add On ,
Shoprite Mini - Citrusdal,Compliance,99,2025-11-30,2025-11,Realised,JA Electrical INV 1119,40801.94,33141.67,-7660.27,-23.1,9. AC & DC installation,Site Establishment
Shoprite Mini - Citrusdal,Compliance,100,2025-11-30,2025-11,Realised,JA Electrical INV 1124,27201.3,22094.44,-5106.86,-23.1,9. AC & DC installation,AC Installation Complete - Partial
Shoprite Mini - Citrusdal,Compliance,102,2025-11-30,2025-11,Realised,JA Electrical INV 1124,54402.59,44188.89,-10213.7,-23.1,9. AC & DC installation,DC Installation Complete - Partial
Shoprite Mini - Citrusdal,Compliance,112,2025-11-30,2025-11,Realised,HP Private Security - 3946,2555.1,1876.5,-678.6,-36.2,10. Site Logistics,Security
Shoprite Mini - Citrusdal,Compliance,117,2025-11-30,2025-11,Realised,JA Electrical INV 1119,11228.92,9162.99,-2065.93,-22.5,10. Site Logistics,Site Establishment
Shoprite Mini - Citrusdal,Compliance,118,2025-11-30,2025-11,Realised,JA Electrical INV 1124,7485.95,6108.66,-1377.29,-22.5,10. Site Logistics,AC Installation Complete - Partial
Shoprite Mini - Citrusdal,Compliance,120,2025-11-30,2025-11,Realised,JA Electrical INV 1124,14971.9,12217.32,-2754.58,-22.5,10. Site Logistics,DC Installation Complete - Partial
Shoprite Mini - Citrusdal,Compliance,147,2025-11-30,2025-11,Realised,Expense Claim,863.3,2144.35,1281.05,59.7,14. General Expenses,Travel
Shoprite Mini - Citrusdal,Compliance,160,2025-11-30,2025-11,Realised,ABL Transport Inv 0205,7000,0,-7000,,15. Service Add On,Domestic Transport
Shoprite Mini - Citrusdal,Compliance,11,2025-12-31,2025-12,Unrealised,,0,-29557.15,-29557.15,100.0,1. Panels,
Shoprite Mini - Citrusdal,Compliance,55,2025-12-31,2025-12,Realised,Allocated from Cpt Storeroom,1300,0,-1300,,5. Monitoring,Power Supply
Shoprite Mini - Citrusdal,Compliance,56,2025-12-31,2025-12,Realised,DSV Inv: 180157893,244.42,0,-244.42,,5. Monitoring,Courier of Comms Equip
Shoprite Mini - Citrusdal,Compliance,130,2025-12-31,2025-12,Realised,SunSpot - E034,9565,19801.19,10236.19,51.7,11. Due Dilligence,Electrical PrEng sign off
Shoprite Mini - Citrusdal,Compliance,133,2025-12-31,2025-12,Realised,Matriarch - INV-5975,6000,12421.03,6421.03,51.7,11. Due Dilligence,Red Team Inspection
Shoprite Mini - Citrusdal,Compliance,148,2025-12-31,2025-12,Realised,Expense Claim,1023.4,2716.77,1693.37,62.3,14. General Expenses,Travel
Shoprite Mini - Citrusdal,Compliance,161,2025-12-31,2025-12,Realised,ABL Transport Inv 0231,14800,0,-14800,,15. Service Add On,Domestic Transport - Return of panels
Shoprite Mini - Citrusdal,Compliance,37,2026-01-31,2026-01,Realised,JA Electrical INV 1151,3356.5,9426.87,6070.37,64.4,4. DC Equipment,AC Installation Complete - Partial
Shoprite Mini - Citrusdal,Compliance,39,2026-01-31,2026-01,Realised,JA Electrical INV 1151,1678.25,4713.42,3035.17,64.4,4. DC Equipment,DC Installation Complete - Partial
Shoprite Mini - Citrusdal,Compliance,40,2026-01-31,2026-01,Realised,JA Electrical INV 1151,3356.5,9426.85,6070.35,64.4,4. DC Equipment,Commissioning Complete
Shoprite Mini - Citrusdal,Compliance,41,2026-01-31,2026-01,Realised,JA Electrical INV 1154,3356.5,9426.85,6070.35,64.4,4. DC Equipment,Site De-establisment
Shoprite Mini - Citrusdal,Compliance,42,2026-01-31,2026-01,Realised,JA Electrical INV 1154,1678.25,4713.42,3035.17,64.4,4. DC Equipment,Handover Document Complete
Shoprite Mini - Citrusdal,Compliance,43,2026-01-31,2026-01,Realised,JA Electrical INV 1154,1678.24,4713.4,3035.16,64.4,4. DC Equipment,End of Defects Period
Shoprite Mini - Citrusdal,Compliance,67,2026-01-31,2026-01,Realised,JA Electrical INV 1151,6438.55,14044.92,7606.37,54.2,6. AC Equipment,AC Installation Complete - Partial
Shoprite Mini - Citrusdal,Compliance,69,2026-01-31,2026-01,Realised,JA Electrical INV 1151,3219.28,7022.46,3803.18,54.2,6. AC Equipment,DC Installation Complete - Partial
Shoprite Mini - Citrusdal,Compliance,70,2026-01-31,2026-01,Realised,JA Electrical INV 1151,6438.55,14044.92,7606.37,54.2,6. AC Equipment,Commissioning Complete
Shoprite Mini - Citrusdal,Compliance,71,2026-01-31,2026-01,Realised,JA Electrical INV 1154,6438.55,14044.92,7606.37,54.2,6. AC Equipment,Site De-establisment
Shoprite Mini - Citrusdal,Compliance,72,2026-01-31,2026-01,Realised,JA Electrical INV 1154,3219.28,7022.46,3803.18,54.2,6. AC Equipment,Handover Document Complete
Shoprite Mini - Citrusdal,Compliance,73,2026-01-31,2026-01,Realised,JA Electrical INV 1154,3219.28,7022.46,3803.18,54.2,6. AC Equipment,End of Defects Period
Shoprite Mini - Citrusdal,Compliance,101,2026-01-31,2026-01,Realised,JA Electrical INV 1151,27201.3,22094.44,-5106.86,-23.1,9. AC & DC installation,AC Installation Complete - Partial
Shoprite Mini - Citrusdal,Compliance,103,2026-01-31,2026-01,Realised,JA Electrical INV 1151,13600.65,11047.22,-2553.43,-23.1,9. AC & DC installation,DC Installation Complete - Partial
Shoprite Mini - Citrusdal,Compliance,104,2026-01-31,2026-01,Realised,JA Electrical INV 1151,27201.3,22094.44,-5106.86,-23.1,9. AC & DC installation,Commissioning Complete
Shoprite Mini - Citrusdal,Compliance,105,2026-01-31,2026-01,Realised,JA Electrical INV 1154,27201.3,22094.45,-5106.85,-23.1,9. AC & DC installation,Site De-establisment
Shoprite Mini - Citrusdal,Compliance,106,2026-01-31,2026-01,Realised,JA Electrical INV 1154,13600.65,11047.22,-2553.43,-23.1,9. AC & DC installation,Handover Document Complete
Shoprite Mini - Citrusdal,Compliance,107,2026-01-31,2026-01,Realised,JA Electrical INV 1154,13600.65,11047.22,-2553.43,-23.1,9. AC & DC installation,End of Defects Period
Shoprite Mini - Citrusdal,Compliance,119,2026-01-31,2026-01,Realised,JA Electrical INV 1151,7485.95,6108.66,-1377.29,-22.5,10. Site Logistics,AC Installation Complete - Partial
Shoprite Mini - Citrusdal,Compliance,121,2026-01-31,2026-01,Realised,JA Electrical INV 1151,3742.98,3054.33,-688.65,-22.5,10. Site Logistics,DC Installation Complete - Partial
Shoprite Mini - Citrusdal,Compliance,122,2026-01-31,2026-01,Realised,JA Electrical INV 1151,7485.95,6108.66,-1377.29,-22.5,10. Site Logistics,Commissioning Complete
Shoprite Mini - Citrusdal,Compliance,123,2026-01-31,2026-01,Realised,JA Electrical INV 1154,7485.95,6108.66,-1377.29,-22.5,10. Site Logistics,Site De-establisment
Shoprite Mini - Citrusdal,Compliance,124,2026-01-31,2026-01,Realised,JA Electrical INV 1154,3742.98,3054.33,-688.65,-22.5,10. Site Logistics,Handover Document Complete
Shoprite Mini - Citrusdal,Compliance,125,2026-01-31,2026-01,Realised,JA Electrical INV 1154,3742.98,3054.33,-688.65,-22.5,10. Site Logistics,End of Defects Period
Shoprite Mini - Citrusdal,Compliance,139,2026-01-31,2026-01,Realised,Matriarch - INV-6234,25059.23,22597.74,-2461.49,-10.9,13. Engineering,Matriarch Defects Period - 1.25%
Shoprite Mini - Citrusdal,Compliance,149,2026-01-31,2026-01,Realised,Expense Claim,136.46,0,-136.46,,14. General Expenses,Travel
Shoprite Mini Riversdal,Active,32,2026-04-30,2026-04,Realised,Leading Edge - INV-0204,9600,9650.91,50.91,0.5,4. DC Equipment,Project Kick Off
Shoprite Mini Riversdal,Active,33,2026-04-30,2026-04,Realised,Leading Edge - INV-0205,14400,14476.36,76.36,0.5,4. DC Equipment,Site Establishment
Shoprite Mini Riversdal,Active,45,2026-04-30,2026-04,Realised,AccuEnergy - ASAI-007988,10909,20283.78,9374.78,46.2,5. Monitoring,CTs & Meters
Shoprite Mini Riversdal,Active,53,2026-04-30,2026-04,Realised,Allocated from M5 Freeway,103902.28,232340.4,128438.12,55.3,6. AC Equipment,PVDB - Use Invoice from M5 Freeway Park
Shoprite Mini Riversdal,Active,55,2026-04-30,2026-04,Realised,Switchboard Credit: 2-ARI001588,-4568.36,-10215.51,-5647.15,55.3,6. AC Equipment,Change from ABB XT X5N 630 to ABB XT X5N400
Shoprite Mini Riversdal,Active,58,2026-04-30,2026-04,Realised,Leading Edge - INV-0204,8250,18448.18,10198.18,55.3,6. AC Equipment,Project Kick Off
Shoprite Mini Riversdal,Active,59,2026-04-30,2026-04,Realised,Leading Edge - INV-0205,12375,27672.27,15297.27,55.3,6. AC Equipment,Site Establishment
Shoprite Mini Riversdal,Active,90,2026-04-30,2026-04,Realised,Leading Edge - INV-0204,20400,19283.33,-1116.67,-5.8,9. AC & DC installation,Project Kick Off
Shoprite Mini Riversdal,Active,91,2026-04-30,2026-04,Realised,Leading Edge - INV-0205,30600,28925.0,-1675.0,-5.8,9. AC & DC installation,Site Establishment
Shoprite Mini Riversdal,Active,106,2026-04-30,2026-04,Realised,Leading Edge - INV-0204,11750,3885.57,-7864.43,-202.4,10. Site Logistics,Project Kick Off
Shoprite Mini Riversdal,Active,107,2026-04-30,2026-04,Realised,Leading Edge - INV-0205,17625,5828.35,-11796.65,-202.4,10. Site Logistics,Site Establishment
Shoprite Mini Riversdal,Active,148,2026-04-30,2026-04,Realised,Leading Edge - INV-0196,3207.6,0,-3207.6,,15. Service Add On,Site Inspection
Shoprite Mini Riversdal,Active,6,2026-05-31,2026-05,Realised,MSA Energy - INV-003914,526932,657489.71,130557.71,19.9,1. Panels,JKM615N-66HL4M-BDV
Shoprite Mini Riversdal,Active,14,2026-05-31,2026-05,Realised,MSA Energy - INV-003914,136455.18,175000,38544.82,22.0,2. Inverters,Huawei 100KTL
Shoprite Mini Riversdal,Active,21,2026-05-31,2026-05,Realised,Schletter - INV002862,55635.5,110360,54724.5,49.6,3. Mounting Structures,Schletter Structure
Shoprite Mini Riversdal,Active,28,2026-05-31,2026-05,Realised,Helukabel- PSI0055537,62000,51810.81,-10189.19,-19.7,4. DC Equipment,DC Cable
Shoprite Mini Riversdal,Active,29,2026-05-31,2026-05,Realised,Helukabel- PSI0055537,3000,2506.97,-493.03,-19.7,4. DC Equipment,Delivery 
Shoprite Mini Riversdal,Active,44,2026-05-31,2026-05,Realised,MSA Energy - INV-0003913,7032.41,12902.77,5870.36,45.5,5. Monitoring,Smartlogger 3000
Shoprite Mini Riversdal,Active,46,2026-05-31,2026-05,Unrealised,,15000,27252.97,12252.97,45.0,5. Monitoring,Revenue Grade Meter
Shoprite Mini Riversdal,Active,47,2026-05-31,2026-05,Realised,DSV Inv: 180176542,441.74,810.49,368.75,45.5,5. Monitoring,Delivery of Techsitter
Shoprite Mini Riversdal,Active,56,2026-05-31,2026-05,Realised,Switchboard - 2-SOI003225,13005.77,0,-13005.77,,6. AC Equipment,SWB - Hager HMJ400DR 400A TP
Shoprite Mini Riversdal,Active,135,2026-05-31,2026-05,Unrealised,,1837.5,15685.19,13847.69,88.3,14. General Expenses,Travel
Shoprite Mini Riversdal,Active,30,2026-06-30,2026-06,Planned,,31000,25905.4,-5094.6,-19.7,4. DC Equipment,Helukabel - DC Cable
Shoprite Mini Riversdal,Active,34,2026-06-30,2026-06,Realised,Leading Edge - INV-0210,19200,16044.64,-3155.36,-19.7,4. DC Equipment,AC Installation Complete
Shoprite Mini Riversdal,Active,35,2026-06-30,2026-06,Realised,Leading Edge - INV-0211,24000,20055.8,-3944.2,-19.7,4. DC Equipment,DC Installation Complete
Shoprite Mini Riversdal,Active,36,2026-06-30,2026-06,Realised,Leading Edge - INV-0211,9600,8022.32,-1577.68,-19.7,4. DC Equipment,Commissioning Complete
Shoprite Mini Riversdal,Active,37,2026-06-30,2026-06,Realised,Leading Edge - INV-0212,14400,12033.48,-2366.52,-19.7,4. DC Equipment,Handover Document Complete
Shoprite Mini Riversdal,Active,38,2026-06-30,2026-06,Realised,Leading Edge - INV-0214,2400,2005.58,-394.42,-19.7,4. DC Equipment,End of Defects Period
Shoprite Mini Riversdal,Active,39,2026-06-30,2026-06,Realised,Leading Edge - INV-0213,2400,2005.58,-394.42,-19.7,4. DC Equipment,Retention
Shoprite Mini Riversdal,Active,60,2026-06-30,2026-06,Realised,Leading Edge - INV-0210,16500,37099.75,20599.75,55.5,6. AC Equipment,AC Installation Complete
Shoprite Mini Riversdal,Active,61,2026-06-30,2026-06,Realised,Leading Edge - INV-0211,20625,46374.69,25749.69,55.5,6. AC Equipment,DC Installation Complete
Shoprite Mini Riversdal,Active,62,2026-06-30,2026-06,Realised,Leading Edge - INV-0211,8250,18549.88,10299.88,55.5,6. AC Equipment,Commissioning Complete
Shoprite Mini Riversdal,Active,63,2026-06-30,2026-06,Realised,Leading Edge - INV-0212,12375,27824.82,15449.82,55.5,6. AC Equipment,Handover Document Complete
Shoprite Mini Riversdal,Active,64,2026-06-30,2026-06,Realised,Leading Edge - INV-0214,2062.5,4637.47,2574.97,55.5,6. AC Equipment,End of Defects Period
Shoprite Mini Riversdal,Active,65,2026-06-30,2026-06,Realised,Leading Edge - INV-0213,2062.5,4637.47,2574.97,55.5,6. AC Equipment,Retention
Shoprite Mini Riversdal,Active,92,2026-06-30,2026-06,Realised,Leading Edge - INV-0210,40800,38566.67,-2233.33,-5.8,9. AC & DC installation,AC Installation Complete
Shoprite Mini Riversdal,Active,93,2026-06-30,2026-06,Realised,Leading Edge - INV-0211,51000,48208.33,-2791.67,-5.8,9. AC & DC installation,DC Installation Complete
Shoprite Mini Riversdal,Active,94,2026-06-30,2026-06,Realised,Leading Edge - INV-0211,20400,19283.33,-1116.67,-5.8,9. AC & DC installation,Commissioning Complete
Shoprite Mini Riversdal,Active,95,2026-06-30,2026-06,Realised,Leading Edge - INV-0212,30600,28925.0,-1675.0,-5.8,9. AC & DC installation,Handover Document Complete
Shoprite Mini Riversdal,Active,96,2026-06-30,2026-06,Realised,Leading Edge - INV-0214,5100,4820.83,-279.17,-5.8,9. AC & DC installation,End of Defects Period
Shoprite Mini Riversdal,Active,97,2026-06-30,2026-06,Realised,Leading Edge - INV-0213,5100,4820.83,-279.17,-5.8,9. AC & DC installation,Retention
Shoprite Mini Riversdal,Active,108,2026-06-30,2026-06,Realised,Leading Edge - INV-0210,23500,8882.24,-14617.76,-164.6,10. Site Logistics,AC Installation Complete
Shoprite Mini Riversdal,Active,109,2026-06-30,2026-06,Realised,Leading Edge - INV-0211,29375,11102.8,-18272.2,-164.6,10. Site Logistics,DC Installation Complete
Shoprite Mini Riversdal,Active,110,2026-06-30,2026-06,Realised,Leading Edge - INV-0211,11750,4441.12,-7308.88,-164.6,10. Site Logistics,Commissioning Complete
Shoprite Mini Riversdal,Active,111,2026-06-30,2026-06,Realised,Leading Edge - INV-0212,17625,6661.68,-10963.32,-164.6,10. Site Logistics,Handover Document Complete
Shoprite Mini Riversdal,Active,112,2026-06-30,2026-06,Realised,Leading Edge - INV-0214,2937.5,1110.28,-1827.22,-164.6,10. Site Logistics,End of Defects Period
Shoprite Mini Riversdal,Active,113,2026-06-30,2026-06,Realised,Leading Edge - INV-0213,2937.5,1110.28,-1827.22,-164.6,10. Site Logistics,Retention
Shoprite Mini Riversdal,Active,121,2026-06-30,2026-06,Planned,,6000,34901.96,28901.96,82.8,11. Due Dilligence,Red Team Inspection
Shoprite Mini Riversdal,Active,127,2026-06-30,2026-06,Planned,,25572.94,22508.95,-3063.99,-13.6,13. Engineering,Matriarch Defects Period - 1.25%
Shoprite Mini Riversdal,Active,136,2026-06-30,2026-06,Planned,,1837.5,15685.19,13847.69,88.3,14. General Expenses,Travel
Shoprite Mini Riversdal,Active,118,2026-07-31,2026-07,Planned,,11000,63986.93,52986.93,82.8,11. Due Dilligence,Electrical PrEng sign off
Shoprite Mini Riversdal,Active,137,2026-07-31,2026-07,Planned,,1837.5,15685.19,13847.69,88.3,14. General Expenses,Travel
Sibasa,Active,84,2025-09-30,2025-09,Realised,Shanduka Projects - QT2365,24295,0,-24295,,8. Product Add On ,Waterpoints
Sibasa,Active,86,2025-10-31,2025-10,Realised,Cosmic Sun - CS_SRS_009,224160,0,-224160,,8. Product Add On ,CS - Waterproofing removing and reinstall panels - Deposit -
Sibasa,Active,151,2025-10-31,2025-10,Realised,Expense Claim,1247.83,0,-1247.83,,14. General Expenses,Travel
Sibasa,Active,83,2025-11-30,2025-11,Realised,Cosmic Sun - CS_SRS_010,12300,0,-12300,,8. Product Add On ,E-stop
Sibasa,Active,110,2025-11-30,2025-11,Realised,Bright Integrated Solutions: Inv10/25,29000,0,-29000,,10. Site Logistics,Security - November
Sibasa,Active,152,2025-11-30,2025-11,Realised,Expense Claim,4630.14,0,-4630.14,,14. General Expenses,Travel
Sibasa,Active,87,2025-12-31,2025-12,Realised,Cosmic Sun -CS_SRS_011,112080,0,-112080,,8. Product Add On ,CS - Waterproofing removing and reinstall panels - All mater
Sibasa,Active,111,2025-12-31,2025-12,Realised,Bright Integrated Solutions: Inv12/25,19333.35,0,-19333.35,,10. Site Logistics,Security - December - Service complete
Sibasa,Active,85,2026-01-31,2026-01,Realised,Cosmic Sun - CS_SRS_012,14690,0,-14690,,8. Product Add On ,CS - Re-establishment Cost - VO
Sibasa,Active,90,2026-01-31,2026-01,Realised,Engineering Hub INV/2026/01/0246,31876,0,-31876,,8. Product Add On ,Amendment to inverter cage (updated design) 
Sibasa,Active,7,2026-02-28,2026-02,Realised,MSA Energy INV0003591,3701.4,0,-3701.4,,1. Panels,Replacement panels
Sibasa,Active,8,2026-02-28,2026-02,Realised,MSA Energy INV0003591,500,0,-500,,1. Panels,Transport
Sibasa,Active,88,2026-02-28,2026-02,Realised,Cosmic Sun - CS_SRS_013,112080,0,-112080,,8. Product Add On ,CS - Waterproofing removing and reinstall panels - Snag Comp
Sibasa,Active,154,2026-02-28,2026-02,Realised,Expense Claim,3538,0,-3538,,14. General Expenses,Travel
Sibasa,Active,14,2026-03-31,2026-03,Realised,MSA Energy:INV0003686,68870.35,0,-68870.35,,2. Inverters,
Sibasa,Active,129,2026-03-31,2026-03,Realised,Sunspot Investments E027,2314.28,0,-2314.28,,11. Due Dilligence,Electrical PrEng sign off
Sibasa,Active,155,2026-03-31,2026-03,Realised,Expense Claim,4614.42,0,-4614.42,,14. General Expenses,Travel
Sibasa,Active,162,2026-03-31,2026-03,Realised,Cosmic Sun: CS_SRS_014,8000,0,-8000,,15. Service Add On,Replace Faulty Inverter
Sibasa,Active,163,2026-03-31,2026-03,Realised,Cosmic Sun: CS_SRS_015,6800,0,-6800,,15. Service Add On,Replace Faulty Inverter - one of the inverters exploded onsi
Sibasa,Active,92,2026-04-30,2026-04,Realised,Shanduka Projects - QT2681,2860,0,-2860,,8. Product Add On ,LED Lighting
Sibasa,Active,15,2026-05-31,2026-05,Unrealised,,-68870.35,0,68870.35,,2. Inverters,RMA
Standard Bank GQ,Compliance,21,2025-10-31,2025-10,Realised,Schletter - INV2313,307922.87,419817.36,111894.49,26.7,3. Mounting Structures,Schletter Structure
Standard Bank GQ,Compliance,24,2025-10-31,2025-10,Realised,Schletter - INV2317,22002.2,29997.47,7995.27,26.7,3. Mounting Structures,FA Screw M10 x 25 & Flange
Standard Bank GQ,Compliance,25,2025-10-31,2025-10,Realised,Schletter - INV2333,19475,26551.92,7076.92,26.7,3. Mounting Structures,
Standard Bank GQ,Compliance,35,2025-10-31,2025-10,Realised,Luken Solar INV-0673,4239.98,6308.57,2068.59,32.8,4. DC Equipment,Project Kick Off
Standard Bank GQ,Compliance,36,2025-10-31,2025-10,Realised,Luken Solar INV-0674,6359.97,9462.86,3102.89,32.8,4. DC Equipment,Site Establishment
Standard Bank GQ,Compliance,63,2025-10-31,2025-10,Realised,Luken Solar INV-0673,1728.25,2571.43,843.18,32.8,6. AC Equipment,Project Kick Off
Standard Bank GQ,Compliance,64,2025-10-31,2025-10,Realised,Luken Solar INV-0674,2592.38,3857.14,1264.76,32.8,6. AC Equipment,Site Establishment
Standard Bank GQ,Compliance,96,2025-10-31,2025-10,Realised,Luken Solar INV-0673,46374.76,55120.78,8746.02,15.9,9. AC & DC installation,Project Kick Off
Standard Bank GQ,Compliance,97,2025-10-31,2025-10,Realised,Luken Solar INV-0674,69562.14,82681.17,13119.03,15.9,9. AC & DC installation,Site Establishment
Standard Bank GQ,Compliance,113,2025-10-31,2025-10,Realised,Luken Solar INV-0673,2857.01,7306.25,4449.24,60.9,10. Site Logistics,Project Kick Off
Standard Bank GQ,Compliance,114,2025-10-31,2025-10,Realised,Luken Solar INV-0674,4285.52,10959.37,6673.85,60.9,10. Site Logistics,Site Establishment
Standard Bank GQ,Compliance,142,2025-10-31,2025-10,Realised,Expense Claim,23.8,52.58,28.78,54.7,14. General Expenses,Travel
Standard Bank GQ,Compliance,26,2025-11-30,2025-11,Realised,Schletter - INV2392,65115,88776.8,23661.8,26.7,3. Mounting Structures,New Rails
Standard Bank GQ,Compliance,27,2025-11-30,2025-11,Realised,Schletter - CRN0282,-50525,0,50525,,3. Mounting Structures,Credit for old Rails
Standard Bank GQ,Compliance,28,2025-11-30,2025-11,Realised,Schletter - INV2449,5195.4,0,-5195.4,,3. Mounting Structures,
Standard Bank GQ,Compliance,29,2025-11-30,2025-11,Realised,Schletter - INV2415,5751.74,0,-5751.74,,3. Mounting Structures,Additional Rails
Standard Bank GQ,Compliance,49,2025-11-30,2025-11,Realised,Accuenergy Inv: ASAI-006805,18378,16958.36,-1419.64,-8.4,5. Monitoring,CTs & Meters
Standard Bank GQ,Compliance,51,2025-11-30,2025-11,Realised,DSV Inv: 180156055,307.94,284.15,-23.79,-8.4,5. Monitoring,Delivery of Techsitter
Standard Bank GQ,Compliance,52,2025-11-30,2025-11,Realised,Current Automotion - INV346556,1664.1,1535.55,-128.55,-8.4,5. Monitoring,Power Supply
Standard Bank GQ,Compliance,53,2025-11-30,2025-11,Realised,DSV Inv: 180155155,257.68,237.78,-19.9,-8.4,5. Monitoring,Delivery
Standard Bank GQ,Compliance,91,2025-11-30,2025-11,Realised,Talisman - 00216340,1217.4,1893.39,675.99,35.7,8. Product Add On ,Toilet Hire
Standard Bank GQ,Compliance,93,2025-11-30,2025-11,Realised,Luken INV-0683,19250,29938.94,10688.94,35.7,8. Product Add On ,Trench scanning
Standard Bank GQ,Compliance,143,2025-11-30,2025-11,Realised,Expense Claim,142.8,1573.15,1430.35,90.9,14. General Expenses,Travel
Standard Bank GQ,Compliance,22,2025-12-31,2025-12,Realised,Schletter - INV2479,15800,0,-15800,,3. Mounting Structures,
Standard Bank GQ,Compliance,23,2025-12-31,2025-12,Realised,Schletter - INV2483,1578,0,-1578,,3. Mounting Structures,Internal Connectors
Standard Bank GQ,Compliance,32,2025-12-31,2025-12,Realised,Rubicon INVRED-0136070,117500,34768.21,-82731.79,-238.0,4. DC Equipment,DC Cable - Rubicon + Delivery
Standard Bank GQ,Compliance,37,2025-12-31,2025-12,Realised,Luken Solar INV-0689,8479.96,3345.62,-5134.34,-153.5,4. DC Equipment,AC Installation Complete
Standard Bank GQ,Compliance,38,2025-12-31,2025-12,Realised,Luken Solar INV-0684,4239.98,1672.81,-2567.17,-153.5,4. DC Equipment,DC Installation Complete
Standard Bank GQ,Compliance,39,2025-12-31,2025-12,Realised,Luken INV0692,6359.97,2509.22,-3850.75,-153.5,4. DC Equipment,DC Installation Complete
Standard Bank GQ,Compliance,65,2025-12-31,2025-12,Realised,Luken Solar INV-0689,3456.5,5142.86,1686.36,32.8,6. AC Equipment,AC Installation Complete
Standard Bank GQ,Compliance,66,2025-12-31,2025-12,Realised,Luken Solar INV-0684,1728.25,2571.43,843.18,32.8,6. AC Equipment,DC Installation Complete
Standard Bank GQ,Compliance,67,2025-12-31,2025-12,Realised,Luken INV0692,2592.38,3857.14,1264.76,32.8,6. AC Equipment,DC Installation Complete
Standard Bank GQ,Compliance,89,2025-12-31,2025-12,Realised,LPS - IN307558,34320.9,53378.26,19057.36,35.7,8. Product Add On ,Lightning Protection System
Standard Bank GQ,Compliance,98,2025-12-31,2025-12,Realised,Luken Solar INV-0689,92749.51,110241.56,17492.05,15.9,9. AC & DC installation,AC Installation Complete
Standard Bank GQ,Compliance,99,2025-12-31,2025-12,Realised,Luken Solar INV-0684,46374.76,55120.78,8746.02,15.9,9. AC & DC installation,DC Installation Complete
Standard Bank GQ,Compliance,100,2025-12-31,2025-12,Realised,Luken INV0692,69562.14,82681.17,13119.03,15.9,9. AC & DC installation,DC Installation Complete
Standard Bank GQ,Compliance,115,2025-12-31,2025-12,Realised,Luken Solar INV-0689,5714.03,14612.49,8898.46,60.9,10. Site Logistics,AC Installation Complete
Standard Bank GQ,Compliance,116,2025-12-31,2025-12,Realised,Luken Solar INV-0684,2857.01,7306.25,4449.24,60.9,10. Site Logistics,DC Installation Complete
Standard Bank GQ,Compliance,117,2025-12-31,2025-12,Realised,Luken INV0692,4285.52,10959.37,6673.85,60.9,10. Site Logistics,DC Installation Complete
Standard Bank GQ,Compliance,126,2025-12-31,2025-12,Realised,SunSpot - E036,20725,78841.6,58116.6,73.7,11. Due Dilligence,Pr.Eng sign-off
Standard Bank GQ,Compliance,144,2025-12-31,2025-12,Realised,Expense Claim,85.68,1018.72,933.04,91.6,14. General Expenses,Travel
Standard Bank GQ,Compliance,33,2026-01-31,2026-01,Realised,Allocated to superspar Despatch - PH2,-56000,-2704.84,53295.16,-1970.4,4. DC Equipment,DC Cable allocated to Superspar Despatch
Standard Bank GQ,Compliance,40,2026-01-31,2026-01,Realised,Luken Solar INV-0699,4239.98,2574.42,-1665.56,-64.7,4. DC Equipment,Commissioning Complete
Standard Bank GQ,Compliance,41,2026-01-31,2026-01,Realised,Luken Solar INV-0706,4239.98,2574.42,-1665.56,-64.7,4. DC Equipment,Site De-establisment
Standard Bank GQ,Compliance,42,2026-01-31,2026-01,Realised,Luken Solar INV-0702,2119.99,1287.21,-832.78,-64.7,4. DC Equipment,Handover Document Complete
Standard Bank GQ,Compliance,43,2026-01-31,2026-01,Realised,Luken Solar INV-0705,2119.99,1287.21,-832.78,-64.7,4. DC Equipment,End of Defects Period
Standard Bank GQ,Compliance,50,2026-01-31,2026-01,Realised,Matriarch Inv: 6200,11169,13841.3,2672.3,19.3,5. Monitoring,Techsitter
Standard Bank GQ,Compliance,68,2026-01-31,2026-01,Realised,Luken Solar INV-0699,1728.25,2571.43,843.18,32.8,6. AC Equipment,Commissioning Complete
Standard Bank GQ,Compliance,69,2026-01-31,2026-01,Realised,Luken Solar INV-0706,1728.25,2571.43,843.18,32.8,6. AC Equipment,Site De-establisment
Standard Bank GQ,Compliance,70,2026-01-31,2026-01,Realised,Luken Solar INV-0702,864.13,1285.71,421.58,32.8,6. AC Equipment,Handover Document Complete
Standard Bank GQ,Compliance,71,2026-01-31,2026-01,Realised,Luken Solar INV-0705,864.13,1285.71,421.58,32.8,6. AC Equipment,End of Defects Period
Standard Bank GQ,Compliance,87,2026-01-31,2026-01,Realised,Matriarch - iNV-6240,90120,125017.3,34897.3,27.9,8. Product Add On ,Customized Maintenance
Standard Bank GQ,Compliance,101,2026-01-31,2026-01,Realised,Luken Solar INV-0699,46374.76,55120.78,8746.02,15.9,9. AC & DC installation,Commissioning Complete
Standard Bank GQ,Compliance,102,2026-01-31,2026-01,Realised,Luken Solar INV-0706,46374.76,55120.78,8746.02,15.9,9. AC & DC installation,Site De-establisment
Standard Bank GQ,Compliance,103,2026-01-31,2026-01,Realised,Luken Solar INV-0702,23187.38,27560.39,4373.01,15.9,9. AC & DC installation,Handover Document Complete
Standard Bank GQ,Compliance,104,2026-01-31,2026-01,Realised,Luken Solar INV-0705,23187.38,27560.39,4373.01,15.9,9. AC & DC installation,End of Defects Period
Standard Bank GQ,Compliance,118,2026-01-31,2026-01,Realised,Luken Solar INV-0699,2857.01,7306.27,4449.26,60.9,10. Site Logistics,Commissioning Complete
Standard Bank GQ,Compliance,119,2026-01-31,2026-01,Realised,Luken Solar INV-0706,2857.01,7306.25,4449.24,60.9,10. Site Logistics,Site De-establisment
Standard Bank GQ,Compliance,120,2026-01-31,2026-01,Realised,Luken Solar INV-0702,1428.5,3653.11,2224.61,60.9,10. Site Logistics,Handover Document Complete
Standard Bank GQ,Compliance,121,2026-01-31,2026-01,Realised,Luken Solar INV-0705,1428.5,3653.11,2224.61,60.9,10. Site Logistics,End of Defects Period
Standard Bank GQ,Compliance,129,2026-01-31,2026-01,Realised,Matriarch - INV-6235,6000,22825.07,16825.07,73.7,11. Due Dilligence,Red Team Inspection
Standard Bank GQ,Compliance,135,2026-01-31,2026-01,Realised,Customized Maintenance Agreement,0,15923.53,15923.53,100.0,13. Engineering,Matriarch Defects Period - 1.25%
Standard Bank GQ,Compliance,145,2026-01-31,2026-01,Realised,Expense Claim,199.92,2546.53,2346.61,92.1,14. General Expenses,Travel
Standard Bank GQ,Compliance,85,2026-02-28,2026-02,Realised,Luken INV-0716,102616.93,391520.65,288903.72,73.8,8. Product Add On ,"Luke Solar VO - Cable trays, combiner boxes"
Standard Bank GQ,Compliance,92,2026-02-28,2026-02,Realised,Luken Solar - INV-0708,1129.28,2061.0,931.72,45.2,8. Product Add On ,RS 485 SPD - Luken Supply & Install
Standard Bank GQ,Compliance,146,2026-02-28,2026-02,Unrealised,,0,3753.47,3753.47,100.0,14. General Expenses,Travel
Standard Bank GQ,Compliance,156,2026-02-28,2026-02,Realised,Schletter - INV002634,6416.04,0,-6416.04,,15. Service Add On,Mounting Structure Inpsection
Steelpark,Active,6,2026-02-28,2026-02,Realised,MSA Energy - INV0003648,260780,452188.45,191408.45,42.3,1. Panels,Jinko 590W - JKM590N-72HL4-BDV - Menlo
Steelpark,Active,14,2026-02-28,2026-02,Realised,MSA Energy - INV0003648,68870.35,115853.66,46983.31,40.6,2. Inverters,Huawei 100KTL
Steelpark,Active,21,2026-02-28,2026-02,Realised,Solarworld SASIV-26-00115,5700,22588.99,16888.99,74.8,3. Mounting Structures,Mounting Structure
Steelpark,Active,22,2026-02-28,2026-02,Realised,Allocated from Joburg Storeroom,2592,10272.05,7680.05,74.8,3. Mounting Structures,Clampfit Pro (From JHB stock)
Steelpark,Active,23,2026-02-28,2026-02,Realised,Allocated from Joburg Streroom,1773.04,7026.52,5253.48,74.8,3. Mounting Structures,Clampfit Pro
Steelpark,Active,25,2026-02-28,2026-02,Realised,Allocated from Cpt Storeroom,1095,4339.46,3244.46,74.8,3. Mounting Structures,Mid Clamps
Steelpark,Active,26,2026-02-28,2026-02,Realised,Allocated from Cpt Storeroom,1095,4339.46,3244.46,74.8,3. Mounting Structures,Mid Clamps
Steelpark,Active,27,2026-02-28,2026-02,Realised,Allocared from Stockroom,2078,8235.07,6157.07,74.8,3. Mounting Structures,Mid Clamps (from JHB stock) - Mahikeng
Steelpark,Active,28,2026-02-28,2026-02,Realised,Allocated from Joburg Streroom,1259,4989.39,3730.39,74.8,3. Mounting Structures,End Clamps (from JHB stock)
Steelpark,Active,31,2026-02-28,2026-02,Realised,DSV Inv: 180167184,2404.39,9528.55,7124.16,74.8,3. Mounting Structures,Shipping of Stock
Steelpark,Active,34,2026-02-28,2026-02,Realised,Allocated from Joburg Streroom,13650,12057.02,-1592.98,-13.2,4. DC Equipment,DC Cable from stock (JHB Store) - red
Steelpark,Active,35,2026-02-28,2026-02,Realised,Allocated from Joburg Streroom,13650,12057.02,-1592.98,-13.2,4. DC Equipment,DC Cable from stock (JHB Store) - black
Steelpark,Active,38,2026-02-28,2026-02,Realised,Leading Edge Energy Inv: INV-0186,6853.65,6053.81,-799.84,-13.2,4. DC Equipment,Project Kick Off
Steelpark,Active,39,2026-02-28,2026-02,Realised,Leading Edge Energy Inv: INV-0187,10280.47,9080.72,-1199.75,-13.2,4. DC Equipment,Site Establishment
Steelpark,Active,40,2026-02-28,2026-02,Realised,Leading Edge Energy INV-0190,13707.29,12107.63,-1599.66,-13.2,4. DC Equipment,AC Installation Complete
Steelpark,Active,50,2026-02-28,2026-02,Realised,MSA Energy - INV0003648,8598.34,13375.84,4777.5,35.7,5. Monitoring,Smartlogger 3000 - Menlo
Steelpark,Active,51,2026-02-28,2026-02,Realised,Accueenergy Inv: ASAI-007396,15184,23620.7,8436.7,35.7,5. Monitoring,CTs
Steelpark,Active,53,2026-02-28,2026-02,Realised,Matriarch - INV-6577,11169,17374.84,6205.84,35.7,5. Monitoring,Revenue Grade Meter
Steelpark,Active,55,2026-02-28,2026-02,Realised,DSV Inv: 180167184,422.33,656.99,234.66,35.7,5. Monitoring,Shipping of Revenue Grade Meter
Steelpark,Active,56,2026-02-28,2026-02,Realised,Red Pole:SO-35689,1825,2839.03,1014.03,35.7,5. Monitoring,Lithium Battery
Steelpark,Active,57,2026-02-28,2026-02,Realised,current Automation Inv: SOQ324142,1214.1,1888.69,674.59,35.7,5. Monitoring,Power Supply
Steelpark,Active,61,2026-02-28,2026-02,Realised,Switchboard Inv: 2-SOI002868,24740.64,84942.08,60201.44,70.9,6. AC Equipment,Comms DB
Steelpark,Active,66,2026-02-28,2026-02,Realised,Leading Edge Energy Inv: INV-0186,3355.73,11521.23,8165.5,70.9,6. AC Equipment,Project Kick Off
Steelpark,Active,67,2026-02-28,2026-02,Realised,Leading Edge Energy Inv: INV-0187,5033.59,17281.85,12248.26,70.9,6. AC Equipment,Site Establishment
Steelpark,Active,68,2026-02-28,2026-02,Realised,Leading Edge Energy INV-0190,6711.46,23042.46,16331.0,70.9,6. AC Equipment,AC Installation Complete
Steelpark,Active,87,2026-02-28,2026-02,Realised,CBB Inv: CBB-5722,3600,2500.74,-1099.26,-44.0,8. Product Add On ,Check meter 
Steelpark,Active,88,2026-02-28,2026-02,Realised,Accuenergy Inv: ASAI-006974,2870,1993.64,-876.36,-44.0,8. Product Add On ,Check Meter CT's
Steelpark,Active,98,2026-02-28,2026-02,Realised,Leading Edge Energy Inv: INV-0186,11922.82,12741.18,818.36,6.4,9. AC & DC installation,Project Kick Off
Steelpark,Active,99,2026-02-28,2026-02,Realised,Leading Edge Energy Inv: INV-0187,17884.23,19111.76,1227.53,6.4,9. AC & DC installation,Site Establishment
Steelpark,Active,100,2026-02-28,2026-02,Realised,Leading Edge Energy INV-0190,23845.64,25482.35,1636.71,6.4,9. AC & DC installation,AC Installation Complete
Steelpark,Active,114,2026-02-28,2026-02,Realised,Leading Edge Energy Inv: INV-0186,4984.43,6946.09,1961.66,28.2,10. Site Logistics,Project Kick Off
Steelpark,Active,115,2026-02-28,2026-02,Realised,Leading Edge Energy Inv: INV-0187,7476.68,10419.18,2942.5,28.2,10. Site Logistics,Site Establishment
Steelpark,Active,116,2026-02-28,2026-02,Realised,Leading Edge Energy INV-0190,9968.89,13892.21,3923.32,28.2,10. Site Logistics,AC Installation Complete
Steelpark,Active,127,2026-02-28,2026-02,Realised,L&B Consulting: Inv  1701,7690.9,9577.24,1886.34,19.7,11. Due Dilligence,Structural Sign Off
Steelpark,Active,128,2026-02-28,2026-02,Realised,Rubicon - INVRED-0139914,50000,62263.42,12263.42,19.7,11. Due Dilligence,Scada for CoCT
Steelpark,Active,130,2026-02-28,2026-02,Realised,HappySolar Inv: 0346,9900,12328.16,2428.16,19.7,11. Due Dilligence,Roof inspection 
Steelpark,Active,131,2026-02-28,2026-02,Realised,Leading Edge INV0171,1742.08,2169.36,427.28,19.7,11. Due Dilligence,Roof inspection 
Steelpark,Active,143,2026-02-28,2026-02,Realised,Expense Claims,422.08,522.16,100.08,19.2,14. General Expenses,Travel
Steelpark,Active,15,2026-03-31,2026-03,Realised,MSA Energy - INV0003700,68870,0,-68870,,2. Inverters,
Steelpark,Active,41,2026-03-31,2026-03,Realised,Leading Edge Energy INV-0197,17134.11,15134.54,-1999.57,-13.2,4. DC Equipment,DC Installation Complete
Steelpark,Active,69,2026-03-31,2026-03,Realised,Leading Edge Energy INV-0197,8389.32,28803.08,20413.76,70.9,6. AC Equipment,DC Installation Complete
Steelpark,Active,101,2026-03-31,2026-03,Realised,Leading Edge Energy INV-0197,29807.05,31852.94,2045.89,6.4,9. AC & DC installation,DC Installation Complete
Steelpark,Active,117,2026-03-31,2026-03,Realised,Leading Edge Energy INV-0197,12461.11,17365.28,4904.17,28.2,10. Site Logistics,DC Installation Complete
Steelpark,Active,126,2026-03-31,2026-03,Realised,Sunspot Inv: E044,8750,10896.1,2146.1,19.7,11. Due Dilligence,Electrical PrEng sign off
Steelpark,Active,42,2026-04-30,2026-04,Realised,Leading Edge Energy INV-0198,6853.65,6053.81,-799.84,-13.2,4. DC Equipment,Commissioning Complete
Steelpark,Active,43,2026-04-30,2026-04,Realised,Leading Edge Energy INV-0199,6853.65,6053.81,-799.84,-13.2,4. DC Equipment,Site De-establisment
Steelpark,Active,44,2026-04-30,2026-04,Realised,Leading Edge Energy INV-0200,3426.82,3026.91,-399.91,-13.2,4. DC Equipment,Handover Document Complete
Steelpark,Active,45,2026-04-30,2026-04,Realised,Leading Edge Energy INV-0201,3426.82,3026.91,-399.91,-13.2,4. DC Equipment,End of Defects Period
Steelpark,Active,70,2026-04-30,2026-04,Realised,Leading Edge Energy INV-0198,3355.73,11521.23,8165.5,70.9,6. AC Equipment,Commissioning Complete
Steelpark,Active,71,2026-04-30,2026-04,Realised,Leading Edge Energy INV-0199,3355.73,11521.23,8165.5,70.9,6. AC Equipment,Site De-establisment
Steelpark,Active,72,2026-04-30,2026-04,Realised,Leading Edge Energy INV-0200,1677.86,5760.62,4082.76,70.9,6. AC Equipment,Handover Document Complete
Steelpark,Active,73,2026-04-30,2026-04,Realised,Leading Edge Energy INV-0201,1677.86,5760.62,4082.76,70.9,6. AC Equipment,End of Defects Period
Steelpark,Active,102,2026-04-30,2026-04,Realised,Leading Edge Energy INV-0198,11922.82,12741.18,818.36,6.4,9. AC & DC installation,Commissioning Complete
Steelpark,Active,103,2026-04-30,2026-04,Realised,Leading Edge Energy INV-0199,11922.82,12741.18,818.36,6.4,9. AC & DC installation,Site De-establisment
Steelpark,Active,104,2026-04-30,2026-04,Realised,Leading Edge Energy INV-0200,5961.41,6370.59,409.18,6.4,9. AC & DC installation,Handover Document Complete
Steelpark,Active,105,2026-04-30,2026-04,Realised,Leading Edge Energy INV-0201,5961.41,6370.59,409.18,6.4,9. AC & DC installation,End of Defects Period
Steelpark,Active,118,2026-04-30,2026-04,Realised,Leading Edge Energy INV-0198,4984.44,6946.1,1961.66,28.2,10. Site Logistics,Commissioning Complete
Steelpark,Active,119,2026-04-30,2026-04,Realised,Leading Edge Energy INV-0199,4984.44,6946.1,1961.66,28.2,10. Site Logistics,Site De-establisment
Steelpark,Active,120,2026-04-30,2026-04,Realised,Leading Edge Energy INV-0200,2492.22,3473.05,980.83,28.2,10. Site Logistics,Handover Document Complete
Steelpark,Active,121,2026-04-30,2026-04,Realised,Leading Edge Energy INV-0201,2492.22,3473.05,980.83,28.2,10. Site Logistics,End of Defects Period
Steelpark,Active,129,2026-04-30,2026-04,Realised,Matriarch - INV-7248,6000,7471.61,1471.61,19.7,11. Due Dilligence,Red Team Inspection
Steelpark,Active,136,2026-04-30,2026-04,Realised,Matriarch - INV-7247,17492.26,106912.63,89420.37,83.6,13. Engineering,Matriarch Defects Period - 1.25%
Steelpark,Active,145,2026-04-30,2026-04,Realised,Expense Claims,232.65,487.22,254.57,52.2,14. General Expenses,Travel
Steelpark,Active,156,2026-04-30,2026-04,Realised,Spear REIT - 5484/202603/60963/I,14300,0,-14300,,15. Service Add On,Additional Security (VO)
Steelpark,Active,16,2026-05-31,2026-05,Unrealised,,-68870,0,68870,,2. Inverters,
Steelpark,Active,146,2026-05-31,2026-05,Unrealised,,525,1461.21,936.21,64.1,14. General Expenses,Travel
Superspar Ph2,Active,137,2025-11-30,2025-11,Realised,Expense Claim,428.4,521.24,92.84,17.8,14. General Expenses,Travel
Superspar Ph2,Active,150,2025-11-30,2025-11,Realised, Luken Solar - Invoice 0658 ,450,0,-450,,15. Service Add On,Roof Repair
Superspar Ph2,Active,6,2025-12-31,2025-12,Realised,MSA Energy - INV0003484,306891,485847.99,178956.99,36.8,1. Panels,Jinko 610W - JKM610N-72HL4M-BDV
Superspar Ph2,Active,13,2025-12-31,2025-12,Realised,MSA Energy - INV0003484,68870.35,91846.38,22976.03,25.0,2. Inverters,Huawei 100KTL
Superspar Ph2,Active,14,2025-12-31,2025-12,Realised,MSA Energy - INV0003484,43606.08,58153.62,14547.54,25.0,2. Inverters,Huawei 50KTL
Superspar Ph2,Active,26,2025-12-31,2025-12,Realised,Schletter - INV2520,5492,6504.86,1012.86,15.6,3. Mounting Structures,Balance of Equipment
Superspar Ph2,Active,35,2025-12-31,2025-12,Realised,BDL Solar- IN000763,3934.5,7903.19,3968.69,50.2,4. DC Equipment,Project Kick Off
Superspar Ph2,Active,36,2025-12-31,2025-12,Realised,BDL Solar- IN000764,5901.75,11854.78,5953.03,50.2,4. DC Equipment,Site Establishment
Superspar Ph2,Active,61,2025-12-31,2025-12,Realised,BDL Solar- IN000763,6295.2,7648.16,1352.96,17.7,6. AC Equipment,Project Kick Off
Superspar Ph2,Active,62,2025-12-31,2025-12,Realised,BDL Solar- IN000764,9442.8,11472.24,2029.44,17.7,6. AC Equipment,Site Establishment
Superspar Ph2,Active,93,2025-12-31,2025-12,Realised,BDL Solar- IN000763,13534.68,13903.33,368.65,2.7,9. AC & DC installation,Project Kick Off
Superspar Ph2,Active,94,2025-12-31,2025-12,Realised,BDL Solar- IN000764,20302.02,20855,552.98,2.7,9. AC & DC installation,Site Establishment
Superspar Ph2,Active,109,2025-12-31,2025-12,Realised,BDL Solar- IN000763,2231.18,4368.74,2137.56,48.9,10. Site Logistics,Project Kick Off
Superspar Ph2,Active,110,2025-12-31,2025-12,Realised,BDL Solar- IN000764,3346.77,6553.11,3206.34,48.9,10. Site Logistics,Site Establishment
Superspar Ph2,Active,138,2025-12-31,2025-12,Realised,Expense Claim,456.96,606.41,149.45,24.6,14. General Expenses,Travel
Superspar Ph2,Active,21,2026-01-31,2026-01,Realised,Allocated from PE Storetoom,15882,61736.99,45854.99,74.3,3. Mounting Structures,Clamp fit Pro  - From stock refer to stocksheet
Superspar Ph2,Active,22,2026-01-31,2026-01,Realised,Allocated from PE Storetoom,2474.31,7899.85,5425.54,68.7,3. Mounting Structures,Mid Clamps - From stock - refer to stocksheet
Superspar Ph2,Active,23,2026-01-31,2026-01,Realised,Allocated from PE Storeroom,2610.96,8336.14,5725.18,68.7,3. Mounting Structures,Mid Clamps - From stock - refer to stocksheet
Superspar Ph2,Active,24,2026-01-31,2026-01,Realised,Allocated from PE Storetoom,1268,4048.41,2780.41,68.7,3. Mounting Structures,End Clamps - From stock - refer to stocksheet
Superspar Ph2,Active,31,2026-01-31,2026-01,Realised,Allocated from Std Bank GQ,28000,55267.94,27267.94,49.3,4. DC Equipment,DC Cable - from Standard Bank GQ
Superspar Ph2,Active,32,2026-01-31,2026-01,Realised,Allocated from Std Bank GQ,28000,55267.94,27267.94,49.3,4. DC Equipment,
Superspar Ph2,Active,33,2026-01-31,2026-01,Realised,DSV Inv:180161978,664.97,969.91,304.94,31.4,4. DC Equipment,Courier
Superspar Ph2,Active,48,2026-01-31,2026-01,Realised,DSV Inv: 180163669,361.85,0,-361.85,,5. Monitoring,Courier of Meter
Superspar Ph2,Active,56,2026-01-31,2026-01,Realised,Eastern Switchgear - 17043,81076,98500.82,17424.82,17.7,6. AC Equipment,PVDB
Superspar Ph2,Active,130,2026-01-31,2026-01,Realised,Performance Monitoring Contract,0,15121.33,15121.33,100.0,13. Engineering,Matriarch Defects Period - 1.25%
Superspar Ph2,Active,139,2026-01-31,2026-01,Realised,Expense Claim,913.92,558.81,-355.11,-63.5,14. General Expenses,Travel
Superspar Ph2,Active,37,2026-02-28,2026-02,Realised,BDL Solar - IN000765,7869,15532.26,7663.26,49.3,4. DC Equipment,AC Installation Complete
Superspar Ph2,Active,38,2026-02-28,2026-02,Realised,BDL Solar - IN000766,9836.25,19415.33,9579.08,49.3,4. DC Equipment,DC Installation Complete
Superspar Ph2,Active,39,2026-02-28,2026-02,Realised,BDL Solar - IN000767,3934.5,7766.13,3831.63,49.3,4. DC Equipment,Commissioning Complete
Superspar Ph2,Active,40,2026-02-28,2026-02,Realised,BDL Solar - IN000768,3934.5,7766.13,3831.63,49.3,4. DC Equipment,Site De-establisment
Superspar Ph2,Active,41,2026-02-28,2026-02,Realised,BDL Solar - IN000769,1967.25,3883.07,1915.82,49.3,4. DC Equipment,Handover Document Complete
Superspar Ph2,Active,42,2026-02-28,2026-02,Realised,BDL Solar - IN000770,1967.25,3883.07,1915.82,49.3,4. DC Equipment,End of Defects Period
Superspar Ph2,Active,47,2026-02-28,2026-02,Realised,Matriarch - INV-6577,11169,0,-11169,,5. Monitoring,Techsitter Meter
Superspar Ph2,Active,63,2026-02-28,2026-02,Realised,BDL Solar - IN000765,12590.4,15296.32,2705.92,17.7,6. AC Equipment,AC Installation Complete
Superspar Ph2,Active,64,2026-02-28,2026-02,Realised,BDL Solar - IN000766,15738,19120.4,3382.4,17.7,6. AC Equipment,DC Installation Complete
Superspar Ph2,Active,65,2026-02-28,2026-02,Realised,BDL Solar - IN000767,6295.2,7648.16,1352.96,17.7,6. AC Equipment,Commissioning Complete
Superspar Ph2,Active,66,2026-02-28,2026-02,Realised,BDL Solar - IN000768,6295.2,7648.16,1352.96,17.7,6. AC Equipment,Site De-establisment
Superspar Ph2,Active,67,2026-02-28,2026-02,Realised,BDL Solar - IN000769,3147.6,3824.08,676.48,17.7,6. AC Equipment,Handover Document Complete
Superspar Ph2,Active,68,2026-02-28,2026-02,Realised,BDL Solar - IN000770,3147.6,3824.08,676.48,17.7,6. AC Equipment,End of Defects Period
Superspar Ph2,Active,84,2026-02-28,2026-02,Realised,AccEnergy ASAI-007327,2120,2255.76,135.76,6.0,8. Product Add On ,Upgrade of Router
Superspar Ph2,Active,85,2026-02-28,2026-02,Realised,The Engineering Hub Inv: INV/2026/02/0303,3897,4146.55,249.55,6.0,8. Product Add On ,Inverter Cage - VO
Superspar Ph2,Active,95,2026-02-28,2026-02,Realised,BDL Solar - IN000765,27069.36,27806.67,737.31,2.7,9. AC & DC installation,AC Installation Complete
Superspar Ph2,Active,96,2026-02-28,2026-02,Realised,BDL Solar - IN000766,33836.7,34758.33,921.63,2.7,9. AC & DC installation,DC Installation Complete
Superspar Ph2,Active,97,2026-02-28,2026-02,Realised,BDL Solar - IN000767,13534.68,13903.33,368.65,2.7,9. AC & DC installation,Commissioning Complete
Superspar Ph2,Active,98,2026-02-28,2026-02,Realised,BDL Solar - IN000768,13534.68,13903.33,368.65,2.7,9. AC & DC installation,Site De-establisment
Superspar Ph2,Active,99,2026-02-28,2026-02,Realised,BDL Solar - IN000769,6767.34,6951.67,184.33,2.7,9. AC & DC installation,Handover Document Complete
Superspar Ph2,Active,100,2026-02-28,2026-02,Realised,BDL Solar - IN000770,6767.34,6951.67,184.33,2.7,9. AC & DC installation,End of Defects Period
Superspar Ph2,Active,111,2026-02-28,2026-02,Realised,BDL Solar - IN000765,4462.36,8737.48,4275.12,48.9,10. Site Logistics,AC Installation Complete
Superspar Ph2,Active,112,2026-02-28,2026-02,Realised,BDL Solar - IN000766,5577.95,10921.85,5343.9,48.9,10. Site Logistics,DC Installation Complete
Superspar Ph2,Active,113,2026-02-28,2026-02,Realised,BDL Solar - IN000767,2231.18,4368.74,2137.56,48.9,10. Site Logistics,Commissioning Complete
Superspar Ph2,Active,114,2026-02-28,2026-02,Realised,BDL Solar - IN000768,2231.18,4368.74,2137.56,48.9,10. Site Logistics,Site De-establisment
Superspar Ph2,Active,115,2026-02-28,2026-02,Realised,BDL Solar - IN000769,1115.59,2184.37,1068.78,48.9,10. Site Logistics,Handover Document Complete
Superspar Ph2,Active,116,2026-02-28,2026-02,Realised,BDL Solar - IN000770,1115.59,2184.37,1068.78,48.9,10. Site Logistics,End of Defects Period
Superspar Ph2,Active,121,2026-02-28,2026-02,Realised,Sunspot E041,18060,24186.76,6126.76,25.3,11. Due Dilligence,Electrical PrEng sign off
Superspar Ph2,Active,124,2026-02-28,2026-02,Realised,Matriarch - INV-6571,6000,8035.47,2035.47,25.3,11. Due Dilligence,Red Team Inspection
Superspar Ph2,Active,140,2026-02-28,2026-02,Realised,Expense Claim,228.48,248.29,19.81,8.0,14. General Expenses,Travel
Superspar Ph2,Active,151,2026-02-28,2026-02,Realised,Infinity Inv: IN002354,30000,0,-30000,,15. Service Add On,Higeco Recommission - VO
Superspar Ph2,Active,141,2026-03-31,2026-03,Unrealised,,0,981.92,981.92,100.0,14. General Expenses,Travel
Superspar Ph2,Active,152,2026-04-30,2026-04,Realised,BDL Solar IN000785,3409.81,0,-3409.81,,15. Service Add On,BDL - Staubli MC4 Connectors for Jumpers between Modules
Superspar Ph2,Active,82,2026-05-31,2026-05,Unrealised,,34428,36632.69,2204.69,6.0,8. Product Add On ,O&M Performance Monitoring & Advisory Ph1 and Ph2 included
Swellengrebel,Active,21,2026-05-31,2026-05,Realised,Schletter - INV002925,27848,164555.29,136707.29,83.1,3. Mounting Structures,Schletter Structure
Swellengrebel,Active,32,2026-05-31,2026-05,Realised,Cosmic Sun Inv: CS_SGL_001,13464,13916.03,452.03,3.2,4. DC Equipment,Project Kick Off
Swellengrebel,Active,33,2026-05-31,2026-05,Realised,Cosmic Sun Inv: CS_SGL_002,20196,20874.05,678.05,3.2,4. DC Equipment,Site Establishment
Swellengrebel,Active,46,2026-05-31,2026-05,Realised,Matriarch - INV-7569,22338,32371.98,10033.98,31.0,5. Monitoring,Revenue Grade Meter (Production & Consumption)
Swellengrebel,Active,53,2026-05-31,2026-05,Realised,Switchboard - 2-SOI002960,134235.32,288594.45,154359.13,53.5,6. AC Equipment,PVDB
Swellengrebel,Active,58,2026-05-31,2026-05,Realised,Cosmic Sun Inv: CS_SGL_001,9580,20596.18,11016.18,53.5,6. AC Equipment,Project Kick Off
Swellengrebel,Active,59,2026-05-31,2026-05,Realised,Cosmic Sun Inv: CS_SGL_002,14370,30894.27,16524.27,53.5,6. AC Equipment,Site Establishment
Swellengrebel,Active,79,2026-05-31,2026-05,Realised,Barrier Projects - INV634,38360,44120.2,5760.2,13.1,8. Product Add On ,Inverter Cage - Barrier Projects
Swellengrebel,Active,80,2026-05-31,2026-05,Realised,Barrier Projects - INV634,16440,18908.66,2468.66,13.1,8. Product Add On ,Inverter Cage - Barrier Projects
Swellengrebel,Active,81,2026-05-31,2026-05,Realised,Ascend Rope - INV5064,12138.61,13961.37,1822.76,13.1,8. Product Add On ,Anchor Points - Ascend Rope
Swellengrebel,Active,83,2026-05-31,2026-05,Realised,Barrier Projects - INV634,51415,59135.56,7720.56,13.1,8. Product Add On ,Catladder - Barrier Projects
Swellengrebel,Active,84,2026-05-31,2026-05,Realised,Barrier Projects - INV634,22035,25343.81,3308.81,13.1,8. Product Add On ,Catladder - Barrier Projects
Swellengrebel,Active,85,2026-05-31,2026-05,Realised,Barrier Projects - INV634,3815.0,4387.87,572.87,13.1,8. Product Add On ,HSE file - deposit
Swellengrebel,Active,86,2026-05-31,2026-05,Realised,Barrier Projects - INV634,1635,1880.51,245.51,13.1,8. Product Add On ,HSE file - balance
Swellengrebel,Active,90,2026-05-31,2026-05,Realised,Cosmic Sun Inv: CS_SGL_001,37750,30550,-7200,-23.6,9. AC & DC installation,Project Kick Off
Swellengrebel,Active,91,2026-05-31,2026-05,Realised,Cosmic Sun Inv: CS_SGL_002,56625,45825,-10800,-23.6,9. AC & DC installation,Site Establishment
Swellengrebel,Active,106,2026-05-31,2026-05,Realised,Cosmic Sun Inv: CS_SGL_001,12452.85,2546.57,-9906.28,-389.0,10. Site Logistics,Project Kick Off
Swellengrebel,Active,107,2026-05-31,2026-05,Realised,Cosmic Sun Inv: CS_SGL_002,18679.27,3819.86,-14859.41,-389.0,10. Site Logistics,Site Establishment
Swellengrebel,Active,119,2026-05-31,2026-05,Unrealised,,7500,2147.77,-5352.23,-249.2,11. Due Dilligence,Structural Sign Off
Swellengrebel,Active,120,2026-05-31,2026-05,Realised,Okusha Engineering - EE27,84020,24060.71,-59959.29,-249.2,11. Due Dilligence,Grid Impact Study (Okusha)
Swellengrebel,Active,6,2026-06-30,2026-06,Planned,,795181,901927.57,106746.57,11.8,1. Panels,MSA - Jinko 620W- JKM620N-66HL4M Bifacial 
Swellengrebel,Active,14,2026-06-30,2026-06,Planned,,206611.05,243070.59,36459.54,15.0,2. Inverters,MSA - Huawei 100KTL
Swellengrebel,Active,28,2026-06-30,2026-06,Planned,,124000,128163.1,4163.1,3.2,4. DC Equipment,Heluklabel - DC Cable
Swellengrebel,Active,44,2026-06-30,2026-06,Planned,,8598.34,12460.62,3862.28,31.0,5. Monitoring,MSA - Smartlogger 3000
Swellengrebel,Active,45,2026-06-30,2026-06,Planned,,8842.5,12814.45,3971.95,31.0,5. Monitoring,"CTs, Router, Switch - AccuEnergy"
Swellengrebel,Active,82,2026-06-30,2026-06,Committed,Barrier Projects - INV634,12138.61,13961.37,1822.76,13.1,8. Product Add On ,Anchor Points - Ascend Rope
Swellengrebel,Active,124,2026-06-30,2026-06,Planned,,9560.26,0,-9560.26,,12. BDP Commission,BDP Commission
Swellengrebel,Active,135,2026-06-30,2026-06,Planned,,3123.75,4627.78,1504.03,32.5,14. General Expenses,Travel
Swellengrebel,Active,34,2026-07-31,2026-07,Planned,,26928,27832.06,904.06,3.2,4. DC Equipment,AC Installation Complete
Swellengrebel,Active,35,2026-07-31,2026-07,Planned,,33660,34790.08,1130.08,3.2,4. DC Equipment,DC Installation Complete
Swellengrebel,Active,36,2026-07-31,2026-07,Planned,,13464,13916.03,452.03,3.2,4. DC Equipment,Commissioning Complete
Swellengrebel,Active,37,2026-07-31,2026-07,Planned,,13464,13916.03,452.03,3.2,4. DC Equipment,Site De-establisment
Swellengrebel,Active,38,2026-07-31,2026-07,Planned,,6732,6958.02,226.02,3.2,4. DC Equipment,Handover Document Complete
Swellengrebel,Active,60,2026-07-31,2026-07,Planned,,19160,41192.36,22032.36,53.5,6. AC Equipment,AC Installation Complete
Swellengrebel,Active,61,2026-07-31,2026-07,Planned,,23950,51490.45,27540.45,53.5,6. AC Equipment,DC Installation Complete
Swellengrebel,Active,62,2026-07-31,2026-07,Planned,,9580,20596.18,11016.18,53.5,6. AC Equipment,Commissioning Complete
Swellengrebel,Active,63,2026-07-31,2026-07,Planned,,9580,20596.18,11016.18,53.5,6. AC Equipment,Site De-establisment
Swellengrebel,Active,64,2026-07-31,2026-07,Planned,,4790,10298.09,5508.09,53.5,6. AC Equipment,Handover Document Complete
Swellengrebel,Active,92,2026-07-31,2026-07,Planned,,75500,61100,-14400,-23.6,9. AC & DC installation,AC Installation Complete
Swellengrebel,Active,93,2026-07-31,2026-07,Planned,,94375,76375,-18000,-23.6,9. AC & DC installation,DC Installation Complete
Swellengrebel,Active,94,2026-07-31,2026-07,Planned,,37750,30550,-7200,-23.6,9. AC & DC installation,Commissioning Complete
Swellengrebel,Active,95,2026-07-31,2026-07,Planned,,37750,30550,-7200,-23.6,9. AC & DC installation,Site De-establisment
Swellengrebel,Active,96,2026-07-31,2026-07,Planned,,18875,15275,-3600,-23.6,9. AC & DC installation,Handover Document Complete
Swellengrebel,Active,108,2026-07-31,2026-07,Planned,,24905.7,5093.15,-19812.55,-389.0,10. Site Logistics,AC Installation Complete
Swellengrebel,Active,109,2026-07-31,2026-07,Planned,,31132.12,6366.43,-24765.69,-389.0,10. Site Logistics,DC Installation Complete
Swellengrebel,Active,110,2026-07-31,2026-07,Planned,,12452.85,2546.57,-9906.28,-389.0,10. Site Logistics,Commissioning Complete
Swellengrebel,Active,111,2026-07-31,2026-07,Planned,,12452.85,2546.57,-9906.28,-389.0,10. Site Logistics,Site De-establisment
Swellengrebel,Active,112,2026-07-31,2026-07,Planned,,6226.43,1273.29,-4953.14,-389.0,10. Site Logistics,Handover Document Complete
Swellengrebel,Active,118,2026-07-31,2026-07,Planned,,11000,3150.06,-7849.94,-249.2,11. Due Dilligence,Electrical PrEng sign off
Swellengrebel,Active,121,2026-07-31,2026-07,Planned,,10000,2863.69,-7136.31,-249.2,11. Due Dilligence,Red Team Inspection
Swellengrebel,Active,125,2026-07-31,2026-07,Planned,,9560.26,0,-9560.26,,12. BDP Commission,BDP Commission
Swellengrebel,Active,128,2026-07-31,2026-07,Planned,,33977.5,30349.25,-3628.25,-12.0,13. Engineering,Matriarch Defects Period - 1.25%
Swellengrebel,Active,136,2026-07-31,2026-07,Planned,,3123.75,4627.78,1504.03,32.5,14. General Expenses,Travel
Swellengrebel,Active,39,2026-08-31,2026-08,Planned,,6732,6958.02,226.02,3.2,4. DC Equipment,End of Defects Period
Swellengrebel,Active,65,2026-08-31,2026-08,Planned,,4790,10298.09,5508.09,53.5,6. AC Equipment,End of Defects Period
Swellengrebel,Active,97,2026-08-31,2026-08,Planned,,18875,15275,-3600,-23.6,9. AC & DC installation,End of Defects Period
Swellengrebel,Active,113,2026-08-31,2026-08,Planned,,6226.43,1273.29,-4953.14,-389.0,10. Site Logistics,End of Defects Period
Swellengrebel,Active,137,2026-08-31,2026-08,Planned,,3123.75,4627.78,1504.03,32.5,14. General Expenses,Travel
Topsteel,Active,119,2025-12-31,2025-12,Realised,L&B Consulting - Inv 2039 ,7500,8777.12,1277.12,14.6,11. Due Dilligence,Structural Sign Off
Topsteel,Active,135,2025-12-31,2025-12,Realised,Expense Claim,447.44,454.15,6.71,1.5,14. General Expenses,Travel
Topsteel,Active,6,2026-01-31,2026-01,Realised,MSA Energy INV0003560,546560,746843.5,200283.5,26.8,1. Panels,Panel Size -- 610W a
Topsteel,Active,14,2026-01-31,2026-01,Realised,MSA Energy INV0003560,206611.05,262500,55888.95,21.3,2. Inverters,Huawei 100KTL
Topsteel,Active,21,2026-01-31,2026-01,Realised,Schletter Inv: INV002586,45028,136640,91612,67.0,3. Mounting Structures,Schletter Structure
Topsteel,Active,28,2026-01-31,2026-01,Realised,MSA Energy INV0003560,83940,100958.2,17018.2,16.9,4. DC Equipment,DC Cable
Topsteel,Active,32,2026-01-31,2026-01,Realised,Cosmic Sun - CS_TPS_001,13417.28,16137.53,2720.25,16.9,4. DC Equipment,Project Kick Off
Topsteel,Active,33,2026-01-31,2026-01,Realised,Cosmic Sun - CS_TPS_002,20125.92,24206.29,4080.37,16.9,4. DC Equipment,Site Establishment
Topsteel,Active,44,2026-01-31,2026-01,Realised,MSA Energy INV0003560,8598.34,14013.0,5414.66,38.6,5. Monitoring,Smartlogger 3000
Topsteel,Active,45,2026-01-31,2026-01,Realised,Accuenergy Inv: ASAI-007261,13984.5,22791.0,8806.5,38.6,5. Monitoring,Comms DB
Topsteel,Active,58,2026-01-31,2026-01,Realised,Cosmic Sun - CS_TPS_001,7950,21328.62,13378.62,62.7,6. AC Equipment,Project Kick Off
Topsteel,Active,59,2026-01-31,2026-01,Realised,Cosmic Sun - CS_TPS_002,11925,31992.93,20067.93,62.7,6. AC Equipment,Site Establishment
Topsteel,Active,90,2026-01-31,2026-01,Realised,Cosmic Sun - CS_TPS_001,28665,24142.22,-4522.78,-18.7,9. AC & DC installation,Project Kick Off
Topsteel,Active,91,2026-01-31,2026-01,Realised,Cosmic Sun - CS_TPS_002,42997.5,36213.33,-6784.17,-18.7,9. AC & DC installation,Site Establishment
Topsteel,Active,106,2026-01-31,2026-01,Realised,Cosmic Sun - CS_TPS_001,1880,2457.64,577.64,23.5,10. Site Logistics,Project Kick Off
Topsteel,Active,107,2026-01-31,2026-01,Realised,Cosmic Sun - CS_TPS_002,2820,3686.46,866.46,23.5,10. Site Logistics,Site Establishment
Topsteel,Active,136,2026-01-31,2026-01,Realised,Expense Claim,1003.41,1070.89,67.48,6.3,14. General Expenses,Travel
Topsteel,Active,34,2026-02-28,2026-02,Realised,Cosmic Sun:  CS_TPS_004,26834.56,32275.06,5440.5,16.9,4. DC Equipment,AC Installation Complete
Topsteel,Active,35,2026-02-28,2026-02,Realised,Cosmic Sun: CS_TPS_003,33543.19,40343.82,6800.63,16.9,4. DC Equipment,DC Installation Complete
Topsteel,Active,46,2026-02-28,2026-02,Realised,Matriarch - INV-6577,11169,24405.48,13236.48,54.2,5. Monitoring,Revenue Grade Meter
Topsteel,Active,47,2026-02-28,2026-02,Realised,Uber,22.34,40.51,18.17,44.9,5. Monitoring,Delivery of Comms Equipment
Topsteel,Active,53,2026-02-28,2026-02,Realised,Swithboard - 2-SOI002862,83351.62,223619.5,140267.88,62.7,6. AC Equipment,PVDB
Topsteel,Active,60,2026-02-28,2026-02,Realised,Cosmic Sun:  CS_TPS_004,15900,42657.24,26757.24,62.7,6. AC Equipment,AC Installation Complete
Topsteel,Active,61,2026-02-28,2026-02,Realised,Cosmic Sun:  CS_TPS_003,19875,53321.55,33446.55,62.7,6. AC Equipment,DC Installation Complete
Topsteel,Active,92,2026-02-28,2026-02,Realised,Cosmic Sun:  CS_TPS_004,57330,48284.44,-9045.56,-18.7,9. AC & DC installation,AC Installation Complete
Topsteel,Active,93,2026-02-28,2026-02,Realised,Cosmic Sun:  CS_TPS_003,71662.5,60355.56,-11306.94,-18.7,9. AC & DC installation,DC Installation Complete
Topsteel,Active,102,2026-02-28,2026-02,Unrealised,,0,10588.76,10588.76,100.0,10. Site Logistics,Security
Topsteel,Active,108,2026-02-28,2026-02,Realised,Cosmic Sun:  CS_TPS_004,3760,13386.28,9626.28,71.9,10. Site Logistics,AC Installation Complete
Topsteel,Active,109,2026-02-28,2026-02,Realised,Cosmic Sun:  CS_TPS_003,4700,16732.85,12032.85,71.9,10. Site Logistics,DC Installation Complete
Topsteel,Active,118,2026-02-28,2026-02,Realised,Sunspot Inv: E044,8750,13457.56,4707.56,35.0,11. Due Dilligence,Electrical PrEng sign off
Topsteel,Active,120,2026-02-28,2026-02,Realised,Rubicon - INVRED-0139200,50000,68414.39,18414.39,26.9,11. Due Dilligence,SCADA for CoCT
Topsteel,Active,121,2026-02-28,2026-02,Realised,Uber,22,30.1,8.1,26.9,11. Due Dilligence,Delivery of SCADA
Topsteel,Active,137,2026-02-28,2026-02,Realised,Expense Claim,214.2,279.21,65.01,23.3,14. General Expenses,Travel
Topsteel,Active,36,2026-03-31,2026-03,Realised,Cosmic Sun:  CS_TPS_005,13417.28,16137.53,2720.25,16.9,4. DC Equipment,Commissioning Complete
Topsteel,Active,37,2026-03-31,2026-03,Realised,Cosmic Sun:  CS_TPS_006,13417.28,16137.53,2720.25,16.9,4. DC Equipment,Site De-establisment
Topsteel,Active,38,2026-03-31,2026-03,Realised,Cosmic Sun:  CS_TPS_007,6708.64,8068.76,1360.12,16.9,4. DC Equipment,Handover Document Complete
Topsteel,Active,62,2026-03-31,2026-03,Realised,Cosmic Sun:  CS_TPS_005,7950,21328.62,13378.62,62.7,6. AC Equipment,Commissioning Complete
Topsteel,Active,63,2026-03-31,2026-03,Realised,Cosmic Sun:  CS_TPS_006,7950,21328.62,13378.62,62.7,6. AC Equipment,Site De-establisment
Topsteel,Active,64,2026-03-31,2026-03,Realised,Cosmic Sun:  CS_TPS_007,3975,10664.31,6689.31,62.7,6. AC Equipment,Handover Document Complete
Topsteel,Active,94,2026-03-31,2026-03,Realised,Cosmic Sun:  CS_TPS_005,28665,24142.22,-4522.78,-18.7,9. AC & DC installation,Commissioning Complete
Topsteel,Active,95,2026-03-31,2026-03,Realised,Cosmic Sun:  CS_TPS_006,28665,24142.22,-4522.78,-18.7,9. AC & DC installation,Site De-establisment
Topsteel,Active,96,2026-03-31,2026-03,Realised,Cosmic Sun:  CS_TPS_007,14332.5,12071.11,-2261.39,-18.7,9. AC & DC installation,Handover Document Complete
Topsteel,Active,110,2026-03-31,2026-03,Realised,Cosmic Sun:  CS_TPS_005,1880,6693.14,4813.14,71.9,10. Site Logistics,Commissioning Complete
Topsteel,Active,111,2026-03-31,2026-03,Realised,Cosmic Sun:  CS_TPS_006,1880,6693.14,4813.14,71.9,10. Site Logistics,Site De-establisment
Topsteel,Active,112,2026-03-31,2026-03,Realised,Cosmic Sun:  CS_TPS_007,940,3346.57,2406.57,71.9,10. Site Logistics,Handover Document Complete
Topsteel,Active,122,2026-03-31,2026-03,Realised,Happy Solar INV-0357,6700,8209.73,1509.73,18.4,11. Due Dilligence,Red Team Inspection
Topsteel,Active,128,2026-03-31,2026-03,Realised,Matriarch -INV-6901,29322.95,26870.69,-2452.26,-9.1,13. Engineering,Matriarch Defects Period - 1.25%
Topsteel,Active,138,2026-03-31,2026-03,Realised,Expense Claim,499.95,784.38,284.43,36.3,14. General Expenses,Travel
Topsteel,Active,148,2026-03-31,2026-03,Realised,Uber: C/C TV 040301,96,0,-96,,15. Service Add On,Courier of COC
Topsteel,Active,39,2026-04-30,2026-04,Realised,Cosmic Sun: CS_TPS_008,6708.64,8068.76,1360.12,16.9,4. DC Equipment,End of Defects Period
Topsteel,Active,65,2026-04-30,2026-04,Realised,Cosmic Sun: CS_TPS_008,3975,10664.31,6689.31,62.7,6. AC Equipment,End of Defects Period
Topsteel,Active,97,2026-04-30,2026-04,Realised,Cosmic Sun: CS_TPS_008,14332.5,12071.11,-2261.39,-18.7,9. AC & DC installation,End of Defects Period
Topsteel,Active,113,2026-04-30,2026-04,Realised,Cosmic Sun: CS_TPS_008,940,3346.57,2406.57,71.9,10. Site Logistics,End of Defects Period
Topsteel,Active,139,2026-04-30,2026-04,Realised,Expense Claim,0,2661.36,2661.36,100.0,14. General Expenses,Travel
Trident Steel GP,Active,171,2026-01-31,2026-01,Realised,Cosmic Sun: CS_TRS_999,17160,0,-17160,,15. Service Add On,SSEG Additional Tests - Cosmic Sun
Tsakana Corner,Active,91,2025-09-30,2025-09,Realised,Cosmic Sun: CS_TSK_009,7275,0,-7275,,8. Product Add On ,CS - DB Stand
Tsakana Corner,Active,165,2025-09-30,2025-09,Unrealised,,0,17482.52,17482.52,100.0,15. Service Add On,Community Engagement
Tsakana Corner,Active,88,2025-10-31,2025-10,Realised,Cosmic Sun - CS_TSK_010,115500,0,-115500,,8. Product Add On ,CS - Waterproofing removing and reinstall panels - VO
Tsakana Corner,Active,153,2025-10-31,2025-10,Realised,Expense Claim,631.18,647.88,16.7,2.6,14. General Expenses,Travel
Tsakana Corner,Active,82,2025-11-30,2025-11,Realised,JRL Engineering INV00425,6341.4,0,-6341.4,,8. Product Add On ,Inverter Cage - Deposit
Tsakana Corner,Active,83,2025-11-30,2025-11,Realised,JRL Engineering INV00425,14796.6,0,-14796.6,,8. Product Add On ,Inverter Cage - Balance
Tsakana Corner,Active,84,2025-11-30,2025-11,Realised,JRL Engineering INV00426,6870,0,-6870,,8. Product Add On ,DB cage with Roof - Deposit
Tsakana Corner,Active,85,2025-11-30,2025-11,Realised,JRL Engineering INV00426,16030.0,0,-16030.0,,8. Product Add On ,DB cage with Roof - Balance
Tsakana Corner,Active,89,2025-11-30,2025-11,Realised,Cosmic Sun - CS_TSK_012,115500,0,-115500,,8. Product Add On ,CS - Waterproofing removing and reinstall panels - VO
Tsakana Corner,Active,92,2025-11-30,2025-11,Realised,Cosmic Sun - CS_TSK_011,6000,0,-6000,,8. Product Add On ,E Stop
Tsakana Corner,Active,86,2026-01-31,2026-01,Realised,Plumryt INV 024,16160,0,-16160,,8. Product Add On ,Waterpoints - Plumbryt - Deposit
Tsakana Corner,Active,87,2026-01-31,2026-01,Realised,Plumryt INV 024,4040,0,-4040,,8. Product Add On ,Waterpoints - Plumbryt - Balance
Tsakana Corner,Active,133,2026-02-28,2026-02,Realised,Matriarch - INV-6571,6000,9029.65,3029.65,33.6,11. Due Dilligence,Red Team Inspection
Tsakana Corner,Active,157,2026-02-28,2026-02,Realised,Expense Claim,1378.91,1410.44,31.53,2.2,14. General Expenses,Travel
Tsakana Corner,Active,167,2026-02-28,2026-02,Realised,Cosmic Sun: CS_TSK_013,30384.37,0,-30384.37,,15. Service Add On,Alternative Tie In - Cosmic Sun
Tsakana Corner,Active,168,2026-02-28,2026-02,Realised,Cosmic Sun - CS_TSK_014,30384.37,0,-30384.37,,15. Service Add On,
Tsakana Corner,Active,12,2026-03-31,2026-03,Realised,MSA Energy Inv: INV0003730,2319.37,0,-2319.37,,1. Panels,605W Panel + Delivery
Tsakana Corner,Active,131,2026-03-31,2026-03,Realised,Sunspot Investments E027,2314.3,0,-2314.3,,11. Due Dilligence,Electrical PrEng sign off
Tsakana Corner,Active,158,2026-03-31,2026-03,Realised,Expense Claim,733.1,0,-733.1,,14. General Expenses,Travel
Tsakana Corner,Active,90,2026-04-30,2026-04,Unrealised,,0,187500,187500,100.0,8. Product Add On ,Waterproofing
Tsakana Corner,Active,93,2026-04-30,2026-04,Realised,Cosmic Sun - CS_TSK_015,8061.46,0,-8061.46,,8. Product Add On ,AC cable tray cover - VO : Cosmic Sun
Tsakana Corner,Active,140,2026-04-30,2026-04,Realised,Matriarch - INV-7247,33706.81,106117.66,72410.85,68.2,13. Engineering,Matriarch Defects Period - 1.25%
Tsakana Corner,Active,159,2026-04-30,2026-04,Realised,Expense Claim,588.06,0,-588.06,,14. General Expenses,Travel
Unitrans Brackenfell,Active,22,2026-04-30,2026-04,Realised,WC Solutions- INV0504,184043.5,276691.79,92648.29,33.5,3. Mounting Structures,WC Ideal Solutions - Install new IBR sheeting - Deposit
Unitrans Brackenfell,Active,45,2026-04-30,2026-04,Realised,Accuenergy Inv: ASAI-008001,10882.5,3737.4,-7145.1,-191.2,5. Monitoring,CTs & Meters
Unitrans Brackenfell,Active,170,2026-04-30,2026-04,Realised,Expense Claim,826.64,0,-826.64,,14. General Expenses,Travel
Unitrans Brackenfell,Active,6,2026-05-31,2026-05,Realised,MSA Energy - INV-0003964,667306.0,820825.28,153519.28,18.7,1. Panels,Panel  Jinko - 620W - JKM620N-66HL4M-BDV
Unitrans Brackenfell,Active,21,2026-05-31,2026-05,Realised,Schletter - INV002883,81064,117901.67,36837.67,31.2,3. Mounting Structures,Structure Budget
Unitrans Brackenfell,Active,23,2026-05-31,2026-05,Realised,WC Solutions - INV0506,184043.5,267677.84,83634.34,31.2,3. Mounting Structures,WC Ideal Solutions - Install new IBR sheeting - Balance
Unitrans Brackenfell,Active,28,2026-05-31,2026-05,Realised,Helukabel - PSI0055768,62000,87728.63,25728.63,29.3,4. DC Equipment,DC Cable
Unitrans Brackenfell,Active,29,2026-05-31,2026-05,Realised,ABL Transport- 0398,4750,6721.15,1971.15,29.3,4. DC Equipment,Transport JHB - CPT
Unitrans Brackenfell,Active,32,2026-05-31,2026-05,Realised,Matthews Group - INV1633,6412.29,9073.24,2660.95,29.3,4. DC Equipment,Project Kick Off
Unitrans Brackenfell,Active,33,2026-05-31,2026-05,Realised,Matthews Group - INV1635,9618.43,13609.87,3991.44,29.3,4. DC Equipment,Site Establishment
Unitrans Brackenfell,Active,46,2026-05-31,2026-05,Unrealised,,15000,4974.84,-10025.16,-201.5,5. Monitoring,Revenue Grade Meter
Unitrans Brackenfell,Active,47,2026-05-31,2026-05,Realised,DSV Inv: 180176542,524.77,176.64,-348.13,-197.1,5. Monitoring,Delivery of Techsitter Meter
Unitrans Brackenfell,Active,59,2026-05-31,2026-05,Realised,Switchboard - 2-SOI003124,65600.24,33923.28,-31676.96,-93.4,6. AC Equipment,SWB - Containerised Inverter Housings - Contianer securement
Unitrans Brackenfell,Active,65,2026-05-31,2026-05,Realised,Matthews Group - INV1633,8397.24,4342.39,-4054.85,-93.4,6. AC Equipment,Project Kick Off
Unitrans Brackenfell,Active,66,2026-05-31,2026-05,Realised,Matthews Group - INV1635,12595.86,6513.59,-6082.27,-93.4,6. AC Equipment,Site Establishment
Unitrans Brackenfell,Active,77,2026-05-31,2026-05,Realised,MSA Energy - INV-0003934,204832.77,308738.6,103905.83,33.7,7.BESS,Huawei String Inverter 100kTL (3 required)
Unitrans Brackenfell,Active,79,2026-05-31,2026-05,Realised,MSA Energy - INV-0003934,1489877.44,2245649.79,755772.35,33.7,7.BESS,Luna 2000 Huawei 108kW/215kW (2Required)
Unitrans Brackenfell,Active,81,2026-05-31,2026-05,Realised,MSA Energy - INV-0003934,18426.96,27774.43,9347.47,33.7,7.BESS,Huawei Smartlogger 5000
Unitrans Brackenfell,Active,82,2026-05-31,2026-05,Realised,MSA Energy - INV-0003934,1218.27,1836.26,617.99,33.7,7.BESS,Huawei Smart Sensor
Unitrans Brackenfell,Active,83,2026-05-31,2026-05,Realised,MSA Energy - INV-0003934,4502.82,6786.97,2284.15,33.7,7.BESS,Huawei Smart Data expansion
Unitrans Brackenfell,Active,97,2026-05-31,2026-05,Realised,Lightning Protection - IN307932,28996.13,7305.3,-21690.83,-296.9,8. Product Add On ,LPS - Lighting and Earthing Protection system Solar Carport 
Unitrans Brackenfell,Active,110,2026-05-31,2026-05,Realised,Switchboard - 2-SOI003124,144123.57,36310.59,-107812.98,-296.9,8. Product Add On ,SWB - Containerised Inverter Housings - Contianer securement
Unitrans Brackenfell,Active,115,2026-05-31,2026-05,Realised,Fast Fire & Security - 111989,27588.51,6950.67,-20637.84,-296.9,8. Product Add On ,Fast Fire - Fire Suppression - Deposit
Unitrans Brackenfell,Active,118,2026-05-31,2026-05,Realised,Ask Fritz - 2605_009,262725,66191.11,-196533.89,-296.9,8. Product Add On ,Ask Fritz - Civil Works - Deposit
Unitrans Brackenfell,Active,119,2026-05-31,2026-05,Realised,Ask Fritz - 2605_009,87575,22063.7,-65511.3,-296.9,8. Product Add On ,Ask Fritz - Civil Works - Balance
Unitrans Brackenfell,Active,121,2026-05-31,2026-05,Unrealised,,3750,944.78,-2805.22,-296.9,8. Product Add On ,Container Clear Vu 
Unitrans Brackenfell,Active,122,2026-05-31,2026-05,Unrealised,,3000,755.82,-2244.18,-296.9,8. Product Add On ,Delivery to switchboard
Unitrans Brackenfell,Active,126,2026-05-31,2026-05,Realised,Matthews Group - INV1633,26409.23,22073.33,-4335.9,-19.6,9. AC & DC installation,Project Kick Off
Unitrans Brackenfell,Active,127,2026-05-31,2026-05,Realised,Matthews Group - INV1635,39613.84,33110.0,-6503.84,-19.6,9. AC & DC installation,Site Establishment
Unitrans Brackenfell,Active,142,2026-05-31,2026-05,Realised,Matthews Group - INV1633,2320.01,286.28,-2033.73,-710.4,10. Site Logistics,Project Kick Off
Unitrans Brackenfell,Active,143,2026-05-31,2026-05,Realised,Matthews Group - INV1635,3480.01,429.42,-3050.59,-710.4,10. Site Logistics,Site Establishment
Unitrans Brackenfell,Active,155,2026-05-31,2026-05,Realised,Rubicon - INVRED-0145728,52500,65467.63,12967.63,19.8,11. Due Dilligence,SCADA for CoCT
Unitrans Brackenfell,Active,171,2026-05-31,2026-05,Unrealised,,600,0,-600,,14. General Expenses,Travel
Unitrans Brackenfell,Active,185,2026-05-31,2026-05,Realised,Robyn Simson Inv: 233,42705,0,-42705,,15. Service Add On,
Unitrans Brackenfell,Active,24,2026-06-30,2026-06,Planned,,15125,18150,3025,16.7,3. Mounting Structures,WC Ideal Solutions - Additional IBR Sheeting - VO (Recover f
Unitrans Brackenfell,Active,35,2026-06-30,2026-06,Planned,,16030.72,22683.11,6652.39,29.3,4. DC Equipment,DC Installation Complete
Unitrans Brackenfell,Active,60,2026-06-30,2026-06,Planned,,43733.49,22615.52,-21117.97,-93.4,6. AC Equipment,SWB - Containerised Inverter Housings - 20% fitment
Unitrans Brackenfell,Active,61,2026-06-30,2026-06,Planned,,43733.49,22615.52,-21117.97,-93.4,6. AC Equipment,SWB - Containerised Inverter Housings - 20% on Delivery
Unitrans Brackenfell,Active,62,2026-06-30,2026-06,Planned,,65600.24,33923.28,-31676.96,-93.4,6. AC Equipment,SWB - Containerised Inverter Housings - Final Payment 30%
Unitrans Brackenfell,Active,68,2026-06-30,2026-06,Planned,,20993.1,10855.98,-10137.12,-93.4,6. AC Equipment,DC Installation Complete
Unitrans Brackenfell,Active,92,2026-06-30,2026-06,Planned,,30000,45218.14,15218.14,33.7,7.BESS,BESS Backup Supply- Huawei/Luna requirement
Unitrans Brackenfell,Active,96,2026-06-30,2026-06,Planned,,8000,2015.53,-5984.47,-296.9,8. Product Add On ,1x Waterpoint
Unitrans Brackenfell,Active,98,2026-06-30,2026-06,Planned,,28996.13,7305.3,-21690.83,-296.9,8. Product Add On ,LPS - Lighting and Earthing Protection system Solar Carport 
Unitrans Brackenfell,Active,111,2026-06-30,2026-06,Planned,,96082.38,24207.06,-71875.32,-296.9,8. Product Add On ,SWB - Containerised Inverter Housings - 20% fitment
Unitrans Brackenfell,Active,112,2026-06-30,2026-06,Planned,,96082.38,24207.06,-71875.32,-296.9,8. Product Add On ,SWB - Containerised Inverter Housings - 20% on Delivery
Unitrans Brackenfell,Active,113,2026-06-30,2026-06,Planned,,144123.57,36310.59,-107812.98,-296.9,8. Product Add On ,SWB - Containerised Inverter Housings - Final Payment 30%
Unitrans Brackenfell,Active,116,2026-06-30,2026-06,Planned,,27588.51,6950.67,-20637.84,-296.9,8. Product Add On ,Fast Fire - Fire Suppression - Balance on commissioning
Unitrans Brackenfell,Active,129,2026-06-30,2026-06,Planned,,66023.07,55183.33,-10839.74,-19.6,9. AC & DC installation,DC Installation Complete
Unitrans Brackenfell,Active,139,2026-06-30,2026-06,Planned,,60000,7403.84,-52596.16,-710.4,10. Site Logistics,Rigging
Unitrans Brackenfell,Active,145,2026-06-30,2026-06,Planned,,5800.02,715.71,-5084.31,-710.4,10. Site Logistics,DC Installation Complete
Unitrans Brackenfell,Active,172,2026-06-30,2026-06,Planned,,600,0,-600,,14. General Expenses,Travel
Unitrans Brackenfell,Active,34,2026-07-31,2026-07,Planned,,12824.57,18146.49,5321.92,29.3,4. DC Equipment,AC Installation Complete
Unitrans Brackenfell,Active,36,2026-07-31,2026-07,Planned,,6412.29,9073.24,2660.95,29.3,4. DC Equipment,Commissioning Complete
Unitrans Brackenfell,Active,37,2026-07-31,2026-07,Planned,,9618.43,13609.87,3991.44,29.3,4. DC Equipment,Handover Document Complete
Unitrans Brackenfell,Active,67,2026-07-31,2026-07,Planned,,16794.48,8684.78,-8109.7,-93.4,6. AC Equipment,AC Installation Complete
Unitrans Brackenfell,Active,69,2026-07-31,2026-07,Planned,,8397.24,4342.39,-4054.85,-93.4,6. AC Equipment,Commissioning Complete
Unitrans Brackenfell,Active,70,2026-07-31,2026-07,Planned,,12595.86,6513.59,-6082.27,-93.4,6. AC Equipment,Handover Document Complete
Unitrans Brackenfell,Active,78,2026-07-31,2026-07,Planned,,34250.73,51625.15,17374.42,33.7,7.BESS,Huawei 100kTL 5 year warranty extension (Total 10 years) - O
Unitrans Brackenfell,Active,80,2026-07-31,2026-07,Planned,,116003.62,174848.95,58845.33,33.7,7.BESS,Luna 215kWh warranty 5 years (Total 10 Years) - Major deviat
Unitrans Brackenfell,Active,128,2026-07-31,2026-07,Planned,,52818.46,44146.67,-8671.79,-19.6,9. AC & DC installation,AC Installation Complete
Unitrans Brackenfell,Active,130,2026-07-31,2026-07,Planned,,26409.23,22073.33,-4335.9,-19.6,9. AC & DC installation,Commissioning Complete
Unitrans Brackenfell,Active,131,2026-07-31,2026-07,Planned,,39613.84,33110.0,-6503.84,-19.6,9. AC & DC installation,Handover Document Complete
Unitrans Brackenfell,Active,144,2026-07-31,2026-07,Planned,,4640.02,572.57,-4067.45,-710.4,10. Site Logistics,AC Installation Complete
Unitrans Brackenfell,Active,146,2026-07-31,2026-07,Planned,,2320.01,286.28,-2033.73,-710.4,10. Site Logistics,Commissioning Complete
Unitrans Brackenfell,Active,147,2026-07-31,2026-07,Planned,,3480.01,429.42,-3050.59,-710.4,10. Site Logistics,Handover Document Complete
Unitrans Brackenfell,Active,154,2026-07-31,2026-07,Planned,,11000,13717.03,2717.03,19.8,11. Due Dilligence,Electrical PrEng sign off
Unitrans Brackenfell,Active,163,2026-07-31,2026-07,Planned,,66672.49,65482.85,-1189.64,-1.8,13. Engineering,Matriarch Defects Period - 1.25%
Unitrans Brackenfell,Active,173,2026-07-31,2026-07,Planned,,600,0,-600,,14. General Expenses,Travel
Unitrans Brackenfell,Active,38,2026-08-31,2026-08,Planned,,3206.14,4536.62,1330.48,29.3,4. DC Equipment,End of Defects Period
Unitrans Brackenfell,Active,71,2026-08-31,2026-08,Planned,,4198.62,2171.2,-2027.42,-93.4,6. AC Equipment,End of Defects Period
Unitrans Brackenfell,Active,132,2026-08-31,2026-08,Planned,,13204.61,11036.67,-2167.94,-19.6,9. AC & DC installation,End of Defects Period
Unitrans Brackenfell,Active,148,2026-08-31,2026-08,Planned,,1160.0,143.14,-1016.86,-710.4,10. Site Logistics,End of Defects Period
Unitrans Brackenfell,Active,157,2026-08-31,2026-08,Planned,,6000,7482.01,1482.01,19.8,11. Due Dilligence,Red Team Inspection
Unitrans Brackenfell,Active,174,2026-08-31,2026-08,Planned,,600,0,-600,,14. General Expenses,Travel
Unitrans Brackenfell,Active,183,2026-08-31,2026-08,Planned,,150000,0,-150000,,15. Service Add On,Post Commissioning Provision
Upper_East_Side_Hotel,Active,89,2025-09-30,2025-09,Realised,Red Pole - SO-35912,975,0,-975,,8. Product Add On ,Lithium Battery
Upper_East_Side_Hotel,Active,87,2025-10-31,2025-10,Realised,INV000336,60101.68,0,-60101.68,,8. Product Add On ,Anchor Points
Upper_East_Side_Hotel,Active,88,2025-10-31,2025-10,Realised,INV000336,60101.68,0,-60101.68,,8. Product Add On ,
Upper_East_Side_Hotel,Active,127,2025-10-31,2025-10,Realised,City of Cape Town - 708360339,35409.13,66714.99,31305.86,46.9,11. Due Dilligence,Grid Study
Upper_East_Side_Hotel,Active,147,2025-10-31,2025-10,Realised,Expense Claim,95.2,295.24,200.04,67.8,14. General Expenses,Travel
Upper_East_Side_Hotel,Active,91,2025-11-30,2025-11,Realised,FMS Property - INV22455,2292374,1993368.7,-299005.3,-15.0,8. Product Add On ,
Upper_East_Side_Hotel,Active,97,2025-11-30,2025-11,Realised,Cosmic Sun - CS_UES_003,95340,87414.12,-7925.88,-9.1,9. AC & DC installation,AC Installation Complete
Upper_East_Side_Hotel,Active,114,2025-11-30,2025-11,Realised,Cosmic Sun - CS_UES_003,30209.5,13672.11,-16537.39,-121.0,10. Site Logistics,AC Installation Complete
Upper_East_Side_Hotel,Active,149,2025-12-31,2025-12,Realised,Expense Claim,104.72,419.62,314.9,75.0,14. General Expenses,Travel
Upper_East_Side_Hotel,Active,29,2026-01-31,2026-01,Realised,Rubicon INVRED-0137860,126000,0,-126000,,4. DC Equipment,DC Cable
Upper_East_Side_Hotel,Active,7,2026-02-28,2026-02,Realised,MSA Energy INV0003593,2301,0,-2301,,1. Panels,Replacement panels
Upper_East_Side_Hotel,Active,8,2026-02-28,2026-02,Realised,MSA Energy INV0003593,400,0,-400,,1. Panels,Transport
Upper_East_Side_Hotel,Active,98,2026-02-28,2026-02,Realised,Cosmic Sun - CS_UES_003,119175,109267.65,-9907.35,-9.1,9. AC & DC installation,DC Installation Complete
Upper_East_Side_Hotel,Active,99,2026-02-28,2026-02,Realised,Cosmic Sun - CS_UES_003,47670,43707.06,-3962.94,-9.1,9. AC & DC installation,Commissioning Complete
Upper_East_Side_Hotel,Active,100,2026-02-28,2026-02,Realised,Cosmic Sun - CS_UES_003,47670,43707.06,-3962.94,-9.1,9. AC & DC installation,Site De-establisment
Upper_East_Side_Hotel,Active,101,2026-02-28,2026-02,Realised,Cosmic Sun - CS_UES_003,23835,21853.53,-1981.47,-9.1,9. AC & DC installation,Handover Document Complete
Upper_East_Side_Hotel,Active,102,2026-02-28,2026-02,Realised,Cosmic Sun - CS_UES_003,23835,21853.53,-1981.47,-9.1,9. AC & DC installation,End of Defects Period
Upper_East_Side_Hotel,Active,116,2026-02-28,2026-02,Realised,Cosmic Sun - CS_UES_003,37761.88,17090.15,-20671.73,-121.0,10. Site Logistics,DC Installation Complete
Upper_East_Side_Hotel,Active,117,2026-02-28,2026-02,Realised,Cosmic Sun - CS_UES_003,15104.75,6836.06,-8268.69,-121.0,10. Site Logistics,Commissioning Complete
Upper_East_Side_Hotel,Active,118,2026-02-28,2026-02,Realised,Cosmic Sun - CS_UES_003,15104.75,6836.06,-8268.69,-121.0,10. Site Logistics,Site De-establisment
Upper_East_Side_Hotel,Active,119,2026-02-28,2026-02,Realised,Cosmic Sun - CS_UES_003,7552.38,3418.03,-4134.35,-121.0,10. Site Logistics,Handover Document Complete
Upper_East_Side_Hotel,Active,120,2026-02-28,2026-02,Realised,Cosmic Sun - CS_UES_003,7552.38,3418.03,-4134.35,-121.0,10. Site Logistics,End of Defects Period
Upper_East_Side_Hotel,Active,125,2026-02-28,2026-02,Realised,SunSpot Investments E041,7875,11797.35,3922.35,33.2,11. Due Dilligence,Electrical PrEng sign off
Upper_East_Side_Hotel,Active,128,2026-02-28,2026-02,Realised,Matriarch - INV-6571,8000,14291.77,6291.77,44.0,11. Due Dilligence,Red Team
Upper_East_Side_Hotel,Active,48,2026-03-31,2026-03,Realised,Allocated to Gillwell Mall,-54000,48475.19,102475.19,211.4,5. Monitoring,Apex Edge device to be allocated to Gillwell Mall
Upper_East_Side_Hotel,Active,152,2026-03-31,2026-03,Realised,Expense Claim,217.8,1153.14,935.34,81.1,14. General Expenses,Travel
Upper_East_Side_Hotel,Active,134,2026-04-30,2026-04,Realised,Matriarch - INV-7247,58003.72,266056.79,208053.07,78.2,13. Engineering,Matriarch Defects Period - 1.25%
Upper_East_Side_Hotel,Active,153,2026-04-30,2026-04,Realised,Expense Claim,108.9,6418.99,6310.09,98.3,14. General Expenses,Travel
Volvo Moffet,Active,136,2026-04-30,2026-04,Realised,Expense Claim,24.75,35.33,10.58,29.9,14. General Expenses,Travel
Volvo Moffet,Active,6,2026-05-31,2026-05,Realised,MSA Energy - INV-0003945,99200,130912.37,31712.37,24.2,1. Panels,Jinko Solar - JKM620N-66HL4M-BDV
Volvo Moffet,Active,21,2026-05-31,2026-05,Realised,Schletter Inv: 002884,12159.3,22044.44,9885.14,44.8,3. Mounting Structures,Schletter Structure
Volvo Moffet,Active,28,2026-05-31,2026-05,Realised,Rubicon - INVRED-0146047,8450,8275.9,-174.1,-2.1,4. DC Equipment,Rubicon - DC Cable
Volvo Moffet,Active,32,2026-05-31,2026-05,Realised,Luken Solar - INV-0734,2717.62,2661.63,-55.99,-2.1,4. DC Equipment,Project Kick Off
Volvo Moffet,Active,33,2026-05-31,2026-05,Realised,Luken Solar - INV-0735,4076.44,3992.45,-83.99,-2.1,4. DC Equipment,Site Establishment
Volvo Moffet,Active,34,2026-05-31,2026-05,Realised,Luken Solar - INV-0742,5435.25,5323.26,-111.99,-2.1,4. DC Equipment,AC Installation Complete
Volvo Moffet,Active,35,2026-05-31,2026-05,Realised,Luken Solar - INV-0743,6794.06,6654.08,-139.98,-2.1,4. DC Equipment,DC Installation Complete
Volvo Moffet,Active,44,2026-05-31,2026-05,Realised,AccuEnergy - ASAI-008132,8697.5,0,-8697.5,,5. Monitoring,Ct's & Router comms equipment
Volvo Moffet,Active,45,2026-05-31,2026-05,Realised,DSV Inv: 180178223,291.61,0,-291.61,,5. Monitoring,Delivery of Comms Equip
Volvo Moffet,Active,46,2026-05-31,2026-05,Realised,Switchboard Inv: 2-SOI003208,3992.8,0,-3992.8,,5. Monitoring,Battery & Power Supply 
Volvo Moffet,Active,47,2026-05-31,2026-05,Realised,Matriarch - INV-7566,11169,0,-11169,,5. Monitoring,Revenue Grade Meter
Volvo Moffet,Active,48,2026-05-31,2026-05,Realised,DSV Inv: 180178223,391.75,0,-391.75,,5. Monitoring,Delivery of Techsitter
Volvo Moffet,Active,49,2026-05-31,2026-05,Realised,Switchboard Inv: 2-SOI003208,4072.07,0,-4072.07,,5. Monitoring,SWB - ABB SPD
Volvo Moffet,Active,55,2026-05-31,2026-05,Unrealised,,22457,17413.32,-5043.68,-29.0,6. AC Equipment,Eastern Switchgear - Comms Cabinet & Tie In Breaker Kiosk
Volvo Moffet,Active,56,2026-05-31,2026-05,Unrealised,,-4000,-3101.63,898.37,-29.0,6. AC Equipment,Recover SPD cost from Eastern Switchgear
Volvo Moffet,Active,60,2026-05-31,2026-05,Realised,Luken Solar - INV-0734,2032.19,1575.78,-456.41,-29.0,6. AC Equipment,Project Kick Off
Volvo Moffet,Active,61,2026-05-31,2026-05,Realised,Luken Solar - INV-0735,3048.29,2363.66,-684.63,-29.0,6. AC Equipment,Site Establishment
Volvo Moffet,Active,63,2026-05-31,2026-05,Realised,Luken Solar - INV-0743,5080.48,3939.44,-1141.04,-29.0,6. AC Equipment,DC Installation Complete
Volvo Moffet,Active,72,2026-05-31,2026-05,Realised,SIAAC : CINV019601,193808.17,398532.61,204724.44,51.4,7.BESS,Siaac - Battery Inverter + Battery Bank
Volvo Moffet,Active,92,2026-05-31,2026-05,Realised,Luken Solar - INV-0734,4723.81,3659.38,-1064.43,-29.1,9. AC & DC installation,Project Kick Off
Volvo Moffet,Active,93,2026-05-31,2026-05,Realised,Luken Solar - INV-0735,7085.71,5489.07,-1596.64,-29.1,9. AC & DC installation,Site Establishment
Volvo Moffet,Active,94,2026-05-31,2026-05,Realised,Luken Solar - INV-0742,9447.62,7318.76,-2128.86,-29.1,9. AC & DC installation,AC Installation Complete
Volvo Moffet,Active,95,2026-05-31,2026-05,Realised,Luken Solar - INV-0743,11809.52,9148.44,-2661.08,-29.1,9. AC & DC installation,DC Installation Complete
Volvo Moffet,Active,108,2026-05-31,2026-05,Realised,Luken Solar - INV-0734,3322.5,287.69,-3034.81,-1054.9,10. Site Logistics,Project Kick Off
Volvo Moffet,Active,109,2026-05-31,2026-05,Realised,Luken Solar - INV-0735,4983.75,431.54,-4552.21,-1054.9,10. Site Logistics,Site Establishment
Volvo Moffet,Active,110,2026-05-31,2026-05,Realised,Luken Solar - INV-0742,6645,575.38,-6069.62,-1054.9,10. Site Logistics,AC Installation Complete
Volvo Moffet,Active,111,2026-05-31,2026-05,Realised,Luken Solar - INV-0743,8306.25,719.23,-7587.02,-1054.9,10. Site Logistics,DC Installation Complete
Volvo Moffet,Active,137,2026-05-31,2026-05,Unrealised,,218.75,312.3,93.55,30.0,14. General Expenses,Travel
Volvo Moffet,Active,36,2026-06-30,2026-06,Planned,,2717.62,2661.63,-55.99,-2.1,4. DC Equipment,Commissioning Complete
Volvo Moffet,Active,37,2026-06-30,2026-06,Planned,,4076.44,3992.45,-83.99,-2.1,4. DC Equipment,Handover Document Complete
Volvo Moffet,Active,62,2026-06-30,2026-06,Realised,Luken Solar - INV-0742,4064.38,3151.55,-912.83,-29.0,6. AC Equipment,AC Installation Complete
Volvo Moffet,Active,64,2026-06-30,2026-06,Planned,,2032.19,1575.78,-456.41,-29.0,6. AC Equipment,Commissioning Complete
Volvo Moffet,Active,65,2026-06-30,2026-06,Planned,,3048.29,2363.66,-684.63,-29.0,6. AC Equipment,Handover Document Complete
Volvo Moffet,Active,81,2026-06-30,2026-06,Planned,,35000,48611.11,13611.11,28.0,8. Product Add On ,Steelwork - BESS Cage - Deposit
Volvo Moffet,Active,82,2026-06-30,2026-06,Planned,,15000,20833.33,5833.33,28.0,8. Product Add On ,Steelwork - BESS Cage - Balance
Volvo Moffet,Active,96,2026-06-30,2026-06,Planned,,4723.81,3659.38,-1064.43,-29.1,9. AC & DC installation,Commissioning Complete
Volvo Moffet,Active,97,2026-06-30,2026-06,Planned,,7085.71,5489.07,-1596.64,-29.1,9. AC & DC installation,Handover Document Complete
Volvo Moffet,Active,112,2026-06-30,2026-06,Planned,,3322.5,287.69,-3034.81,-1054.9,10. Site Logistics,Commissioning Complete
Volvo Moffet,Active,113,2026-06-30,2026-06,Planned,,4983.75,431.54,-4552.21,-1054.9,10. Site Logistics,Handover Document Complete
Volvo Moffet,Active,120,2026-06-30,2026-06,Planned,,11000,7908.5,-3091.5,-39.1,11. Due Dilligence,Electrical PrEng sign off
Volvo Moffet,Active,123,2026-06-30,2026-06,Planned,,6000,4313.73,-1686.27,-39.1,11. Due Dilligence,Red Team Inspection
Volvo Moffet,Active,129,2026-06-30,2026-06,Planned,,9330.94,7914.59,-1416.35,-17.9,13. Engineering,Matriarch Defects Period - 1.25%
Volvo Moffet,Active,138,2026-06-30,2026-06,Planned,,218.75,312.3,93.55,30.0,14. General Expenses,Travel
Volvo Moffet,Active,38,2026-07-31,2026-07,Planned,,1358.81,1330.82,-27.99,-2.1,4. DC Equipment,End of Defects Period
Volvo Moffet,Active,66,2026-07-31,2026-07,Planned,,1016.1,787.89,-228.21,-29.0,6. AC Equipment,End of Defects Period
Volvo Moffet,Active,98,2026-07-31,2026-07,Planned,,2361.9,1829.69,-532.21,-29.1,9. AC & DC installation,End of Defects Period
Volvo Moffet,Active,114,2026-07-31,2026-07,Planned,,1661.25,143.85,-1517.4,-1054.8,10. Site Logistics,End of Defects Period
Volvo Moffet,Active,139,2026-07-31,2026-07,Planned,,218.75,312.3,93.55,30.0,14. General Expenses,Travel
Westway Centre BESS,Past,71,2026-02-28,2026-02,Realised,SIAAC - CINV018722,69250,98686.93,29436.93,29.8,7.BESS,SigenStack 50kW Hybrid Inverter
Westway Centre BESS,Past,72,2026-02-28,2026-02,Realised,SIAAC - CINV018722,308000,438925.27,130925.27,29.8,7.BESS,SigenStack Battery 12kWh
Westway Centre BESS,Past,73,2026-02-28,2026-02,Realised,SIAAC - CINV018722,7300,10403.1,3103.1,29.8,7.BESS,Sigen Power Sensor
Westway Centre BESS,Past,74,2026-02-28,2026-02,Realised,SIAAC - CINV018722,57800,82369.74,24569.74,29.8,7.BESS,SigenStack Battery controller
Westway Centre BESS,Past,75,2026-02-28,2026-02,Realised,SIAAC - CINV018722,29300,41754.9,12454.9,29.8,7.BESS,SigenStack Accessories 
Westway Centre BESS,Past,77,2026-02-28,2026-02,Realised,BDL Solar : IN000774,35283.5,50281.88,14998.38,29.8,7.BESS,Installation - Deposit
Westway Centre BESS,Past,78,2026-02-28,2026-02,Realised,BDL Solar : IN000775,21170.1,30169.13,8999.03,29.8,7.BESS,Installation - Commissioning Complete
Westway Centre BESS,Past,79,2026-02-28,2026-02,Realised,BDL Solar - IN000776,14113.4,20112.75,5999.35,29.8,7.BESS,Installation - End of Defects - 30 Days
Westway Centre BESS,Past,82,2026-02-28,2026-02,Realised,BDL Solar : IN000774,13797,19661.86,5864.86,29.8,7.BESS,Installer Equipment - Deposit
Westway Centre BESS,Past,83,2026-02-28,2026-02,Realised,BDL Solar : IN000775,8278,11796.83,3518.83,29.8,7.BESS,Installer Equipment - Balance
Westway Centre BESS,Past,84,2026-02-28,2026-02,Realised,BDL Solar - IN000776,5518.8,7864.74,2345.94,29.8,7.BESS,Installer Equipment - End of Defects - 30 Days
Westway Centre BESS,Past,88,2026-02-28,2026-02,Realised,Accuenergy Invoice: ASAI-007441,3970,5657.58,1687.58,29.8,7.BESS,CTs
Westway Centre BESS,Past,90,2026-02-28,2026-02,Realised,SIAAC - CINV018880,3650,5201.55,1551.55,29.8,7.BESS,Sigen Power Sensor Three Phase TPX-CH
Westway Centre BESS,Past,155,2026-02-28,2026-02,Realised,Expense Claim,195.16,243.67,48.51,19.9,14. General Expenses,Travel
Westway Centre BESS,Past,93,2026-03-31,2026-03,Realised,Transfire - IN-19701,5193.45,0,-5193.45,,7.BESS,Lith-Ex 9 Liter Extinguisher
Westway Centre BESS,Past,148,2026-03-31,2026-03,Realised,Matriarch -INV-6901,10298.23,0,-10298.23,,13. Engineering,Matriarch Defects Period
Westway Centre BESS,Past,156,2026-03-31,2026-03,Realised,Expense Claim,247.25,327.39,80.14,24.5,14. General Expenses,Travel
Westway Centre BESS,Past,95,2026-04-30,2026-04,Realised,SIAAC - CINV019159,38500,0,-38500,,7.BESS,"SigenStack BAT12,0kWh"
Westway Centre BESS,Past,157,2026-04-30,2026-04,Realised,Expense Claim,0,400.94,400.94,100.0,14. General Expenses,Travel
Westway Centre BESS,Past,169,2026-04-30,2026-04,Realised,BDL Solar - IN000784,1500,0,-1500,,15. Service Add On,BDL - Install Additional 12kwh Battery & Commision
